[28Sep2026 01:52:02.508] [main/INFO] [net.neoforged.fml.startup.Entrypoint/]: JVM Uptime at startup: 193ms
[28Sep2026 01:52:03.634] [main/INFO] [net.neoforged.fml.loading.FMLLoader/]: Starting FancyModLoader version 11.0.15 (CLIENT in PROD)
[28Sep2026 01:52:03.634] [main/INFO] [net.neoforged.fml.loading.FMLLoader/]: Game directory: /home/runner/work/crossblades/crossblades/run
[28Sep2026 01:52:03.862] [main/INFO] [net.neoforged.fml.loading.EarlyServiceDiscovery/]: Found 2 early service jars (out of 91) in 32ms
[28Sep2026 01:52:03.863] [main/INFO] [net.neoforged.fml.loading.FMLLoader/]: Loading FML Early Services:
[28Sep2026 01:52:03.863] [main/INFO] [net.neoforged.fml.loading.FMLLoader/]:  - /home/runner/.minecraft/libraries/net/neoforged/fancymodloader/loader/11.0.15/loader-11.0.15.jar
[28Sep2026 01:52:03.863] [main/INFO] [net.neoforged.fml.loading.FMLLoader/]:  - /home/runner/.minecraft/libraries/net/neoforged/fancymodloader/earlydisplay/11.0.15/earlydisplay-11.0.15.jar
[28Sep2026 01:52:04.022] [main/INFO] [net.neoforged.fml.loading.ImmediateWindowHandler/]: Loading ImmediateWindowProvider fmlearlywindow
[28Sep2026 01:52:10.019] [ForkJoinPool.commonPool-worker-1/INFO] [net.neoforged.fml.loading.moddiscovery.locators.GameLocator/]: Marking unmodified client jar as claimed to prevent loading: /home/runner/.minecraft/versions/neoforge-26.1.2.111/neoforge-26.1.2.111.jar
[28Sep2026 01:52:10.024] [ForkJoinPool.commonPool-worker-1/INFO] [net.neoforged.fml.loading.moddiscovery.locators.GameLocator/]: Failed to find common Minecraft classes and resources on the classpath. Assuming we're launching production.
[28Sep2026 01:52:10.073] [fml-loadingscreen/INFO] [net.neoforged.fml.earlydisplay.render.LoadingScreenRenderer/]: GL info: llvmpipe (LLVM 20.1.2, 256 bits) GL version 4.5 (Core Profile) Mesa 25.2.8-0ubuntu0.24.04.2, Mesa
[28Sep2026 01:52:10.256] [ForkJoinPool.commonPool-worker-1/INFO] [net.neoforged.fml.loading.moddiscovery.locators.JarInJarDependencyLocator/]: Found 4 dependencies adding them to mods collection
[28Sep2026 01:52:10.263] [ForkJoinPool.commonPool-worker-1/INFO] [net.neoforged.fml.loading.moddiscovery.ModDiscoverer/]: 
     Mod List:
		Name Version (Mod Id)

		Crossblades 0.2.0 (crossblades)
		MC-Runtime-Test 26.1.2-4.5.1 (mc_runtime_test)
		Minecraft 26.1.2 (minecraft)
		NeoForge 26.1.2.111 (neoforge)
		Player Animation Library 1.2.6+mc.26.1 (player_animation_library)
[28Sep2026 01:52:10.440] [main/INFO] [mixin/]: SpongePowered MIXIN Subsystem Version=0.8.7 Source=file:/home/runner/.minecraft/libraries/net/fabricmc/sponge-mixin/0.17.3+mixin.0.8.7/sponge-mixin-0.17.3+mixin.0.8.7.jar Service=FML Env=CLIENT
[28Sep2026 01:52:10.469] [main/INFO] [net.neoforged.fml.loading.FMLLoader/]: Loading FML Plugins:
[28Sep2026 01:52:10.470] [main/INFO] [net.neoforged.fml.loading.FMLLoader/]:  - mods/player-animation-library.jar > services-1.2.8.jar
[28Sep2026 01:52:10.470] [main/INFO] [net.neoforged.fml.loading.FMLLoader/]:  - ~libraries/net/neoforged/neoforge/26.1.2.111/neoforge-26.1.2.111-universal.jar > net.neoforged.neoforge-coremods-26.1.2.111.jar
[28Sep2026 01:52:10.565] [main/INFO] [net.neoforged.fml.loading.FMLLoader/]: Building game content classloader:
 - crossblades (jar(mods/crossblades-neoforge-26.1.2-0.2.0.jar))
 - mc_runtime_test (jar(mods/mc-runtime-test-26.1.2-4.5.1-neoforge-release.jar))
 - minecraft (jar(~libraries/net/neoforged/minecraft-client-patched/26.1.2.111/minecraft-client-patched-26.1.2.111.jar))
 - mixinextras.neoforge (jar(~libraries/net/neoforged/neoforge/26.1.2.111/neoforge-26.1.2.111-universal.jar > mixinextras-neoforge-0.5.4.jar))
 - mochafloats (jar(mods/player-animation-library.jar > mochafloats-5.0.0.jar))
 - neoforge (jar(~libraries/net/neoforged/neoforge/26.1.2.111/neoforge-26.1.2.111-universal.jar))
 - net.neoforged.fml.generated (empty(VirtualJar/net.neoforged.fml.generated))
 - player_animation_library (jar(mods/player-animation-library.jar))
[28Sep2026 01:52:10.588] [main/INFO] [net.neoforged.fml.loading.FMLLoader/]: Built game content classloader in 32ms
[28Sep2026 01:52:12.113] [Datafixer Bootstrap/INFO] [com.mojang.datafixers.DataFixerBuilder/]: 294 Datafixer optimizations took 321 milliseconds
[28Sep2026 01:52:13.411] [pool-6-thread-1/INFO] [MixinExtras|Service/]: Initializing MixinExtras via com.llamalad7.mixinextras.service.MixinExtrasServiceImpl(version=0.5.4).
[28Sep2026 01:52:16.340] [modloading-worker-0/INFO] [Crossblades/]: Crossblades loaded on NeoForge
[28Sep2026 01:52:16.342] [modloading-worker-0/INFO] [net.neoforged.neoforge.common.NeoForgeMod/NEOFORGE-MOD]: NeoForge mod loading, version 26.1.2.111, for MC 26.1.2
[28Sep2026 01:52:16.814] [Render thread/INFO] [com.mojang.authlib.yggdrasil.YggdrasilAuthenticationService/]: Environment: Environment[sessionHost=https://sessionserver.mojang.com, servicesHost=https://api.minecraftservices.com, profilesHost=https://api.mojang.com, name=PROD]
[28Sep2026 01:52:16.824] [Render thread/INFO] [net.minecraft.client.Minecraft/]: Setting user: Offline
[28Sep2026 01:52:16.900] [Render thread/INFO] [net.minecraft.client.Minecraft/]: Backend library: LWJGL version 3.4.1+2
[28Sep2026 01:52:17.099] [Render thread/INFO] [net.minecraft.client.Minecraft/]: Using optional rendering extensions: GL_ARB_buffer_storage, GL_KHR_debug, GL_ARB_vertex_attrib_binding, GL_ARB_direct_state_access, GL_EXT_texture_filter_anisotropic
[28Sep2026 01:52:17.585] [Render thread/ERROR] [com.mojang.text2speech.Narrator/]: Error while loading the narrator
com.mojang.text2speech.Narrator$InitializeException: Failed to load library flite
	at com.mojang.text2speech.NarratorLinux$FliteLibrary.loadNative(NarratorLinux.java:81) ~[text2speech-1.18.11.jar:?]
	at com.mojang.text2speech.NarratorLinux.<init>(NarratorLinux.java:18) ~[text2speech-1.18.11.jar:?]
	at com.mojang.text2speech.Narrator.getNarrator(Narrator.java:41) [text2speech-1.18.11.jar:?]
	at TRANSFORMER/minecraft@26.1.2/net.minecraft.client.GameNarrator.<init>(GameNarrator.java:22) [minecraft-client-patched-26.1.2.111.jar:?]
	at TRANSFORMER/minecraft@26.1.2/net.minecraft.client.Minecraft.<init>(Minecraft.java:687) [minecraft-client-patched-26.1.2.111.jar:?]
	at TRANSFORMER/minecraft@26.1.2/net.minecraft.client.main.Main.main(Main.java:231) [minecraft-client-patched-26.1.2.111.jar:?]
	at net.neoforged.fml.startup.Client.main(Client.java:19) [loader-11.0.15.jar:11.0]
Caused by: java.lang.UnsatisfiedLinkError: Unable to load library 'flite':
libflite.so: cannot open shared object file: No such file or directory
libflite.so: cannot open shared object file: No such file or directory
Native library (linux-x86-64/libflite.so) not found in resource path (/home/runner/.minecraft/libraries/at/yawk/lz4/lz4-java/1.10.1/lz4-java-1.10.1.jar:/home/runner/.minecraft/libraries/com/azure/azure-json/1.4.0/azure-json-1.4.0.jar:/home/runner/.minecraft/libraries/com/github/oshi/oshi-core/6.9.0/oshi-core-6.9.0.jar:/home/runner/.minecraft/libraries/com/google/code/gson/gson/2.13.2/gson-2.13.2.jar:/home/runner/.minecraft/libraries/com/google/guava/failureaccess/1.0.3/failureaccess-1.0.3.jar:/home/runner/.minecraft/libraries/com/google/guava/guava/33.5.0-jre/guava-33.5.0-jre.jar:/home/runner/.minecraft/libraries/com/ibm/icu/icu4j/77.1/icu4j-77.1.jar:/home/runner/.minecraft/libraries/com/microsoft/azure/msal4j/1.23.1/msal4j-1.23.1.jar:/home/runner/.minecraft/libraries/com/mojang/authlib/7.0.63/authlib-7.0.63.jar:/home/runner/.minecraft/libraries/com/mojang/blocklist/1.0.10/blocklist-1.0.10.jar:/home/runner/.minecraft/libraries/com/mojang/brigadier/1.3.10/brigadier-1.3.10.jar:/home/runner/.minecraft/libraries/com/mojang/datafixerupper/9.0.19/datafixerupper-9.0.19.jar:/home/runner/.minecraft/libraries/com/mojang/jtracy/1.0.37/jtracy-1.0.37.jar:/home/runner/.minecraft/libraries/com/mojang/jtracy/1.0.37/jtracy-1.0.37-natives-linux.jar:/home/runner/.minecraft/libraries/com/mojang/logging/1.6.11/logging-1.6.11.jar:/home/runner/.minecraft/libraries/com/mojang/patchy/2.2.10/patchy-2.2.10.jar:/home/runner/.minecraft/libraries/com/mojang/text2speech/1.18.11/text2speech-1.18.11.jar:/home/runner/.minecraft/libraries/commons-codec/commons-codec/1.19.0/commons-codec-1.19.0.jar:/home/runner/.minecraft/libraries/commons-io/commons-io/2.20.0/commons-io-2.20.0.jar:/home/runner/.minecraft/libraries/io/netty/netty-buffer/4.2.7.Final/netty-buffer-4.2.7.Final.jar:/home/runner/.minecraft/libraries/io/netty/netty-codec-base/4.2.7.Final/netty-codec-base-4.2.7.Final.jar:/home/runner/.minecraft/libraries/io/netty/netty-codec-compression/4.2.7.Final/netty-codec-compression-4.2.7.Final.jar:/home/runner/.minecraft/libraries/io/netty/netty-codec-http/4.2.7.Final/netty-codec-http-4.2.7.Final.jar:/home/runner/.minecraft/libraries/io/netty/netty-common/4.2.7.Final/netty-common-4.2.7.Final.jar:/home/runner/.minecraft/libraries/io/netty/netty-handler/4.2.7.Final/netty-handler-4.2.7.Final.jar:/home/runner/.minecraft/libraries/io/netty/netty-resolver/4.2.7.Final/netty-resolver-4.2.7.Final.jar:/home/runner/.minecraft/libraries/io/netty/netty-transport-classes-epoll/4.2.7.Final/netty-transport-classes-epoll-4.2.7.Final.jar:/home/runner/.minecraft/libraries/io/netty/netty-transport-classes-kqueue/4.2.7.Final/netty-transport-classes-kqueue-4.2.7.Final.jar:/home/runner/.minecraft/libraries/io/netty/netty-transport-native-epoll/4.2.7.Final/netty-transport-native-epoll-4.2.7.Final-linux-aarch_64.jar:/home/runner/.minecraft/libraries/io/netty/netty-transport-native-epoll/4.2.7.Final/netty-transport-native-epoll-4.2.7.Final-linux-x86_64.jar:/home/runner/.minecraft/libraries/io/netty/netty-transport-native-unix-common/4.2.7.Final/netty-transport-native-unix-common-4.2.7.Final.jar:/home/runner/.minecraft/libraries/io/netty/netty-transport/4.2.7.Final/netty-transport-4.2.7.Final.jar:/home/runner/.minecraft/libraries/it/unimi/dsi/fastutil/8.5.18/fastutil-8.5.18.jar:/home/runner/.minecraft/libraries/net/java/dev/jna/jna-platform/5.17.0/jna-platform-5.17.0.jar:/home/runner/.minecraft/libraries/net/java/dev/jna/jna/5.17.0/jna-5.17.0.jar:/home/runner/.minecraft/libraries/net/sf/jopt-simple/jopt-simple/5.0.4/jopt-simple-5.0.4.jar:/home/runner/.minecraft/libraries/org/apache/commons/commons-compress/1.28.0/commons-compress-1.28.0.jar:/home/runner/.minecraft/libraries/org/apache/commons/commons-lang3/3.19.0/commons-lang3-3.19.0.jar:/home/runner/work/crossblades/crossblades/HeadlessMC/b7864552-7a4b-4d05-919a-1580fa79d6e5/log4j-api-2.25.2.jar:/home/runner/work/crossblades/crossblades/HeadlessMC/b7864552-7a4b-4d05-919a-1580fa79d6e5/log4j-core-2.25.2.jar:/home/runner/work/crossblades/crossblades/HeadlessMC/b7864552-7a4b-4d05-919a-1580fa79d6e5/log4j-slf4j2-impl-2.25.2.jar:/home/runner/.minecraft/libraries/org/jcraft/jorbis/0.0.17/jorbis-0.0.17.jar:/home/runner/.minecraft/libraries/org/joml/joml/1.10.8/joml-1.10.8.jar:/home/runner/.minecraft/libraries/org/jspecify/jspecify/1.0.0/jspecify-1.0.0.jar:/home/runner/.minecraft/libraries/org/lwjgl/lwjgl-freetype/3.4.1/lwjgl-freetype-3.4.1.jar:/home/runner/.minecraft/libraries/org/lwjgl/lwjgl-freetype/3.4.1/lwjgl-freetype-3.4.1-natives-linux.jar:/home/runner/.minecraft/libraries/org/lwjgl/lwjgl-glfw/3.4.1/lwjgl-glfw-3.4.1.jar:/home/runner/.minecraft/libraries/org/lwjgl/lwjgl-glfw/3.4.1/lwjgl-glfw-3.4.1-natives-linux.jar:/home/runner/.minecraft/libraries/org/lwjgl/lwjgl-jemalloc/3.4.1/lwjgl-jemalloc-3.4.1.jar:/home/runner/.minecraft/libraries/org/lwjgl/lwjgl-jemalloc/3.4.1/lwjgl-jemalloc-3.4.1-natives-linux.jar:/home/runner/.minecraft/libraries/org/lwjgl/lwjgl-openal/3.4.1/lwjgl-openal-3.4.1.jar:/home/runner/.minecraft/libraries/org/lwjgl/lwjgl-openal/3.4.1/lwjgl-openal-3.4.1-natives-linux.jar:/home/runner/.minecraft/libraries/org/lwjgl/lwjgl-opengl/3.4.1/lwjgl-opengl-3.4.1.jar:/home/runner/.minecraft/libraries/org/lwjgl/lwjgl-opengl/3.4.1/lwjgl-opengl-3.4.1-natives-linux.jar:/home/runner/.minecraft/libraries/org/lwjgl/lwjgl-stb/3.4.1/lwjgl-stb-3.4.1.jar:/home/runner/.minecraft/libraries/org/lwjgl/lwjgl-stb/3.4.1/lwjgl-stb-3.4.1-natives-linux.jar:/home/runner/.minecraft/libraries/org/lwjgl/lwjgl-tinyfd/3.4.1/lwjgl-tinyfd-3.4.1.jar:/home/runner/.minecraft/libraries/org/lwjgl/lwjgl-tinyfd/3.4.1/lwjgl-tinyfd-3.4.1-natives-linux.jar:/home/runner/.minecraft/libraries/org/lwjgl/lwjgl/3.4.1/lwjgl-3.4.1.jar:/home/runner/.minecraft/libraries/org/lwjgl/lwjgl/3.4.1/lwjgl-3.4.1-natives-linux.jar:/home/runner/.minecraft/libraries/org/slf4j/slf4j-api/2.0.17/slf4j-api-2.0.17.jar:/home/runner/.minecraft/libraries/net/neoforged/fancymodloader/earlydisplay/11.0.15/earlydisplay-11.0.15.jar:/home/runner/.minecraft/libraries/net/neoforged/fancymodloader/loader/11.0.15/loader-11.0.15.jar:/home/runner/.minecraft/libraries/net/neoforged/accesstransformers/11.0.2/accesstransformers-11.0.2.jar:/home/runner/.minecraft/libraries/org/ow2/asm/asm-commons/9.9.1/asm-commons-9.9.1.jar:/home/runner/.minecraft/libraries/net/neoforged/mergetool/2.0.7/mergetool-2.0.7-api.jar:/home/runner/.minecraft/libraries/org/ow2/asm/asm-util/9.9.1/asm-util-9.9.1.jar:/home/runner/.minecraft/libraries/org/ow2/asm/asm-analysis/9.9.1/asm-analysis-9.9.1.jar:/home/runner/.minecraft/libraries/org/ow2/asm/asm-tree/9.9.1/asm-tree-9.9.1.jar:/home/runner/.minecraft/libraries/net/neoforged/bus/8.0.5/bus-8.0.5.jar:/home/runner/.minecraft/libraries/org/ow2/asm/asm/9.9.1/asm-9.9.1.jar:/home/runner/.minecraft/libraries/com/electronwill/night-config/toml/3.8.3/toml-3.8.3.jar:/home/runner/.minecraft/libraries/com/electronwill/night-config/core/3.8.3/core-3.8.3.jar:/home/runner/.minecraft/libraries/net/neoforged/JarJarSelector/0.5.0/JarJarSelector-0.5.0.jar:/home/runner/.minecraft/libraries/net/neoforged/JarJarMetadata/0.5.0/JarJarMetadata-0.5.0.jar:/home/runner/.minecraft/libraries/org/apache/maven/maven-artifact/3.9.9/maven-artifact-3.9.9.jar:/home/runner/.minecraft/libraries/net/jodah/typetools/0.6.3/typetools-0.6.3.jar:/home/runner/.minecraft/libraries/net/minecrell/terminalconsoleappender/1.3.0/terminalconsoleappender-1.3.0.jar:/home/runner/.minecraft/libraries/net/fabricmc/sponge-mixin/0.17.3+mixin.0.8.7/sponge-mixin-0.17.3+mixin.0.8.7.jar:/home/runner/.minecraft/libraries/net/neoforged/accesstransformers/at-parser/11.0.2/at-parser-11.0.2.jar:/home/runner/.minecraft/libraries/org/jline/jline-reader/3.20.0/jline-reader-3.20.0.jar:/home/runner/.minecraft/libraries/org/jline/jline-terminal/3.20.0/jline-terminal-3.20.0.jar:/home/runner/.minecraft/libraries/net/neoforged/srgutils/1.0.10/srgutils-1.0.10.jar:/home/runner/.minecraft/libraries/com/google/guava/listenablefuture/9999.0-empty-to-avoid-conflict-with-guava/listenablefuture-9999.0-empty-to-avoid-conflict-with-guava.jar:/home/runner/.minecraft/libraries/com/google/errorprone/error_prone_annotations/2.41.0/error_prone_annotations-2.41.0.jar:/home/runner/.minecraft/libraries/com/google/j2objc/j2objc-annotations/3.1/j2objc-annotations-3.1.jar:/home/runner/.minecraft/libraries/org/codehaus/plexus/plexus-utils/3.5.1/plexus-utils-3.5.1.jar:/home/runner/.minecraft/versions/neoforge-26.1.2.111/neoforge-26.1.2.111.jar)
	at com.sun.jna.NativeLibrary.loadLibrary(NativeLibrary.java:325) ~[jna-5.17.0.jar:5.17.0 (b0)]
	at com.sun.jna.NativeLibrary.getInstance(NativeLibrary.java:481) ~[jna-5.17.0.jar:5.17.0 (b0)]
	at com.sun.jna.NativeLibrary.getInstance(NativeLibrary.java:423) ~[jna-5.17.0.jar:5.17.0 (b0)]
	at com.mojang.text2speech.NarratorLinux$FliteLibrary.loadNative(NarratorLinux.java:79) ~[text2speech-1.18.11.jar:?]
	... 6 more
	Suppressed: java.lang.UnsatisfiedLinkError: libflite.so: cannot open shared object file: No such file or directory
		at com.sun.jna.Native.open(Native Method)
		at com.sun.jna.NativeLibrary.loadLibrary(NativeLibrary.java:213) ~[jna-5.17.0.jar:5.17.0 (b0)]
		... 9 more
	Suppressed: java.lang.UnsatisfiedLinkError: libflite.so: cannot open shared object file: No such file or directory
		at com.sun.jna.Native.open(Native Method)
		at com.sun.jna.NativeLibrary.loadLibrary(NativeLibrary.java:226) ~[jna-5.17.0.jar:5.17.0 (b0)]
		... 9 more
	Suppressed: java.io.IOException: Native library (linux-x86-64/libflite.so) not found in resource path (/home/runner/.minecraft/libraries/at/yawk/lz4/lz4-java/1.10.1/lz4-java-1.10.1.jar:/home/runner/.minecraft/libraries/com/azure/azure-json/1.4.0/azure-json-1.4.0.jar:/home/runner/.minecraft/libraries/com/github/oshi/oshi-core/6.9.0/oshi-core-6.9.0.jar:/home/runner/.minecraft/libraries/com/google/code/gson/gson/2.13.2/gson-2.13.2.jar:/home/runner/.minecraft/libraries/com/google/guava/failureaccess/1.0.3/failureaccess-1.0.3.jar:/home/runner/.minecraft/libraries/com/google/guava/guava/33.5.0-jre/guava-33.5.0-jre.jar:/home/runner/.minecraft/libraries/com/ibm/icu/icu4j/77.1/icu4j-77.1.jar:/home/runner/.minecraft/libraries/com/microsoft/azure/msal4j/1.23.1/msal4j-1.23.1.jar:/home/runner/.minecraft/libraries/com/mojang/authlib/7.0.63/authlib-7.0.63.jar:/home/runner/.minecraft/libraries/com/mojang/blocklist/1.0.10/blocklist-1.0.10.jar:/home/runner/.minecraft/libraries/com/mojang/brigadier/1.3.10/brigadier-1.3.10.jar:/home/runner/.minecraft/libraries/com/mojang/datafixerupper/9.0.19/datafixerupper-9.0.19.jar:/home/runner/.minecraft/libraries/com/mojang/jtracy/1.0.37/jtracy-1.0.37.jar:/home/runner/.minecraft/libraries/com/mojang/jtracy/1.0.37/jtracy-1.0.37-natives-linux.jar:/home/runner/.minecraft/libraries/com/mojang/logging/1.6.11/logging-1.6.11.jar:/home/runner/.minecraft/libraries/com/mojang/patchy/2.2.10/patchy-2.2.10.jar:/home/runner/.minecraft/libraries/com/mojang/text2speech/1.18.11/text2speech-1.18.11.jar:/home/runner/.minecraft/libraries/commons-codec/commons-codec/1.19.0/commons-codec-1.19.0.jar:/home/runner/.minecraft/libraries/commons-io/commons-io/2.20.0/commons-io-2.20.0.jar:/home/runner/.minecraft/libraries/io/netty/netty-buffer/4.2.7.Final/netty-buffer-4.2.7.Final.jar:/home/runner/.minecraft/libraries/io/netty/netty-codec-base/4.2.7.Final/netty-codec-base-4.2.7.Final.jar:/home/runner/.minecraft/libraries/io/netty/netty-codec-compression/4.2.7.Final/netty-codec-compression-4.2.7.Final.jar:/home/runner/.minecraft/libraries/io/netty/netty-codec-http/4.2.7.Final/netty-codec-http-4.2.7.Final.jar:/home/runner/.minecraft/libraries/io/netty/netty-common/4.2.7.Final/netty-common-4.2.7.Final.jar:/home/runner/.minecraft/libraries/io/netty/netty-handler/4.2.7.Final/netty-handler-4.2.7.Final.jar:/home/runner/.minecraft/libraries/io/netty/netty-resolver/4.2.7.Final/netty-resolver-4.2.7.Final.jar:/home/runner/.minecraft/libraries/io/netty/netty-transport-classes-epoll/4.2.7.Final/netty-transport-classes-epoll-4.2.7.Final.jar:/home/runner/.minecraft/libraries/io/netty/netty-transport-classes-kqueue/4.2.7.Final/netty-transport-classes-kqueue-4.2.7.Final.jar:/home/runner/.minecraft/libraries/io/netty/netty-transport-native-epoll/4.2.7.Final/netty-transport-native-epoll-4.2.7.Final-linux-aarch_64.jar:/home/runner/.minecraft/libraries/io/netty/netty-transport-native-epoll/4.2.7.Final/netty-transport-native-epoll-4.2.7.Final-linux-x86_64.jar:/home/runner/.minecraft/libraries/io/netty/netty-transport-native-unix-common/4.2.7.Final/netty-transport-native-unix-common-4.2.7.Final.jar:/home/runner/.minecraft/libraries/io/netty/netty-transport/4.2.7.Final/netty-transport-4.2.7.Final.jar:/home/runner/.minecraft/libraries/it/unimi/dsi/fastutil/8.5.18/fastutil-8.5.18.jar:/home/runner/.minecraft/libraries/net/java/dev/jna/jna-platform/5.17.0/jna-platform-5.17.0.jar:/home/runner/.minecraft/libraries/net/java/dev/jna/jna/5.17.0/jna-5.17.0.jar:/home/runner/.minecraft/libraries/net/sf/jopt-simple/jopt-simple/5.0.4/jopt-simple-5.0.4.jar:/home/runner/.minecraft/libraries/org/apache/commons/commons-compress/1.28.0/commons-compress-1.28.0.jar:/home/runner/.minecraft/libraries/org/apache/commons/commons-lang3/3.19.0/commons-lang3-3.19.0.jar:/home/runner/work/crossblades/crossblades/HeadlessMC/b7864552-7a4b-4d05-919a-1580fa79d6e5/log4j-api-2.25.2.jar:/home/runner/work/crossblades/crossblades/HeadlessMC/b7864552-7a4b-4d05-919a-1580fa79d6e5/log4j-core-2.25.2.jar:/home/runner/work/crossblades/crossblades/HeadlessMC/b7864552-7a4b-4d05-919a-1580fa79d6e5/log4j-slf4j2-impl-2.25.2.jar:/home/runner/.minecraft/libraries/org/jcraft/jorbis/0.0.17/jorbis-0.0.17.jar:/home/runner/.minecraft/libraries/org/joml/joml/1.10.8/joml-1.10.8.jar:/home/runner/.minecraft/libraries/org/jspecify/jspecify/1.0.0/jspecify-1.0.0.jar:/home/runner/.minecraft/libraries/org/lwjgl/lwjgl-freetype/3.4.1/lwjgl-freetype-3.4.1.jar:/home/runner/.minecraft/libraries/org/lwjgl/lwjgl-freetype/3.4.1/lwjgl-freetype-3.4.1-natives-linux.jar:/home/runner/.minecraft/libraries/org/lwjgl/lwjgl-glfw/3.4.1/lwjgl-glfw-3.4.1.jar:/home/runner/.minecraft/libraries/org/lwjgl/lwjgl-glfw/3.4.1/lwjgl-glfw-3.4.1-natives-linux.jar:/home/runner/.minecraft/libraries/org/lwjgl/lwjgl-jemalloc/3.4.1/lwjgl-jemalloc-3.4.1.jar:/home/runner/.minecraft/libraries/org/lwjgl/lwjgl-jemalloc/3.4.1/lwjgl-jemalloc-3.4.1-natives-linux.jar:/home/runner/.minecraft/libraries/org/lwjgl/lwjgl-openal/3.4.1/lwjgl-openal-3.4.1.jar:/home/runner/.minecraft/libraries/org/lwjgl/lwjgl-openal/3.4.1/lwjgl-openal-3.4.1-natives-linux.jar:/home/runner/.minecraft/libraries/org/lwjgl/lwjgl-opengl/3.4.1/lwjgl-opengl-3.4.1.jar:/home/runner/.minecraft/libraries/org/lwjgl/lwjgl-opengl/3.4.1/lwjgl-opengl-3.4.1-natives-linux.jar:/home/runner/.minecraft/libraries/org/lwjgl/lwjgl-stb/3.4.1/lwjgl-stb-3.4.1.jar:/home/runner/.minecraft/libraries/org/lwjgl/lwjgl-stb/3.4.1/lwjgl-stb-3.4.1-natives-linux.jar:/home/runner/.minecraft/libraries/org/lwjgl/lwjgl-tinyfd/3.4.1/lwjgl-tinyfd-3.4.1.jar:/home/runner/.minecraft/libraries/org/lwjgl/lwjgl-tinyfd/3.4.1/lwjgl-tinyfd-3.4.1-natives-linux.jar:/home/runner/.minecraft/libraries/org/lwjgl/lwjgl/3.4.1/lwjgl-3.4.1.jar:/home/runner/.minecraft/libraries/org/lwjgl/lwjgl/3.4.1/lwjgl-3.4.1-natives-linux.jar:/home/runner/.minecraft/libraries/org/slf4j/slf4j-api/2.0.17/slf4j-api-2.0.17.jar:/home/runner/.minecraft/libraries/net/neoforged/fancymodloader/earlydisplay/11.0.15/earlydisplay-11.0.15.jar:/home/runner/.minecraft/libraries/net/neoforged/fancymodloader/loader/11.0.15/loader-11.0.15.jar:/home/runner/.minecraft/libraries/net/neoforged/accesstransformers/11.0.2/accesstransformers-11.0.2.jar:/home/runner/.minecraft/libraries/org/ow2/asm/asm-commons/9.9.1/asm-commons-9.9.1.jar:/home/runner/.minecraft/libraries/net/neoforged/mergetool/2.0.7/mergetool-2.0.7-api.jar:/home/runner/.minecraft/libraries/org/ow2/asm/asm-util/9.9.1/asm-util-9.9.1.jar:/home/runner/.minecraft/libraries/org/ow2/asm/asm-analysis/9.9.1/asm-analysis-9.9.1.jar:/home/runner/.minecraft/libraries/org/ow2/asm/asm-tree/9.9.1/asm-tree-9.9.1.jar:/home/runner/.minecraft/libraries/net/neoforged/bus/8.0.5/bus-8.0.5.jar:/home/runner/.minecraft/libraries/org/ow2/asm/asm/9.9.1/asm-9.9.1.jar:/home/runner/.minecraft/libraries/com/electronwill/night-config/toml/3.8.3/toml-3.8.3.jar:/home/runner/.minecraft/libraries/com/electronwill/night-config/core/3.8.3/core-3.8.3.jar:/home/runner/.minecraft/libraries/net/neoforged/JarJarSelector/0.5.0/JarJarSelector-0.5.0.jar:/home/runner/.minecraft/libraries/net/neoforged/JarJarMetadata/0.5.0/JarJarMetadata-0.5.0.jar:/home/runner/.minecraft/libraries/org/apache/maven/maven-artifact/3.9.9/maven-artifact-3.9.9.jar:/home/runner/.minecraft/libraries/net/jodah/typetools/0.6.3/typetools-0.6.3.jar:/home/runner/.minecraft/libraries/net/minecrell/terminalconsoleappender/1.3.0/terminalconsoleappender-1.3.0.jar:/home/runner/.minecraft/libraries/net/fabricmc/sponge-mixin/0.17.3+mixin.0.8.7/sponge-mixin-0.17.3+mixin.0.8.7.jar:/home/runner/.minecraft/libraries/net/neoforged/accesstransformers/at-parser/11.0.2/at-parser-11.0.2.jar:/home/runner/.minecraft/libraries/org/jline/jline-reader/3.20.0/jline-reader-3.20.0.jar:/home/runner/.minecraft/libraries/org/jline/jline-terminal/3.20.0/jline-terminal-3.20.0.jar:/home/runner/.minecraft/libraries/net/neoforged/srgutils/1.0.10/srgutils-1.0.10.jar:/home/runner/.minecraft/libraries/com/google/guava/listenablefuture/9999.0-empty-to-avoid-conflict-with-guava/listenablefuture-9999.0-empty-to-avoid-conflict-with-guava.jar:/home/runner/.minecraft/libraries/com/google/errorprone/error_prone_annotations/2.41.0/error_prone_annotations-2.41.0.jar:/home/runner/.minecraft/libraries/com/google/j2objc/j2objc-annotations/3.1/j2objc-annotations-3.1.jar:/home/runner/.minecraft/libraries/org/codehaus/plexus/plexus-utils/3.5.1/plexus-utils-3.5.1.jar:/home/runner/.minecraft/versions/neoforge-26.1.2.111/neoforge-26.1.2.111.jar)
		at com.sun.jna.Native.extractFromResourcePath(Native.java:1141)
		at com.sun.jna.NativeLibrary.loadLibrary(NativeLibrary.java:297) ~[jna-5.17.0.jar:5.17.0 (b0)]
		... 9 more
[28Sep2026 01:52:17.746] [Render thread/INFO] [net.minecraft.server.packs.resources.ReloadableResourceManager/]: Reloading ResourceManager: vanilla, mod_resources, mod/player_animation_library, mod/crossblades, mod/mc_runtime_test, mod/neoforge
[28Sep2026 01:52:17.912] [Render thread/INFO] [net.minecraft.client.Minecraft/]: Waiting for overlay to disappear...
[28Sep2026 01:52:17.912] [Render thread/INFO] [net.minecraft.client.Minecraft/]: Waiting for player to load...
[28Sep2026 01:52:17.925] [Render thread/INFO] [net.minecraft.client.Minecraft/]: Waiting for overlay to disappear...
[28Sep2026 01:52:17.926] [Render thread/INFO] [net.minecraft.client.Minecraft/]: Waiting for player to load...
[28Sep2026 01:52:17.926] [Render thread/INFO] [net.minecraft.client.Minecraft/]: Waiting for overlay to disappear...
[28Sep2026 01:52:17.926] [Render thread/INFO] [net.minecraft.client.Minecraft/]: Waiting for player to load...
[28Sep2026 01:52:17.926] [Render thread/INFO] [net.minecraft.client.Minecraft/]: Waiting for overlay to disappear...
[28Sep2026 01:52:17.926] [Render thread/INFO] [net.minecraft.client.Minecraft/]: Waiting for player to load...
[28Sep2026 01:52:17.926] [Render thread/INFO] [net.minecraft.client.Minecraft/]: Waiting for overlay to disappear...
[28Sep2026 01:52:17.926] [Render thread/INFO] [net.minecraft.client.Minecraft/]: Waiting for player to load...
[28Sep2026 01:52:17.926] [Render thread/INFO] [net.minecraft.client.Minecraft/]: Waiting for overlay to disappear...
[28Sep2026 01:52:17.926] [Render thread/INFO] [net.minecraft.client.Minecraft/]: Waiting for player to load...
[28Sep2026 01:52:17.926] [Render thread/INFO] [net.minecraft.client.Minecraft/]: Waiting for overlay to disappear...
[28Sep2026 01:52:17.926] [Render thread/INFO] [net.minecraft.client.Minecraft/]: Waiting for player to load...
[28Sep2026 01:52:17.926] [Render thread/INFO] [net.minecraft.client.Minecraft/]: Waiting for overlay to disappear...
[28Sep2026 01:52:17.926] [Render thread/INFO] [net.minecraft.client.Minecraft/]: Waiting for player to load...
[28Sep2026 01:52:17.926] [Render thread/INFO] [net.minecraft.client.Minecraft/]: Waiting for overlay to disappear...
[28Sep2026 01:52:17.926] [Render thread/INFO] [net.minecraft.client.Minecraft/]: Waiting for player to load...
[28Sep2026 01:52:17.926] [Render thread/INFO] [net.minecraft.client.Minecraft/]: Waiting for overlay to disappear...
[28Sep2026 01:52:17.926] [Render thread/INFO] [net.minecraft.client.Minecraft/]: Waiting for player to load...
[28Sep2026 01:52:18.194] [Render thread/INFO] [net.minecraft.client.Minecraft/]: Waiting for overlay to disappear...
[28Sep2026 01:52:18.195] [Render thread/INFO] [net.minecraft.client.Minecraft/]: Waiting for player to load...
[28Sep2026 01:52:18.195] [Render thread/INFO] [net.minecraft.client.Minecraft/]: Waiting for overlay to disappear...
[28Sep2026 01:52:18.195] [Render thread/INFO] [net.minecraft.client.Minecraft/]: Waiting for player to load...
[28Sep2026 01:52:18.195] [Render thread/INFO] [net.minecraft.client.Minecraft/]: Waiting for overlay to disappear...
[28Sep2026 01:52:18.195] [Render thread/INFO] [net.minecraft.client.Minecraft/]: Waiting for player to load...
[28Sep2026 01:52:18.195] [Render thread/INFO] [net.minecraft.client.Minecraft/]: Waiting for overlay to disappear...
[28Sep2026 01:52:18.195] [Render thread/INFO] [net.minecraft.client.Minecraft/]: Waiting for player to load...
[28Sep2026 01:52:18.195] [Render thread/INFO] [net.minecraft.client.Minecraft/]: Waiting for overlay to disappear...
[28Sep2026 01:52:18.195] [Render thread/INFO] [net.minecraft.client.Minecraft/]: Waiting for player to load...
[28Sep2026 01:52:18.195] [Render thread/INFO] [net.minecraft.client.Minecraft/]: Waiting for overlay to disappear...
[28Sep2026 01:52:18.195] [Render thread/INFO] [net.minecraft.client.Minecraft/]: Waiting for player to load...
[28Sep2026 01:52:18.229] [Render thread/INFO] [net.minecraft.client.Minecraft/]: Waiting for overlay to disappear...
[28Sep2026 01:52:18.229] [Render thread/INFO] [net.minecraft.client.Minecraft/]: Waiting for player to load...
[28Sep2026 01:52:18.282] [Render thread/INFO] [net.minecraft.client.Minecraft/]: Waiting for overlay to disappear...
[28Sep2026 01:52:18.283] [Render thread/INFO] [net.minecraft.client.Minecraft/]: Waiting for player to load...
[28Sep2026 01:52:18.335] [Render thread/INFO] [net.minecraft.client.Minecraft/]: Waiting for overlay to disappear...
[28Sep2026 01:52:18.335] [Render thread/INFO] [net.minecraft.client.Minecraft/]: Waiting for player to load...
[28Sep2026 01:52:18.385] [Render thread/INFO] [net.minecraft.client.Minecraft/]: Waiting for overlay to disappear...
[28Sep2026 01:52:18.385] [Render thread/INFO] [net.minecraft.client.Minecraft/]: Waiting for player to load...
[28Sep2026 01:52:18.436] [Render thread/INFO] [net.minecraft.client.Minecraft/]: Waiting for overlay to disappear...
[28Sep2026 01:52:18.436] [Render thread/INFO] [net.minecraft.client.Minecraft/]: Waiting for player to load...
[28Sep2026 01:52:18.486] [Render thread/INFO] [net.minecraft.client.Minecraft/]: Waiting for overlay to disappear...
[28Sep2026 01:52:18.486] [Render thread/INFO] [net.minecraft.client.Minecraft/]: Waiting for player to load...
[28Sep2026 01:52:18.536] [Render thread/INFO] [net.minecraft.client.Minecraft/]: Waiting for overlay to disappear...
[28Sep2026 01:52:18.536] [Render thread/INFO] [net.minecraft.client.Minecraft/]: Waiting for player to load...
[28Sep2026 01:52:18.556] [Worker-Main-1/WARN] [net.minecraft.client.gui.font.FontManager/]: Unable to load font 'minecraft:include/unifont_pua' in fonts.json in resourcepack: 'vanilla'
com.google.gson.JsonParseException: No key providers in MapLike[{}]
	at com.mojang.serialization.DataResult$Error.getOrThrow(DataResult.java:287) ~[datafixerupper-9.0.19.jar:?]
	at TRANSFORMER/minecraft@26.1.2/net.minecraft.client.gui.font.FontManager.loadResourceStack(FontManager.java:245) ~[minecraft-client-patched-26.1.2.111.jar:?]
	at TRANSFORMER/minecraft@26.1.2/net.minecraft.client.gui.font.FontManager.lambda$prepare$0(FontManager.java:110) ~[minecraft-client-patched-26.1.2.111.jar:?]
	at java.base/java.util.concurrent.CompletableFuture$AsyncSupply.run(CompletableFuture.java:1789) ~[?:?]
	at TRANSFORMER/minecraft@26.1.2/net.minecraft.server.packs.resources.SimpleReloadInstance.lambda$prepareTasks$1(SimpleReloadInstance.java:68) ~[minecraft-client-patched-26.1.2.111.jar:?]
	at java.base/java.util.concurrent.ForkJoinTask$RunnableExecuteAction.compute(ForkJoinTask.java:1753) [?:?]
	at java.base/java.util.concurrent.ForkJoinTask$RunnableExecuteAction.compute(ForkJoinTask.java:1745) [?:?]
	at java.base/java.util.concurrent.ForkJoinTask$InterruptibleTask.exec(ForkJoinTask.java:1662) [?:?]
	at java.base/java.util.concurrent.ForkJoinTask.doExec(ForkJoinTask.java:511) [?:?]
	at java.base/java.util.concurrent.ForkJoinPool$WorkQueue.topLevelExec(ForkJoinPool.java:1450) [?:?]
	at java.base/java.util.concurrent.ForkJoinPool.runWorker(ForkJoinPool.java:2019) [?:?]
	at java.base/java.util.concurrent.ForkJoinWorkerThread.run(ForkJoinWorkerThread.java:187) [?:?]
[28Sep2026 01:52:18.555] [Worker-Main-3/WARN] [net.minecraft.client.gui.font.FontManager/]: Unable to load font 'minecraft:include/unifont' in fonts.json in resourcepack: 'vanilla'
com.google.gson.JsonParseException: No key providers in MapLike[{}]
	at com.mojang.serialization.DataResult$Error.getOrThrow(DataResult.java:287) ~[datafixerupper-9.0.19.jar:?]
	at TRANSFORMER/minecraft@26.1.2/net.minecraft.client.gui.font.FontManager.loadResourceStack(FontManager.java:245) ~[minecraft-client-patched-26.1.2.111.jar:?]
	at TRANSFORMER/minecraft@26.1.2/net.minecraft.client.gui.font.FontManager.lambda$prepare$0(FontManager.java:110) ~[minecraft-client-patched-26.1.2.111.jar:?]
	at java.base/java.util.concurrent.CompletableFuture$AsyncSupply.run(CompletableFuture.java:1789) ~[?:?]
	at TRANSFORMER/minecraft@26.1.2/net.minecraft.server.packs.resources.SimpleReloadInstance.lambda$prepareTasks$1(SimpleReloadInstance.java:68) ~[minecraft-client-patched-26.1.2.111.jar:?]
	at java.base/java.util.concurrent.ForkJoinTask$RunnableExecuteAction.compute(ForkJoinTask.java:1753) [?:?]
	at java.base/java.util.concurrent.ForkJoinTask$RunnableExecuteAction.compute(ForkJoinTask.java:1745) [?:?]
	at java.base/java.util.concurrent.ForkJoinTask$InterruptibleTask.exec(ForkJoinTask.java:1662) [?:?]
	at java.base/java.util.concurrent.ForkJoinTask.doExec(ForkJoinTask.java:511) [?:?]
	at java.base/java.util.concurrent.ForkJoinPool$WorkQueue.topLevelExec(ForkJoinPool.java:1450) [?:?]
	at java.base/java.util.concurrent.ForkJoinPool.runWorker(ForkJoinPool.java:2019) [?:?]
	at java.base/java.util.concurrent.ForkJoinWorkerThread.run(ForkJoinWorkerThread.java:187) [?:?]
[28Sep2026 01:52:18.586] [Render thread/INFO] [net.minecraft.client.Minecraft/]: Waiting for overlay to disappear...
[28Sep2026 01:52:18.586] [Render thread/INFO] [net.minecraft.client.Minecraft/]: Waiting for player to load...
[28Sep2026 01:52:18.637] [Render thread/INFO] [net.minecraft.client.Minecraft/]: Waiting for overlay to disappear...
[28Sep2026 01:52:18.637] [Render thread/INFO] [net.minecraft.client.Minecraft/]: Waiting for player to load...
[28Sep2026 01:52:18.688] [Render thread/INFO] [net.minecraft.client.Minecraft/]: Waiting for overlay to disappear...
[28Sep2026 01:52:18.689] [Render thread/INFO] [net.minecraft.client.Minecraft/]: Waiting for player to load...
[28Sep2026 01:52:18.738] [Render thread/INFO] [net.minecraft.client.Minecraft/]: Waiting for overlay to disappear...
[28Sep2026 01:52:18.739] [Render thread/INFO] [net.minecraft.client.Minecraft/]: Waiting for player to load...
[28Sep2026 01:52:18.754] [Download-3/INFO] [com.mojang.realmsclient.client.RealmsClient/]: Could not authorize you against Realms server: javax.ws.rs.BadRequestException: Invalid session
[28Sep2026 01:52:18.755] [Download-3/ERROR] [com.mojang.realmsclient.client.RealmsClient/]: Failed to fetch Realms feature flags
com.mojang.realmsclient.exception.RealmsServiceException: Realms authentication error with message 'javax.ws.rs.BadRequestException: Invalid session'
	at TRANSFORMER/minecraft@26.1.2/com.mojang.realmsclient.client.RealmsClient.execute(RealmsClient.java:513) [minecraft-client-patched-26.1.2.111.jar:?]
	at TRANSFORMER/minecraft@26.1.2/com.mojang.realmsclient.client.RealmsClient.fetchFeatureFlags(RealmsClient.java:160) [minecraft-client-patched-26.1.2.111.jar:?]
	at java.base/java.util.concurrent.CompletableFuture$AsyncSupply.run(CompletableFuture.java:1789) [?:?]
	at java.base/java.util.concurrent.ThreadPoolExecutor.runWorker(ThreadPoolExecutor.java:1090) [?:?]
	at java.base/java.util.concurrent.ThreadPoolExecutor$Worker.run(ThreadPoolExecutor.java:614) [?:?]
	at java.base/java.lang.Thread.run(Thread.java:1474) [?:?]
[28Sep2026 01:52:18.771] [Download-2/ERROR] [net.minecraft.client.Minecraft/]: Failed to fetch user properties
com.mojang.authlib.exceptions.InvalidCredentialsException: Status: 401
	at com.mojang.authlib.exceptions.MinecraftClientHttpException.toAuthenticationException(MinecraftClientHttpException.java:59) ~[authlib-7.0.63.jar:?]
	at com.mojang.authlib.yggdrasil.YggdrasilUserApiService.fetchProperties(YggdrasilUserApiService.java:150) ~[authlib-7.0.63.jar:?]
	at TRANSFORMER/minecraft@26.1.2/net.minecraft.client.Minecraft.lambda$new$1(Minecraft.java:428) [minecraft-client-patched-26.1.2.111.jar:?]
	at java.base/java.util.concurrent.CompletableFuture$AsyncSupply.run(CompletableFuture.java:1789) [?:?]
	at java.base/java.util.concurrent.ThreadPoolExecutor.runWorker(ThreadPoolExecutor.java:1090) [?:?]
	at java.base/java.util.concurrent.ThreadPoolExecutor$Worker.run(ThreadPoolExecutor.java:614) [?:?]
	at java.base/java.lang.Thread.run(Thread.java:1474) [?:?]
Caused by: com.mojang.authlib.exceptions.MinecraftClientHttpException: Status: 401
	at com.mojang.authlib.minecraft.client.MinecraftClient.readInputStream(MinecraftClient.java:103) ~[authlib-7.0.63.jar:?]
	at com.mojang.authlib.minecraft.client.MinecraftClient.get(MinecraftClient.java:56) ~[authlib-7.0.63.jar:?]
	at com.mojang.authlib.yggdrasil.YggdrasilUserApiService.fetchProperties(YggdrasilUserApiService.java:121) ~[authlib-7.0.63.jar:?]
	... 5 more
[28Sep2026 01:52:18.789] [Render thread/INFO] [net.minecraft.client.Minecraft/]: Waiting for overlay to disappear...
[28Sep2026 01:52:18.790] [Render thread/INFO] [net.minecraft.client.Minecraft/]: Waiting for player to load...
[28Sep2026 01:52:18.839] [Render thread/INFO] [net.minecraft.client.Minecraft/]: Waiting for overlay to disappear...
[28Sep2026 01:52:18.840] [Render thread/INFO] [net.minecraft.client.Minecraft/]: Waiting for player to load...
[28Sep2026 01:52:18.892] [Render thread/INFO] [net.minecraft.client.Minecraft/]: Waiting for overlay to disappear...
[28Sep2026 01:52:18.893] [Render thread/INFO] [net.minecraft.client.Minecraft/]: Waiting for player to load...
[28Sep2026 01:52:18.942] [Render thread/INFO] [net.minecraft.client.Minecraft/]: Waiting for overlay to disappear...
[28Sep2026 01:52:18.943] [Render thread/INFO] [net.minecraft.client.Minecraft/]: Waiting for player to load...
[28Sep2026 01:52:18.993] [Render thread/INFO] [net.minecraft.client.Minecraft/]: Waiting for overlay to disappear...
[28Sep2026 01:52:18.993] [Render thread/INFO] [net.minecraft.client.Minecraft/]: Waiting for player to load...
[28Sep2026 01:52:19.028] [Render thread/INFO] [net.minecraft.client.Minecraft/]: Waiting for overlay to disappear...
[28Sep2026 01:52:19.028] [Render thread/INFO] [net.minecraft.client.Minecraft/]: Waiting for player to load...
[28Sep2026 01:52:19.081] [Render thread/INFO] [net.minecraft.client.Minecraft/]: Waiting for overlay to disappear...
[28Sep2026 01:52:19.081] [Render thread/INFO] [net.minecraft.client.Minecraft/]: Waiting for player to load...
[28Sep2026 01:52:19.131] [Render thread/INFO] [net.minecraft.client.Minecraft/]: Waiting for overlay to disappear...
[28Sep2026 01:52:19.131] [Render thread/INFO] [net.minecraft.client.Minecraft/]: Waiting for player to load...
[28Sep2026 01:52:19.181] [Render thread/INFO] [net.minecraft.client.Minecraft/]: Waiting for overlay to disappear...
[28Sep2026 01:52:19.181] [Render thread/INFO] [net.minecraft.client.Minecraft/]: Waiting for player to load...
[28Sep2026 01:52:19.231] [Render thread/INFO] [net.minecraft.client.Minecraft/]: Waiting for overlay to disappear...
[28Sep2026 01:52:19.231] [Render thread/INFO] [net.minecraft.client.Minecraft/]: Waiting for player to load...
[28Sep2026 01:52:19.281] [Render thread/INFO] [net.minecraft.client.Minecraft/]: Waiting for overlay to disappear...
[28Sep2026 01:52:19.281] [Render thread/INFO] [net.minecraft.client.Minecraft/]: Waiting for player to load...
[28Sep2026 01:52:19.334] [Render thread/INFO] [net.minecraft.client.Minecraft/]: Waiting for overlay to disappear...
[28Sep2026 01:52:19.334] [Render thread/INFO] [net.minecraft.client.Minecraft/]: Waiting for player to load...
[28Sep2026 01:52:19.384] [Render thread/INFO] [net.minecraft.client.Minecraft/]: Waiting for overlay to disappear...
[28Sep2026 01:52:19.384] [Render thread/INFO] [net.minecraft.client.Minecraft/]: Waiting for player to load...
[28Sep2026 01:52:19.435] [Render thread/INFO] [net.minecraft.client.Minecraft/]: Waiting for overlay to disappear...
[28Sep2026 01:52:19.435] [Render thread/INFO] [net.minecraft.client.Minecraft/]: Waiting for player to load...
[28Sep2026 01:52:19.485] [Render thread/INFO] [net.minecraft.client.Minecraft/]: Waiting for overlay to disappear...
[28Sep2026 01:52:19.486] [Render thread/INFO] [net.minecraft.client.Minecraft/]: Waiting for player to load...
[28Sep2026 01:52:19.535] [Render thread/INFO] [net.minecraft.client.Minecraft/]: Waiting for overlay to disappear...
[28Sep2026 01:52:19.536] [Render thread/INFO] [net.minecraft.client.Minecraft/]: Waiting for player to load...
[28Sep2026 01:52:19.585] [Render thread/INFO] [net.minecraft.client.Minecraft/]: Waiting for overlay to disappear...
[28Sep2026 01:52:19.586] [Render thread/INFO] [net.minecraft.client.Minecraft/]: Waiting for player to load...
[28Sep2026 01:52:19.820] [Render thread/WARN] [com.mojang.blaze3d.opengl.GlProgram/]: neoforge:pipeline/item_translucent_unlit shader program does not use sampler Sampler2 defined in the pipeline. This might be a bug.
[28Sep2026 01:52:19.882] [Render thread/WARN] [com.mojang.blaze3d.opengl.GlProgram/]: neoforge:pipeline/item_cutout_unlit shader program does not use sampler Sampler2 defined in the pipeline. This might be a bug.
[28Sep2026 01:52:19.984] [Render thread/WARN] [net.minecraft.client.sounds.SoundEngine/]: Missing sound for event: minecraft:entity.allay.ambient_with_item
[28Sep2026 01:52:19.984] [Render thread/WARN] [net.minecraft.client.sounds.SoundEngine/]: Missing sound for event: minecraft:entity.allay.ambient_without_item
[28Sep2026 01:52:19.984] [Render thread/WARN] [net.minecraft.client.sounds.SoundEngine/]: Missing sound for event: minecraft:entity.allay.death
[28Sep2026 01:52:19.984] [Render thread/WARN] [net.minecraft.client.sounds.SoundEngine/]: Missing sound for event: minecraft:entity.allay.hurt
[28Sep2026 01:52:19.984] [Render thread/WARN] [net.minecraft.client.sounds.SoundEngine/]: Missing sound for event: minecraft:entity.allay.item_given
[28Sep2026 01:52:19.984] [Render thread/WARN] [net.minecraft.client.sounds.SoundEngine/]: Missing sound for event: minecraft:entity.allay.item_taken
[28Sep2026 01:52:19.984] [Render thread/WARN] [net.minecraft.client.sounds.SoundEngine/]: Missing sound for event: minecraft:entity.allay.item_thrown
[28Sep2026 01:52:19.984] [Render thread/WARN] [net.minecraft.client.sounds.SoundEngine/]: Missing sound for event: minecraft:ambient.cave
[28Sep2026 01:52:19.984] [Render thread/WARN] [net.minecraft.client.sounds.SoundEngine/]: Missing sound for event: minecraft:ambient.basalt_deltas.additions
[28Sep2026 01:52:19.984] [Render thread/WARN] [net.minecraft.client.sounds.SoundEngine/]: Missing sound for event: minecraft:ambient.basalt_deltas.loop
[28Sep2026 01:52:19.984] [Render thread/WARN] [net.minecraft.client.sounds.SoundEngine/]: Missing sound for event: minecraft:ambient.basalt_deltas.mood
[28Sep2026 01:52:19.984] [Render thread/WARN] [net.minecraft.client.sounds.SoundEngine/]: Missing sound for event: minecraft:ambient.crimson_forest.additions
[28Sep2026 01:52:19.984] [Render thread/WARN] [net.minecraft.client.sounds.SoundEngine/]: Missing sound for event: minecraft:ambient.crimson_forest.loop
[28Sep2026 01:52:19.984] [Render thread/WARN] [net.minecraft.client.sounds.SoundEngine/]: Missing sound for event: minecraft:ambient.crimson_forest.mood
[28Sep2026 01:52:19.984] [Render thread/WARN] [net.minecraft.client.sounds.SoundEngine/]: Missing sound for event: minecraft:ambient.nether_wastes.additions
[28Sep2026 01:52:19.984] [Render thread/WARN] [net.minecraft.client.sounds.SoundEngine/]: Missing sound for event: minecraft:ambient.nether_wastes.loop
[28Sep2026 01:52:19.984] [Render thread/WARN] [net.minecraft.client.sounds.SoundEngine/]: Missing sound for event: minecraft:ambient.nether_wastes.mood
[28Sep2026 01:52:19.984] [Render thread/WARN] [net.minecraft.client.sounds.SoundEngine/]: Missing sound for event: minecraft:ambient.soul_sand_valley.additions
[28Sep2026 01:52:19.984] [Render thread/WARN] [net.minecraft.client.sounds.SoundEngine/]: Missing sound for event: minecraft:ambient.soul_sand_valley.loop
[28Sep2026 01:52:19.985] [Render thread/WARN] [net.minecraft.client.sounds.SoundEngine/]: Missing sound for event: minecraft:ambient.soul_sand_valley.mood
[28Sep2026 01:52:19.985] [Render thread/WARN] [net.minecraft.client.sounds.SoundEngine/]: Missing sound for event: minecraft:ambient.warped_forest.additions
[28Sep2026 01:52:19.985] [Render thread/WARN] [net.minecraft.client.sounds.SoundEngine/]: Missing sound for event: minecraft:ambient.warped_forest.loop
[28Sep2026 01:52:19.985] [Render thread/WARN] [net.minecraft.client.sounds.SoundEngine/]: Missing sound for event: minecraft:ambient.warped_forest.mood
[28Sep2026 01:52:19.985] [Render thread/WARN] [net.minecraft.client.sounds.SoundEngine/]: Missing sound for event: minecraft:ambient.underwater.enter
[28Sep2026 01:52:19.985] [Render thread/WARN] [net.minecraft.client.sounds.SoundEngine/]: Missing sound for event: minecraft:ambient.underwater.exit
[28Sep2026 01:52:19.985] [Render thread/WARN] [net.minecraft.client.sounds.SoundEngine/]: Missing sound for event: minecraft:ambient.underwater.loop
[28Sep2026 01:52:19.985] [Render thread/WARN] [net.minecraft.client.sounds.SoundEngine/]: Missing sound for event: minecraft:ambient.underwater.loop.additions
[28Sep2026 01:52:19.985] [Render thread/WARN] [net.minecraft.client.sounds.SoundEngine/]: Missing sound for event: minecraft:ambient.underwater.loop.additions.rare
[28Sep2026 01:52:19.985] [Render thread/WARN] [net.minecraft.client.sounds.SoundEngine/]: Missing sound for event: minecraft:ambient.underwater.loop.additions.ultra_rare
[28Sep2026 01:52:19.985] [Render thread/WARN] [net.minecraft.client.sounds.SoundEngine/]: Missing sound for event: minecraft:block.amethyst_block.break
[28Sep2026 01:52:19.985] [Render thread/WARN] [net.minecraft.client.sounds.SoundEngine/]: Missing sound for event: minecraft:block.amethyst_block.chime
[28Sep2026 01:52:19.985] [Render thread/WARN] [net.minecraft.client.sounds.SoundEngine/]: Missing sound for event: minecraft:block.amethyst_block.fall
[28Sep2026 01:52:19.985] [Render thread/WARN] [net.minecraft.client.sounds.SoundEngine/]: Missing sound for event: minecraft:block.amethyst_block.hit
[28Sep2026 01:52:19.985] [Render thread/WARN] [net.minecraft.client.sounds.SoundEngine/]: Missing sound for event: minecraft:block.amethyst_block.place
[28Sep2026 01:52:19.985] [Render thread/WARN] [net.minecraft.client.sounds.SoundEngine/]: Missing sound for event: minecraft:block.amethyst_block.resonate
[28Sep2026 01:52:19.985] [Render thread/WARN] [net.minecraft.client.sounds.SoundEngine/]: Missing sound for event: minecraft:block.amethyst_block.step
[28Sep2026 01:52:19.985] [Render thread/WARN] [net.minecraft.client.sounds.SoundEngine/]: Missing sound for event: minecraft:block.amethyst_cluster.break
[28Sep2026 01:52:19.985] [Render thread/WARN] [net.minecraft.client.sounds.SoundEngine/]: Missing sound for event: minecraft:block.amethyst_cluster.fall
[28Sep2026 01:52:19.985] [Render thread/WARN] [net.minecraft.client.sounds.SoundEngine/]: Missing sound for event: minecraft:block.amethyst_cluster.hit
[28Sep2026 01:52:19.985] [Render thread/WARN] [net.minecraft.client.sounds.SoundEngine/]: Missing sound for event: minecraft:block.amethyst_cluster.place
[28Sep2026 01:52:19.985] [Render thread/WARN] [net.minecraft.client.sounds.SoundEngine/]: Missing sound for event: minecraft:block.amethyst_cluster.step
[28Sep2026 01:52:19.985] [Render thread/WARN] [net.minecraft.client.sounds.SoundEngine/]: Missing sound for event: minecraft:block.ancient_debris.break
[28Sep2026 01:52:19.985] [Render thread/WARN] [net.minecraft.client.sounds.SoundEngine/]: Missing sound for event: minecraft:block.ancient_debris.step
[28Sep2026 01:52:19.986] [Render thread/WARN] [net.minecraft.client.sounds.SoundEngine/]: Missing sound for event: minecraft:block.ancient_debris.place
[28Sep2026 01:52:19.986] [Render thread/WARN] [net.minecraft.client.sounds.SoundEngine/]: Missing sound for event: minecraft:block.ancient_debris.hit
[28Sep2026 01:52:19.986] [Render thread/WARN] [net.minecraft.client.sounds.SoundEngine/]: Missing sound for event: minecraft:block.ancient_debris.fall
[28Sep2026 01:52:19.986] [Render thread/WARN] [net.minecraft.client.sounds.SoundEngine/]: Missing sound for event: minecraft:block.anvil.break
[28Sep2026 01:52:19.986] [Render thread/WARN] [net.minecraft.client.sounds.SoundEngine/]: Missing sound for event: minecraft:block.anvil.destroy
[28Sep2026 01:52:19.986] [Render thread/WARN] [net.minecraft.client.sounds.SoundEngine/]: Missing sound for event: minecraft:block.anvil.fall
[28Sep2026 01:52:19.986] [Render thread/WARN] [net.minecraft.client.sounds.SoundEngine/]: Missing sound for event: minecraft:block.anvil.hit
[28Sep2026 01:52:19.986] [Render thread/WARN] [net.minecraft.client.sounds.SoundEngine/]: Missing sound for event: minecraft:block.anvil.land
[28Sep2026 01:52:19.986] [Render thread/WARN] [net.minecraft.client.sounds.SoundEngine/]: Missing sound for event: minecraft:block.anvil.place
[28Sep2026 01:52:19.986] [Render thread/WARN] [net.minecraft.client.sounds.SoundEngine/]: Missing sound for event: minecraft:block.anvil.step
[28Sep2026 01:52:19.986] [Render thread/WARN] [net.minecraft.client.sounds.SoundEngine/]: Missing sound for event: minecraft:block.anvil.use
[28Sep2026 01:52:19.986] [Render thread/WARN] [net.minecraft.client.sounds.SoundEngine/]: Missing sound for event: minecraft:entity.armadillo.eat
[28Sep2026 01:52:19.986] [Render thread/WARN] [net.minecraft.client.sounds.SoundEngine/]: Missing sound for event: minecraft:entity.armadillo.hurt
[28Sep2026 01:52:19.986] [Render thread/WARN] [net.minecraft.client.sounds.SoundEngine/]: Missing sound for event: minecraft:entity.armadillo.hurt_reduced
[28Sep2026 01:52:19.986] [Render thread/WARN] [net.minecraft.client.sounds.SoundEngine/]: Missing sound for event: minecraft:entity.armadillo.ambient
[28Sep2026 01:52:19.986] [Render thread/WARN] [net.minecraft.client.sounds.SoundEngine/]: Missing sound for event: minecraft:entity.armadillo.step
[28Sep2026 01:52:19.986] [Render thread/WARN] [net.minecraft.client.sounds.SoundEngine/]: Missing sound for event: minecraft:entity.armadillo.death
[28Sep2026 01:52:19.986] [Render thread/WARN] [net.minecraft.client.sounds.SoundEngine/]: Missing sound for event: minecraft:entity.armadillo.roll
[28Sep2026 01:52:19.986] [Render thread/WARN] [net.minecraft.client.sounds.SoundEngine/]: Missing sound for event: minecraft:entity.armadillo.land
[28Sep2026 01:52:19.986] [Render thread/WARN] [net.minecraft.client.sounds.SoundEngine/]: Missing sound for event: minecraft:entity.armadillo.scute_drop
[28Sep2026 01:52:19.986] [Render thread/WARN] [net.minecraft.client.sounds.SoundEngine/]: Missing sound for event: minecraft:entity.armadillo.unroll_finish
[28Sep2026 01:52:19.986] [Render thread/WARN] [net.minecraft.client.sounds.SoundEngine/]: Missing sound for event: minecraft:entity.armadillo.peek
[28Sep2026 01:52:19.986] [Render thread/WARN] [net.minecraft.client.sounds.SoundEngine/]: Missing sound for event: minecraft:entity.armadillo.unroll_start
[28Sep2026 01:52:19.986] [Render thread/WARN] [net.minecraft.client.sounds.SoundEngine/]: Missing sound for event: minecraft:entity.armadillo.brush
[28Sep2026 01:52:19.986] [Render thread/WARN] [net.minecraft.client.sounds.SoundEngine/]: Missing sound for event: minecraft:item.armor.equip_chain
[28Sep2026 01:52:19.986] [Render thread/WARN] [net.minecraft.client.sounds.SoundEngine/]: Missing sound for event: minecraft:item.armor.equip_diamond
[28Sep2026 01:52:19.986] [Render thread/WARN] [net.minecraft.client.sounds.SoundEngine/]: Missing sound for event: minecraft:item.armor.equip_elytra
[28Sep2026 01:52:19.986] [Render thread/WARN] [net.minecraft.client.sounds.SoundEngine/]: Missing sound for event: minecraft:item.armor.equip_generic
[28Sep2026 01:52:19.986] [Render thread/WARN] [net.minecraft.client.sounds.SoundEngine/]: Missing sound for event: minecraft:item.armor.equip_gold
[28Sep2026 01:52:19.986] [Render thread/WARN] [net.minecraft.client.sounds.SoundEngine/]: Missing sound for event: minecraft:item.armor.equip_iron
[28Sep2026 01:52:19.986] [Render thread/WARN] [net.minecraft.client.sounds.SoundEngine/]: Missing sound for event: minecraft:item.armor.equip_leather
[28Sep2026 01:52:19.986] [Render thread/WARN] [net.minecraft.client.sounds.SoundEngine/]: Missing sound for event: minecraft:item.armor.equip_copper
[28Sep2026 01:52:19.986] [Render thread/WARN] [net.minecraft.client.sounds.SoundEngine/]: Missing sound for event: minecraft:item.armor.equip_netherite
[28Sep2026 01:52:19.986] [Render thread/WARN] [net.minecraft.client.sounds.SoundEngine/]: Missing sound for event: minecraft:item.armor.equip_turtle
[28Sep2026 01:52:19.986] [Render thread/WARN] [net.minecraft.client.sounds.SoundEngine/]: Missing sound for event: minecraft:item.armor.equip_wolf
[28Sep2026 01:52:19.986] [Render thread/WARN] [net.minecraft.client.sounds.SoundEngine/]: Missing sound for event: minecraft:item.armor.unequip_wolf
[28Sep2026 01:52:19.986] [Render thread/WARN] [net.minecraft.client.sounds.SoundEngine/]: Missing sound for event: minecraft:item.armor.equip_nautilus
[28Sep2026 01:52:19.986] [Render thread/WARN] [net.minecraft.client.sounds.SoundEngine/]: Missing sound for event: minecraft:item.armor.unequip_nautilus
[28Sep2026 01:52:19.986] [Render thread/WARN] [net.minecraft.client.sounds.SoundEngine/]: Missing sound for event: minecraft:entity.armor_stand.break
[28Sep2026 01:52:19.986] [Render thread/WARN] [net.minecraft.client.sounds.SoundEngine/]: Missing sound for event: minecraft:entity.armor_stand.fall
[28Sep2026 01:52:19.986] [Render thread/WARN] [net.minecraft.client.sounds.SoundEngine/]: Missing sound for event: minecraft:entity.armor_stand.hit
[28Sep2026 01:52:19.986] [Render thread/WARN] [net.minecraft.client.sounds.SoundEngine/]: Missing sound for event: minecraft:entity.armor_stand.place
[28Sep2026 01:52:19.986] [Render thread/WARN] [net.minecraft.client.sounds.SoundEngine/]: Missing sound for event: minecraft:entity.arrow.hit
[28Sep2026 01:52:19.986] [Render thread/WARN] [net.minecraft.client.sounds.SoundEngine/]: Missing sound for event: minecraft:entity.arrow.hit_player
[28Sep2026 01:52:19.986] [Render thread/WARN] [net.minecraft.client.sounds.SoundEngine/]: Missing sound for event: minecraft:entity.arrow.shoot
[28Sep2026 01:52:19.986] [Render thread/WARN] [net.minecraft.client.sounds.SoundEngine/]: Missing sound for event: minecraft:item.axe.strip
[28Sep2026 01:52:19.986] [Render thread/WARN] [net.minecraft.client.sounds.SoundEngine/]: Missing sound for event: minecraft:item.axe.scrape
[28Sep2026 01:52:19.986] [Render thread/WARN] [net.minecraft.client.sounds.SoundEngine/]: Missing sound for event: minecraft:item.axe.wax_off
[28Sep2026 01:52:19.986] [Render thread/WARN] [net.minecraft.client.sounds.SoundEngine/]: Missing sound for event: minecraft:entity.axolotl.attack
[28Sep2026 01:52:19.986] [Render thread/WARN] [net.minecraft.client.sounds.SoundEngine/]: Missing sound for event: minecraft:entity.axolotl.death
[28Sep2026 01:52:19.986] [Render thread/WARN] [net.minecraft.client.sounds.SoundEngine/]: Missing sound for event: minecraft:entity.axolotl.hurt
[28Sep2026 01:52:19.986] [Render thread/WARN] [net.minecraft.client.sounds.SoundEngine/]: Missing sound for event: minecraft:entity.axolotl.idle_air
[28Sep2026 01:52:19.986] [Render thread/WARN] [net.minecraft.client.sounds.SoundEngine/]: Missing sound for event: minecraft:entity.axolotl.idle_water
[28Sep2026 01:52:19.986] [Render thread/WARN] [net.minecraft.client.sounds.SoundEngine/]: Missing sound for event: minecraft:entity.axolotl.splash
[28Sep2026 01:52:19.986] [Render thread/WARN] [net.minecraft.client.sounds.SoundEngine/]: Missing sound for event: minecraft:entity.axolotl.swim
[28Sep2026 01:52:19.986] [Render thread/WARN] [net.minecraft.client.sounds.SoundEngine/]: Missing sound for event: minecraft:block.azalea.break
[28Sep2026 01:52:19.986] [Render thread/WARN] [net.minecraft.client.sounds.SoundEngine/]: Missing sound for event: minecraft:block.azalea.fall
[28Sep2026 01:52:19.986] [Render thread/WARN] [net.minecraft.client.sounds.SoundEngine/]: Missing sound for event: minecraft:block.azalea.hit
[28Sep2026 01:52:19.987] [Render thread/WARN] [net.minecraft.client.sounds.SoundEngine/]: Missing sound for event: minecraft:block.azalea.place
[28Sep2026 01:52:19.987] [Render thread/WARN] [net.minecraft.client.sounds.SoundEngine/]: Missing sound for event: minecraft:block.azalea.step
[28Sep2026 01:52:19.987] [Render thread/WARN] [net.minecraft.client.sounds.SoundEngine/]: Missing sound for event: minecraft:block.azalea_leaves.break
[28Sep2026 01:52:19.987] [Render thread/WARN] [net.minecraft.client.sounds.SoundEngine/]: Missing sound for event: minecraft:block.azalea_leaves.fall
[28Sep2026 01:52:19.987] [Render thread/WARN] [net.minecraft.client.sounds.SoundEngine/]: Missing sound for event: minecraft:block.azalea_leaves.hit
[28Sep2026 01:52:19.987] [Render thread/WARN] [net.minecraft.client.sounds.SoundEngine/]: Missing sound for event: minecraft:block.azalea_leaves.place
[28Sep2026 01:52:19.987] [Render thread/WARN] [net.minecraft.client.sounds.SoundEngine/]: Missing sound for event: minecraft:block.azalea_leaves.step
[28Sep2026 01:52:19.987] [Render thread/WARN] [net.minecraft.client.sounds.SoundEngine/]: Missing sound for event: minecraft:entity.baby_nautilus.ambient
[28Sep2026 01:52:19.987] [Render thread/WARN] [net.minecraft.client.sounds.SoundEngine/]: Missing sound for event: minecraft:entity.baby_nautilus.ambient_land
[28Sep2026 01:52:19.987] [Render thread/WARN] [net.minecraft.client.sounds.SoundEngine/]: Missing sound for event: minecraft:entity.baby_nautilus.death
[28Sep2026 01:52:19.987] [Render thread/WARN] [net.minecraft.client.sounds.SoundEngine/]: Missing sound for event: minecraft:entity.baby_nautilus.death_land
[28Sep2026 01:52:19.987] [Render thread/WARN] [net.minecraft.client.sounds.SoundEngine/]: Missing sound for event: minecraft:entity.baby_nautilus.eat
[28Sep2026 01:52:19.987] [Render thread/WARN] [net.minecraft.client.sounds.SoundEngine/]: Missing sound for event: minecraft:entity.baby_nautilus.hurt
[28Sep2026 01:52:19.987] [Render thread/WARN] [net.minecraft.client.sounds.SoundEngine/]: Missing sound for event: minecraft:entity.baby_nautilus.hurt_land
[28Sep2026 01:52:19.987] [Render thread/WARN] [net.minecraft.client.sounds.SoundEngine/]: Missing sound for event: minecraft:entity.nautilus.riding
[28Sep2026 01:52:19.987] [Render thread/WARN] [net.minecraft.client.sounds.SoundEngine/]: Missing sound for event: minecraft:entity.baby_nautilus.swim
[28Sep2026 01:52:19.987] [Render thread/WARN] [net.minecraft.client.sounds.SoundEngine/]: Missing sound for event: minecraft:block.bamboo.break
[28Sep2026 01:52:19.987] [Render thread/WARN] [net.minecraft.client.sounds.SoundEngine/]: Missing sound for event: minecraft:block.bamboo.fall
[28Sep2026 01:52:19.987] [Render thread/WARN] [net.minecraft.client.sounds.SoundEngine/]: Missing sound for event: minecraft:block.bamboo.hit
[28Sep2026 01:52:19.987] [Render thread/WARN] [net.minecraft.client.sounds.SoundEngine/]: Missing sound for event: minecraft:block.bamboo.place
[28Sep2026 01:52:19.987] [Render thread/WARN] [net.minecraft.client.sounds.SoundEngine/]: Missing sound for event: minecraft:block.bamboo.step
[28Sep2026 01:52:19.987] [Render thread/WARN] [net.minecraft.client.sounds.SoundEngine/]: Missing sound for event: minecraft:block.bamboo_sapling.break
[28Sep2026 01:52:19.987] [Render thread/WARN] [net.minecraft.client.sounds.SoundEngine/]: Missing sound for event: minecraft:block.bamboo_sapling.hit
[28Sep2026 01:52:19.987] [Render thread/WARN] [net.minecraft.client.sounds.SoundEngine/]: Missing sound for event: minecraft:block.bamboo_sapling.place
[28Sep2026 01:52:19.987] [Render thread/WARN] [net.minecraft.client.sounds.SoundEngine/]: Missing sound for event: minecraft:block.bamboo_wood.break
[28Sep2026 01:52:19.987] [Render thread/WARN] [net.minecraft.client.sounds.SoundEngine/]: Missing sound for event: minecraft:block.bamboo_wood.fall
[28Sep2026 01:52:19.987] [Render thread/WARN] [net.minecraft.client.sounds.SoundEngine/]: Missing sound for event: minecraft:block.bamboo_wood.hit
[28Sep2026 01:52:19.987] [Render thread/WARN] [net.minecraft.client.sounds.SoundEngine/]: Missing sound for event: minecraft:block.bamboo_wood.place
[28Sep2026 01:52:19.987] [Render thread/WARN] [net.minecraft.client.sounds.SoundEngine/]: Missing sound for event: minecraft:block.bamboo_wood.step
[28Sep2026 01:52:19.987] [Render thread/WARN] [net.minecraft.client.sounds.SoundEngine/]: Missing sound for event: minecraft:block.bamboo_wood_door.close
[28Sep2026 01:52:19.987] [Render thread/WARN] [net.minecraft.client.sounds.SoundEngine/]: Missing sound for event: minecraft:block.bamboo_wood_door.open
[28Sep2026 01:52:19.987] [Render thread/WARN] [net.minecraft.client.sounds.SoundEngine/]: Missing sound for event: minecraft:block.bamboo_wood_trapdoor.close
[28Sep2026 01:52:19.987] [Render thread/WARN] [net.minecraft.client.sounds.SoundEngine/]: Missing sound for event: minecraft:block.bamboo_wood_trapdoor.open
[28Sep2026 01:52:19.987] [Render thread/WARN] [net.minecraft.client.sounds.SoundEngine/]: Missing sound for event: minecraft:block.bamboo_wood_button.click_off
[28Sep2026 01:52:19.987] [Render thread/WARN] [net.minecraft.client.sounds.SoundEngine/]: Missing sound for event: minecraft:block.bamboo_wood_button.click_on
[28Sep2026 01:52:19.987] [Render thread/WARN] [net.minecraft.client.sounds.SoundEngine/]: Missing sound for event: minecraft:block.bamboo_wood_pressure_plate.click_off
[28Sep2026 01:52:19.987] [Render thread/WARN] [net.minecraft.client.sounds.SoundEngine/]: Missing sound for event: minecraft:block.bamboo_wood_pressure_plate.click_on
[28Sep2026 01:52:19.987] [Render thread/WARN] [net.minecraft.client.sounds.SoundEngine/]: Missing sound for event: minecraft:block.bamboo_wood_fence_gate.close
[28Sep2026 01:52:19.987] [Render thread/WARN] [net.minecraft.client.sounds.SoundEngine/]: Missing sound for event: minecraft:block.bamboo_wood_fence_gate.open
[28Sep2026 01:52:19.987] [Render thread/WARN] [net.minecraft.client.sounds.SoundEngine/]: Missing sound for event: minecraft:block.barrel.close
[28Sep2026 01:52:19.987] [Render thread/WARN] [net.minecraft.client.sounds.SoundEngine/]: Missing sound for event: minecraft:block.barrel.open
[28Sep2026 01:52:19.987] [Render thread/WARN] [net.minecraft.client.sounds.SoundEngine/]: Missing sound for event: minecraft:block.basalt.break
[28Sep2026 01:52:19.987] [Render thread/WARN] [net.minecraft.client.sounds.SoundEngine/]: Missing sound for event: minecraft:block.basalt.step
[28Sep2026 01:52:19.987] [Render thread/WARN] [net.minecraft.client.sounds.SoundEngine/]: Missing sound for event: minecraft:block.basalt.place
[28Sep2026 01:52:19.987] [Render thread/WARN] [net.minecraft.client.sounds.SoundEngine/]: Missing sound for event: minecraft:block.basalt.hit
[28Sep2026 01:52:19.987] [Render thread/WARN] [net.minecraft.client.sounds.SoundEngine/]: Missing sound for event: minecraft:block.basalt.fall
[28Sep2026 01:52:19.987] [Render thread/WARN] [net.minecraft.client.sounds.SoundEngine/]: Missing sound for event: minecraft:entity.bat.ambient
[28Sep2026 01:52:19.987] [Render thread/WARN] [net.minecraft.client.sounds.SoundEngine/]: Missing sound for event: minecraft:entity.bat.death
[28Sep2026 01:52:19.987] [Render thread/WARN] [net.minecraft.client.sounds.SoundEngine/]: Missing sound for event: minecraft:entity.bat.hurt
[28Sep2026 01:52:19.987] [Render thread/WARN] [net.minecraft.client.sounds.SoundEngine/]: Missing sound for event: minecraft:entity.bat.loop
[28Sep2026 01:52:19.987] [Render thread/WARN] [net.minecraft.client.sounds.SoundEngine/]: Missing sound for event: minecraft:entity.bat.takeoff
[28Sep2026 01:52:19.987] [Render thread/WARN] [net.minecraft.client.sounds.SoundEngine/]: Missing sound for event: minecraft:block.beacon.activate
[28Sep2026 01:52:19.988] [Render thread/WARN] [net.minecraft.client.sounds.SoundEngine/]: Missing sound for event: minecraft:block.beacon.ambient
[28Sep2026 01:52:19.988] [Render thread/WARN] [net.minecraft.client.sounds.SoundEngine/]: Missing sound for event: minecraft:block.beacon.deactivate
[28Sep2026 01:52:19.988] [Render thread/WARN] [net.minecraft.client.sounds.SoundEngine/]: Missing sound for event: minecraft:block.beacon.power_select
[28Sep2026 01:52:19.988] [Render thread/WARN] [net.minecraft.client.sounds.SoundEngine/]: Missing sound for event: minecraft:entity.bee.death
[28Sep2026 01:52:19.988] [Render thread/WARN] [net.minecraft.client.sounds.SoundEngine/]: Missing sound for event: minecraft:entity.bee.hurt
[28Sep2026 01:52:19.988] [Render thread/WARN] [net.minecraft.client.sounds.SoundEngine/]: Missing sound for event: minecraft:entity.bee.loop_aggressive
[28Sep2026 01:52:19.988] [Render thread/WARN] [net.minecraft.client.sounds.SoundEngine/]: Missing sound for event: minecraft:entity.bee.loop
[28Sep2026 01:52:19.988] [Render thread/WARN] [net.minecraft.client.sounds.SoundEngine/]: Missing sound for event: minecraft:entity.bee.sting
[28Sep2026 01:52:19.988] [Render thread/WARN] [net.minecraft.client.sounds.SoundEngine/]: Missing sound for event: minecraft:entity.bee.pollinate
[28Sep2026 01:52:19.988] [Render thread/WARN] [net.minecraft.client.sounds.SoundEngine/]: Missing sound for event: minecraft:block.beehive.drip
[28Sep2026 01:52:19.988] [Render thread/WARN] [net.minecraft.client.sounds.SoundEngine/]: Missing sound for event: minecraft:block.beehive.enter
[28Sep2026 01:52:19.988] [Render thread/WARN] [net.minecraft.client.sounds.SoundEngine/]: Missing sound for event: minecraft:block.beehive.exit
[28Sep2026 01:52:19.988] [Render thread/WARN] [net.minecraft.client.sounds.SoundEngine/]: Missing sound for event: minecraft:block.beehive.shear
[28Sep2026 01:52:19.988] [Render thread/WARN] [net.minecraft.client.sounds.SoundEngine/]: Missing sound for event: minecraft:block.beehive.work
[28Sep2026 01:52:19.990] [Render thread/WARN] [net.minecraft.client.sounds.SoundEngine/]: Missing sound for event: minecraft:block.bell.use
[28Sep2026 01:52:19.990] [Render thread/WARN] [net.minecraft.client.sounds.SoundEngine/]: Missing sound for event: minecraft:block.bell.resonate
[28Sep2026 01:52:19.990] [Render thread/WARN] [net.minecraft.client.sounds.SoundEngine/]: Missing sound for event: minecraft:block.big_dripleaf.break
[28Sep2026 01:52:19.990] [Render thread/WARN] [net.minecraft.client.sounds.SoundEngine/]: Missing sound for event: minecraft:block.big_dripleaf.fall
[28Sep2026 01:52:19.990] [Render thread/WARN] [net.minecraft.client.sounds.SoundEngine/]: Missing sound for event: minecraft:block.big_dripleaf.hit
[28Sep2026 01:52:19.990] [Render thread/WARN] [net.minecraft.client.sounds.SoundEngine/]: Missing sound for event: minecraft:block.big_dripleaf.place
[28Sep2026 01:52:19.990] [Render thread/WARN] [net.minecraft.client.sounds.SoundEngine/]: Missing sound for event: minecraft:block.big_dripleaf.step
[28Sep2026 01:52:19.990] [Render thread/WARN] [net.minecraft.client.sounds.SoundEngine/]: Missing sound for event: minecraft:entity.blaze.ambient
[28Sep2026 01:52:19.990] [Render thread/WARN] [net.minecraft.client.sounds.SoundEngine/]: Missing sound for event: minecraft:entity.blaze.burn
[28Sep2026 01:52:19.990] [Render thread/WARN] [net.minecraft.client.sounds.SoundEngine/]: Missing sound for event: minecraft:entity.blaze.death
[28Sep2026 01:52:19.990] [Render thread/WARN] [net.minecraft.client.sounds.SoundEngine/]: Missing sound for event: minecraft:entity.blaze.hurt
[28Sep2026 01:52:19.990] [Render thread/WARN] [net.minecraft.client.sounds.SoundEngine/]: Missing sound for event: minecraft:entity.blaze.shoot
[28Sep2026 01:52:19.990] [Render thread/WARN] [net.minecraft.client.sounds.SoundEngine/]: Missing sound for event: minecraft:entity.boat.paddle_land
[28Sep2026 01:52:19.990] [Render thread/WARN] [net.minecraft.client.sounds.SoundEngine/]: Missing sound for event: minecraft:entity.boat.paddle_water
[28Sep2026 01:52:19.990] [Render thread/WARN] [net.minecraft.client.sounds.SoundEngine/]: Missing sound for event: minecraft:entity.bogged.ambient
[28Sep2026 01:52:19.990] [Render thread/WARN] [net.minecraft.client.sounds.SoundEngine/]: Missing sound for event: minecraft:entity.bogged.death
[28Sep2026 01:52:19.990] [Render thread/WARN] [net.minecraft.client.sounds.SoundEngine/]: Missing sound for event: minecraft:entity.bogged.hurt
[28Sep2026 01:52:19.990] [Render thread/WARN] [net.minecraft.client.sounds.SoundEngine/]: Missing sound for event: minecraft:entity.bogged.shear
[28Sep2026 01:52:19.990] [Render thread/WARN] [net.minecraft.client.sounds.SoundEngine/]: Missing sound for event: minecraft:entity.bogged.step
[28Sep2026 01:52:19.990] [Render thread/WARN] [net.minecraft.client.sounds.SoundEngine/]: Missing sound for event: minecraft:block.bone_block.break
[28Sep2026 01:52:19.990] [Render thread/WARN] [net.minecraft.client.sounds.SoundEngine/]: Missing sound for event: minecraft:block.bone_block.fall
[28Sep2026 01:52:19.990] [Render thread/WARN] [net.minecraft.client.sounds.SoundEngine/]: Missing sound for event: minecraft:block.bone_block.hit
[28Sep2026 01:52:19.990] [Render thread/WARN] [net.minecraft.client.sounds.SoundEngine/]: Missing sound for event: minecraft:block.bone_block.place
[28Sep2026 01:52:19.990] [Render thread/WARN] [net.minecraft.client.sounds.SoundEngine/]: Missing sound for event: minecraft:block.bone_block.step
[28Sep2026 01:52:19.990] [Render thread/WARN] [net.minecraft.client.sounds.SoundEngine/]: Missing sound for event: minecraft:item.bone_meal.use
[28Sep2026 01:52:19.990] [Render thread/WARN] [net.minecraft.client.sounds.SoundEngine/]: Missing sound for event: minecraft:item.book.page_turn
[28Sep2026 01:52:19.990] [Render thread/WARN] [net.minecraft.client.sounds.SoundEngine/]: Missing sound for event: minecraft:item.book.put
[28Sep2026 01:52:19.990] [Render thread/WARN] [net.minecraft.client.sounds.SoundEngine/]: Missing sound for event: minecraft:block.blastfurnace.fire_crackle
[28Sep2026 01:52:19.990] [Render thread/WARN] [net.minecraft.client.sounds.SoundEngine/]: Missing sound for event: minecraft:item.bottle.empty
[28Sep2026 01:52:19.991] [Render thread/WARN] [net.minecraft.client.sounds.SoundEngine/]: Missing sound for event: minecraft:item.bottle.fill
[28Sep2026 01:52:19.991] [Render thread/WARN] [net.minecraft.client.sounds.SoundEngine/]: Missing sound for event: minecraft:item.bottle.fill_dragonbreath
[28Sep2026 01:52:19.991] [Render thread/WARN] [net.minecraft.client.sounds.SoundEngine/]: Missing sound for event: minecraft:entity.breeze.charge
[28Sep2026 01:52:19.991] [Render thread/WARN] [net.minecraft.client.sounds.SoundEngine/]: Missing sound for event: minecraft:entity.breeze.deflect
[28Sep2026 01:52:19.991] [Render thread/WARN] [net.minecraft.client.sounds.SoundEngine/]: Missing sound for event: minecraft:entity.breeze.inhale
[28Sep2026 01:52:19.991] [Render thread/WARN] [net.minecraft.client.sounds.SoundEngine/]: Missing sound for event: minecraft:entity.breeze.idle_ground
[28Sep2026 01:52:19.991] [Render thread/WARN] [net.minecraft.client.sounds.SoundEngine/]: Missing sound for event: minecraft:entity.breeze.idle_air
[28Sep2026 01:52:19.991] [Render thread/WARN] [net.minecraft.client.sounds.SoundEngine/]: Missing sound for event: minecraft:entity.breeze.shoot
[28Sep2026 01:52:19.991] [Render thread/WARN] [net.minecraft.client.sounds.SoundEngine/]: Missing sound for event: minecraft:entity.breeze.jump
[28Sep2026 01:52:19.991] [Render thread/WARN] [net.minecraft.client.sounds.SoundEngine/]: Missing sound for event: minecraft:entity.breeze.land
[28Sep2026 01:52:19.991] [Render thread/WARN] [net.minecraft.client.sounds.SoundEngine/]: Missing sound for event: minecraft:entity.breeze.slide
[28Sep2026 01:52:19.991] [Render thread/WARN] [net.minecraft.client.sounds.SoundEngine/]: Missing sound for event: minecraft:entity.breeze.death
[28Sep2026 01:52:19.991] [Render thread/WARN] [net.minecraft.client.sounds.SoundEngine/]: Missing sound for event: minecraft:entity.breeze.hurt
[28Sep2026 01:52:19.991] [Render thread/WARN] [net.minecraft.client.sounds.SoundEngine/]: Missing sound for event: minecraft:entity.breeze.whirl
[28Sep2026 01:52:19.991] [Render thread/WARN] [net.minecraft.client.sounds.SoundEngine/]: Missing sound for event: minecraft:entity.breeze.wind_burst
[28Sep2026 01:52:19.991] [Render thread/WARN] [net.minecraft.client.sounds.SoundEngine/]: Missing sound for event: minecraft:block.brewing_stand.brew
[28Sep2026 01:52:19.991] [Render thread/WARN] [net.minecraft.client.sounds.SoundEngine/]: Missing sound for event: minecraft:item.brush.brushing.generic
[28Sep2026 01:52:19.991] [Render thread/WARN] [net.minecraft.client.sounds.SoundEngine/]: Missing sound for event: minecraft:item.brush.brushing.sand
[28Sep2026 01:52:19.991] [Render thread/WARN] [net.minecraft.client.sounds.SoundEngine/]: Missing sound for event: minecraft:item.brush.brushing.gravel
[28Sep2026 01:52:19.991] [Render thread/WARN] [net.minecraft.client.sounds.SoundEngine/]: Missing sound for event: minecraft:item.brush.brushing.sand.complete
[28Sep2026 01:52:19.991] [Render thread/WARN] [net.minecraft.client.sounds.SoundEngine/]: Missing sound for event: minecraft:item.brush.brushing.gravel.complete
[28Sep2026 01:52:19.991] [Render thread/WARN] [net.minecraft.client.sounds.SoundEngine/]: Missing sound for event: minecraft:block.bubble_column.bubble_pop
[28Sep2026 01:52:19.991] [Render thread/WARN] [net.minecraft.client.sounds.SoundEngine/]: Missing sound for event: minecraft:block.bubble_column.upwards_ambient
[28Sep2026 01:52:19.991] [Render thread/WARN] [net.minecraft.client.sounds.SoundEngine/]: Missing sound for event: minecraft:block.bubble_column.upwards_inside
[28Sep2026 01:52:19.991] [Render thread/WARN] [net.minecraft.client.sounds.SoundEngine/]: Missing sound for event: minecraft:block.bubble_column.whirlpool_ambient
[28Sep2026 01:52:19.991] [Render thread/WARN] [net.minecraft.client.sounds.SoundEngine/]: Missing sound for event: minecraft:block.bubble_column.whirlpool_inside
[28Sep2026 01:52:19.991] [Render thread/WARN] [net.minecraft.client.sounds.SoundEngine/]: Missing sound for event: minecraft:ui.hud.bubble_pop
[28Sep2026 01:52:19.991] [Render thread/WARN] [net.minecraft.client.sounds.SoundEngine/]: Missing sound for event: minecraft:item.bucket.empty
[28Sep2026 01:52:19.991] [Render thread/WARN] [net.minecraft.client.sounds.SoundEngine/]: Missing sound for event: minecraft:item.bucket.empty_axolotl
[28Sep2026 01:52:19.991] [Render thread/WARN] [net.minecraft.client.sounds.SoundEngine/]: Missing sound for event: minecraft:item.bucket.empty_fish
[28Sep2026 01:52:19.991] [Render thread/WARN] [net.minecraft.client.sounds.SoundEngine/]: Missing sound for event: minecraft:item.bucket.empty_lava
[28Sep2026 01:52:19.991] [Render thread/WARN] [net.minecraft.client.sounds.SoundEngine/]: Missing sound for event: minecraft:item.bucket.empty_powder_snow
[28Sep2026 01:52:19.991] [Render thread/WARN] [net.minecraft.client.sounds.SoundEngine/]: Missing sound for event: minecraft:item.bucket.empty_tadpole
[28Sep2026 01:52:19.991] [Render thread/WARN] [net.minecraft.client.sounds.SoundEngine/]: Missing sound for event: minecraft:item.bucket.fill
[28Sep2026 01:52:19.991] [Render thread/WARN] [net.minecraft.client.sounds.SoundEngine/]: Missing sound for event: minecraft:item.bucket.fill_axolotl
[28Sep2026 01:52:19.991] [Render thread/WARN] [net.minecraft.client.sounds.SoundEngine/]: Missing sound for event: minecraft:item.bucket.fill_fish
[28Sep2026 01:52:19.991] [Render thread/WARN] [net.minecraft.client.sounds.SoundEngine/]: Missing sound for event: minecraft:item.bucket.fill_lava
[28Sep2026 01:52:19.991] [Render thread/WARN] [net.minecraft.client.sounds.SoundEngine/]: Missing sound for event: minecraft:item.bucket.fill_powder_snow
[28Sep2026 01:52:19.991] [Render thread/WARN] [net.minecraft.client.sounds.SoundEngine/]: Missing sound for event: minecraft:item.bucket.fill_tadpole
[28Sep2026 01:52:19.991] [Render thread/WARN] [net.minecraft.client.sounds.SoundEngine/]: Missing sound for event: minecraft:item.bundle.drop_contents
[28Sep2026 01:52:19.991] [Render thread/WARN] [net.minecraft.client.sounds.SoundEngine/]: Missing sound for event: minecraft:item.bundle.insert
[28Sep2026 01:52:19.991] [Render thread/WARN] [net.minecraft.client.sounds.SoundEngine/]: Missing sound for event: minecraft:item.bundle.insert_fail
[28Sep2026 01:52:19.991] [Render thread/WARN] [net.minecraft.client.sounds.SoundEngine/]: Missing sound for event: minecraft:item.bundle.remove_one
[28Sep2026 01:52:19.991] [Render thread/WARN] [net.minecraft.client.sounds.SoundEngine/]: Missing sound for event: minecraft:block.cactus_flower.break
[28Sep2026 01:52:19.991] [Render thread/WARN] [net.minecraft.client.sounds.SoundEngine/]: Missing sound for event: minecraft:block.cactus_flower.place
[28Sep2026 01:52:19.991] [Render thread/WARN] [net.minecraft.client.sounds.SoundEngine/]: Missing sound for event: minecraft:block.cake.add_candle
[28Sep2026 01:52:19.991] [Render thread/WARN] [net.minecraft.client.sounds.SoundEngine/]: Missing sound for event: minecraft:block.calcite.break
[28Sep2026 01:52:19.991] [Render thread/WARN] [net.minecraft.client.sounds.SoundEngine/]: Missing sound for event: minecraft:block.calcite.step
[28Sep2026 01:52:19.991] [Render thread/WARN] [net.minecraft.client.sounds.SoundEngine/]: Missing sound for event: minecraft:block.calcite.place
[28Sep2026 01:52:19.991] [Render thread/WARN] [net.minecraft.client.sounds.SoundEngine/]: Missing sound for event: minecraft:block.calcite.hit
[28Sep2026 01:52:19.991] [Render thread/WARN] [net.minecraft.client.sounds.SoundEngine/]: Missing sound for event: minecraft:block.calcite.fall
[28Sep2026 01:52:19.991] [Render thread/WARN] [net.minecraft.client.sounds.SoundEngine/]: Missing sound for event: minecraft:entity.camel_husk.ambient
[28Sep2026 01:52:19.992] [Render thread/WARN] [net.minecraft.client.sounds.SoundEngine/]: Missing sound for event: minecraft:entity.camel_husk.dash
[28Sep2026 01:52:19.992] [Render thread/WARN] [net.minecraft.client.sounds.SoundEngine/]: Missing sound for event: minecraft:entity.camel_husk.dash_ready
[28Sep2026 01:52:19.992] [Render thread/WARN] [net.minecraft.client.sounds.SoundEngine/]: Missing sound for event: minecraft:entity.camel_husk.death
[28Sep2026 01:52:19.992] [Render thread/WARN] [net.minecraft.client.sounds.SoundEngine/]: Missing sound for event: minecraft:entity.camel_husk.eat
[28Sep2026 01:52:19.992] [Render thread/WARN] [net.minecraft.client.sounds.SoundEngine/]: Missing sound for event: minecraft:entity.camel_husk.hurt
[28Sep2026 01:52:19.992] [Render thread/WARN] [net.minecraft.client.sounds.SoundEngine/]: Missing sound for event: minecraft:entity.camel_husk.saddle
[28Sep2026 01:52:19.992] [Render thread/WARN] [net.minecraft.client.sounds.SoundEngine/]: Missing sound for event: minecraft:entity.camel_husk.sit
[28Sep2026 01:52:19.992] [Render thread/WARN] [net.minecraft.client.sounds.SoundEngine/]: Missing sound for event: minecraft:entity.camel_husk.stand
[28Sep2026 01:52:19.992] [Render thread/WARN] [net.minecraft.client.sounds.SoundEngine/]: Missing sound for event: minecraft:entity.camel_husk.step
[28Sep2026 01:52:19.992] [Render thread/WARN] [net.minecraft.client.sounds.SoundEngine/]: Missing sound for event: minecraft:entity.camel_husk.step_sand
[28Sep2026 01:52:19.992] [Render thread/WARN] [net.minecraft.client.sounds.SoundEngine/]: Missing sound for event: minecraft:entity.camel.ambient
[28Sep2026 01:52:19.992] [Render thread/WARN] [net.minecraft.client.sounds.SoundEngine/]: Missing sound for event: minecraft:entity.camel.dash
[28Sep2026 01:52:19.992] [Render thread/WARN] [net.minecraft.client.sounds.SoundEngine/]: Missing sound for event: minecraft:entity.camel.dash_ready
[28Sep2026 01:52:19.992] [Render thread/WARN] [net.minecraft.client.sounds.SoundEngine/]: Missing sound for event: minecraft:entity.camel.death
[28Sep2026 01:52:19.992] [Render thread/WARN] [net.minecraft.client.sounds.SoundEngine/]: Missing sound for event: minecraft:entity.camel.eat
[28Sep2026 01:52:19.992] [Render thread/WARN] [net.minecraft.client.sounds.SoundEngine/]: Missing sound for event: minecraft:entity.camel.hurt
[28Sep2026 01:52:19.992] [Render thread/WARN] [net.minecraft.client.sounds.SoundEngine/]: Missing sound for event: minecraft:entity.camel.saddle
[28Sep2026 01:52:19.992] [Render thread/WARN] [net.minecraft.client.sounds.SoundEngine/]: Missing sound for event: minecraft:entity.camel.sit
[28Sep2026 01:52:19.992] [Render thread/WARN] [net.minecraft.client.sounds.SoundEngine/]: Missing sound for event: minecraft:entity.camel.stand
[28Sep2026 01:52:19.992] [Render thread/WARN] [net.minecraft.client.sounds.SoundEngine/]: Missing sound for event: minecraft:entity.camel.step
[28Sep2026 01:52:19.992] [Render thread/WARN] [net.minecraft.client.sounds.SoundEngine/]: Missing sound for event: minecraft:entity.camel.step_sand
[28Sep2026 01:52:19.992] [Render thread/WARN] [net.minecraft.client.sounds.SoundEngine/]: Missing sound for event: minecraft:block.campfire.crackle
[28Sep2026 01:52:19.992] [Render thread/WARN] [net.minecraft.client.sounds.SoundEngine/]: Missing sound for event: minecraft:block.candle.ambient
[28Sep2026 01:52:19.992] [Render thread/WARN] [net.minecraft.client.sounds.SoundEngine/]: Missing sound for event: minecraft:block.candle.break
[28Sep2026 01:52:19.992] [Render thread/WARN] [net.minecraft.client.sounds.SoundEngine/]: Missing sound for event: minecraft:block.candle.extinguish
[28Sep2026 01:52:19.992] [Render thread/WARN] [net.minecraft.client.sounds.SoundEngine/]: Missing sound for event: minecraft:block.candle.fall
[28Sep2026 01:52:19.992] [Render thread/WARN] [net.minecraft.client.sounds.SoundEngine/]: Missing sound for event: minecraft:block.candle.hit
[28Sep2026 01:52:19.992] [Render thread/WARN] [net.minecraft.client.sounds.SoundEngine/]: Missing sound for event: minecraft:block.candle.place
[28Sep2026 01:52:19.992] [Render thread/WARN] [net.minecraft.client.sounds.SoundEngine/]: Missing sound for event: minecraft:block.candle.step
[28Sep2026 01:52:19.992] [Render thread/WARN] [net.minecraft.client.sounds.SoundEngine/]: Missing sound for event: minecraft:entity.baby_cat.ambient
[28Sep2026 01:52:19.992] [Render thread/WARN] [net.minecraft.client.sounds.SoundEngine/]: Missing sound for event: minecraft:entity.baby_cat.stray_ambient
[28Sep2026 01:52:19.992] [Render thread/WARN] [net.minecraft.client.sounds.SoundEngine/]: Missing sound for event: minecraft:entity.baby_cat.death
[28Sep2026 01:52:19.992] [Render thread/WARN] [net.minecraft.client.sounds.SoundEngine/]: Missing sound for event: minecraft:entity.baby_cat.eat
[28Sep2026 01:52:19.992] [Render thread/WARN] [net.minecraft.client.sounds.SoundEngine/]: Missing sound for event: minecraft:entity.baby_cat.hiss
[28Sep2026 01:52:19.992] [Render thread/WARN] [net.minecraft.client.sounds.SoundEngine/]: Missing sound for event: minecraft:entity.baby_cat.beg_for_food
[28Sep2026 01:52:19.992] [Render thread/WARN] [net.minecraft.client.sounds.SoundEngine/]: Missing sound for event: minecraft:entity.baby_cat.hurt
[28Sep2026 01:52:19.992] [Render thread/WARN] [net.minecraft.client.sounds.SoundEngine/]: Missing sound for event: minecraft:entity.baby_cat.purr
[28Sep2026 01:52:19.992] [Render thread/WARN] [net.minecraft.client.sounds.SoundEngine/]: Missing sound for event: minecraft:entity.baby_cat.purreow
[28Sep2026 01:52:19.992] [Render thread/WARN] [net.minecraft.client.sounds.SoundEngine/]: Missing sound for event: minecraft:entity.cat.ambient
[28Sep2026 01:52:19.992] [Render thread/WARN] [net.minecraft.client.sounds.SoundEngine/]: Missing sound for event: minecraft:entity.cat.stray_ambient
[28Sep2026 01:52:19.992] [Render thread/WARN] [net.minecraft.client.sounds.SoundEngine/]: Missing sound for event: minecraft:entity.cat.hiss
[28Sep2026 01:52:19.992] [Render thread/WARN] [net.minecraft.client.sounds.SoundEngine/]: Missing sound for event: minecraft:entity.cat.hurt
[28Sep2026 01:52:19.992] [Render thread/WARN] [net.minecraft.client.sounds.SoundEngine/]: Missing sound for event: minecraft:entity.cat.death
[28Sep2026 01:52:19.992] [Render thread/WARN] [net.minecraft.client.sounds.SoundEngine/]: Missing sound for event: minecraft:entity.cat.eat
[28Sep2026 01:52:19.992] [Render thread/WARN] [net.minecraft.client.sounds.SoundEngine/]: Missing sound for event: minecraft:entity.cat.beg_for_food
[28Sep2026 01:52:19.992] [Render thread/WARN] [net.minecraft.client.sounds.SoundEngine/]: Missing sound for event: minecraft:entity.cat.purr
[28Sep2026 01:52:19.992] [Render thread/WARN] [net.minecraft.client.sounds.SoundEngine/]: Missing sound for event: minecraft:entity.cat.purreow
[28Sep2026 01:52:19.992] [Render thread/WARN] [net.minecraft.client.sounds.SoundEngine/]: Missing sound for event: minecraft:entity.cat_royal.ambient
[28Sep2026 01:52:19.992] [Render thread/WARN] [net.minecraft.client.sounds.SoundEngine/]: Missing sound for event: minecraft:entity.cat_royal.stray_ambient
[28Sep2026 01:52:19.992] [Render thread/WARN] [net.minecraft.client.sounds.SoundEngine/]: Missing sound for event: minecraft:entity.cat_royal.hiss
[28Sep2026 01:52:19.992] [Render thread/WARN] [net.minecraft.client.sounds.SoundEngine/]: Missing sound for event: minecraft:entity.cat_royal.hurt
[28Sep2026 01:52:19.992] [Render thread/WARN] [net.minecraft.client.sounds.SoundEngine/]: Missing sound for event: minecraft:entity.cat_royal.death
[28Sep2026 01:52:19.992] [Render thread/WARN] [net.minecraft.client.sounds.SoundEngine/]: Missing sound for event: minecraft:entity.cat_royal.eat
[28Sep2026 01:52:19.992] [Render thread/WARN] [net.minecraft.client.sounds.SoundEngine/]: Missing sound for event: minecraft:entity.cat_royal.beg_for_food
[28Sep2026 01:52:19.992] [Render thread/WARN] [net.minecraft.client.sounds.SoundEngine/]: Missing sound for event: minecraft:entity.cat_royal.purr
[28Sep2026 01:52:19.992] [Render thread/WARN] [net.minecraft.client.sounds.SoundEngine/]: Missing sound for event: minecraft:entity.cat_royal.purreow
[28Sep2026 01:52:19.992] [Render thread/WARN] [net.minecraft.client.sounds.SoundEngine/]: Missing sound for event: minecraft:block.cave_vines.break
[28Sep2026 01:52:19.992] [Render thread/WARN] [net.minecraft.client.sounds.SoundEngine/]: Missing sound for event: minecraft:block.cave_vines.fall
[28Sep2026 01:52:19.992] [Render thread/WARN] [net.minecraft.client.sounds.SoundEngine/]: Missing sound for event: minecraft:block.cave_vines.hit
[28Sep2026 01:52:19.992] [Render thread/WARN] [net.minecraft.client.sounds.SoundEngine/]: Missing sound for event: minecraft:block.cave_vines.place
[28Sep2026 01:52:19.992] [Render thread/WARN] [net.minecraft.client.sounds.SoundEngine/]: Missing sound for event: minecraft:block.cave_vines.step
[28Sep2026 01:52:19.992] [Render thread/WARN] [net.minecraft.client.sounds.SoundEngine/]: Missing sound for event: minecraft:block.cave_vines.pick_berries
[28Sep2026 01:52:19.993] [Render thread/WARN] [net.minecraft.client.sounds.SoundEngine/]: Missing sound for event: minecraft:block.chain.break
[28Sep2026 01:52:19.993] [Render thread/WARN] [net.minecraft.client.sounds.SoundEngine/]: Missing sound for event: minecraft:block.chain.fall
[28Sep2026 01:52:19.993] [Render thread/WARN] [net.minecraft.client.sounds.SoundEngine/]: Missing sound for event: minecraft:block.chain.hit
[28Sep2026 01:52:19.993] [Render thread/WARN] [net.minecraft.client.sounds.SoundEngine/]: Missing sound for event: minecraft:block.chain.place
[28Sep2026 01:52:19.993] [Render thread/WARN] [net.minecraft.client.sounds.SoundEngine/]: Missing sound for event: minecraft:block.chain.step
[28Sep2026 01:52:19.993] [Render thread/WARN] [net.minecraft.client.sounds.SoundEngine/]: Missing sound for event: minecraft:block.cherry_wood.break
[28Sep2026 01:52:19.993] [Render thread/WARN] [net.minecraft.client.sounds.SoundEngine/]: Missing sound for event: minecraft:block.cherry_wood.fall
[28Sep2026 01:52:19.993] [Render thread/WARN] [net.minecraft.client.sounds.SoundEngine/]: Missing sound for event: minecraft:block.cherry_wood.hit
[28Sep2026 01:52:19.993] [Render thread/WARN] [net.minecraft.client.sounds.SoundEngine/]: Missing sound for event: minecraft:block.cherry_wood.place
[28Sep2026 01:52:19.993] [Render thread/WARN] [net.minecraft.client.sounds.SoundEngine/]: Missing sound for event: minecraft:block.cherry_wood.step
[28Sep2026 01:52:19.993] [Render thread/WARN] [net.minecraft.client.sounds.SoundEngine/]: Missing sound for event: minecraft:block.cherry_sapling.break
[28Sep2026 01:52:19.993] [Render thread/WARN] [net.minecraft.client.sounds.SoundEngine/]: Missing sound for event: minecraft:block.cherry_sapling.fall
[28Sep2026 01:52:19.993] [Render thread/WARN] [net.minecraft.client.sounds.SoundEngine/]: Missing sound for event: minecraft:block.cherry_sapling.hit
[28Sep2026 01:52:19.993] [Render thread/WARN] [net.minecraft.client.sounds.SoundEngine/]: Missing sound for event: minecraft:block.cherry_sapling.place
[28Sep2026 01:52:19.993] [Render thread/WARN] [net.minecraft.client.sounds.SoundEngine/]: Missing sound for event: minecraft:block.cherry_sapling.step
[28Sep2026 01:52:19.993] [Render thread/WARN] [net.minecraft.client.sounds.SoundEngine/]: Missing sound for event: minecraft:block.cherry_leaves.break
[28Sep2026 01:52:19.993] [Render thread/WARN] [net.minecraft.client.sounds.SoundEngine/]: Missing sound for event: minecraft:block.cherry_leaves.fall
[28Sep2026 01:52:19.993] [Render thread/WARN] [net.minecraft.client.sounds.SoundEngine/]: Missing sound for event: minecraft:block.cherry_leaves.hit
[28Sep2026 01:52:19.993] [Render thread/WARN] [net.minecraft.client.sounds.SoundEngine/]: Missing sound for event: minecraft:block.cherry_leaves.place
[28Sep2026 01:52:19.993] [Render thread/WARN] [net.minecraft.client.sounds.SoundEngine/]: Missing sound for event: minecraft:block.cherry_leaves.step
[28Sep2026 01:52:19.993] [Render thread/WARN] [net.minecraft.client.sounds.SoundEngine/]: Missing sound for event: minecraft:block.cherry_wood_hanging_sign.step
[28Sep2026 01:52:19.993] [Render thread/WARN] [net.minecraft.client.sounds.SoundEngine/]: Missing sound for event: minecraft:block.cherry_wood_hanging_sign.break
[28Sep2026 01:52:19.993] [Render thread/WARN] [net.minecraft.client.sounds.SoundEngine/]: Missing sound for event: minecraft:block.cherry_wood_hanging_sign.fall
[28Sep2026 01:52:19.993] [Render thread/WARN] [net.minecraft.client.sounds.SoundEngine/]: Missing sound for event: minecraft:block.cherry_wood_hanging_sign.hit
[28Sep2026 01:52:19.993] [Render thread/WARN] [net.minecraft.client.sounds.SoundEngine/]: Missing sound for event: minecraft:block.cherry_wood_hanging_sign.place
[28Sep2026 01:52:19.993] [Render thread/WARN] [net.minecraft.client.sounds.SoundEngine/]: Missing sound for event: minecraft:block.cherry_wood_door.close
[28Sep2026 01:52:19.993] [Render thread/WARN] [net.minecraft.client.sounds.SoundEngine/]: Missing sound for event: minecraft:block.cherry_wood_door.open
[28Sep2026 01:52:19.993] [Render thread/WARN] [net.minecraft.client.sounds.SoundEngine/]: Missing sound for event: minecraft:block.cherry_wood_trapdoor.close
[28Sep2026 01:52:19.993] [Render thread/WARN] [net.minecraft.client.sounds.SoundEngine/]: Missing sound for event: minecraft:block.cherry_wood_trapdoor.open
[28Sep2026 01:52:19.993] [Render thread/WARN] [net.minecraft.client.sounds.SoundEngine/]: Missing sound for event: minecraft:block.cherry_wood_button.click_off
[28Sep2026 01:52:19.993] [Render thread/WARN] [net.minecraft.client.sounds.SoundEngine/]: Missing sound for event: minecraft:block.cherry_wood_button.click_on
[28Sep2026 01:52:19.993] [Render thread/WARN] [net.minecraft.client.sounds.SoundEngine/]: Missing sound for event: minecraft:block.cherry_wood_pressure_plate.click_off
[28Sep2026 01:52:19.993] [Render thread/WARN] [net.minecraft.client.sounds.SoundEngine/]: Missing sound for event: minecraft:block.cherry_wood_pressure_plate.click_on
[28Sep2026 01:52:19.993] [Render thread/WARN] [net.minecraft.client.sounds.SoundEngine/]: Missing sound for event: minecraft:block.cherry_wood_fence_gate.close
[28Sep2026 01:52:19.993] [Render thread/WARN] [net.minecraft.client.sounds.SoundEngine/]: Missing sound for event: minecraft:block.cherry_wood_fence_gate.open
[28Sep2026 01:52:19.993] [Render thread/WARN] [net.minecraft.client.sounds.SoundEngine/]: Missing sound for event: minecraft:block.chest.close
[28Sep2026 01:52:19.993] [Render thread/WARN] [net.minecraft.client.sounds.SoundEngine/]: Missing sound for event: minecraft:block.chest.locked
[28Sep2026 01:52:19.993] [Render thread/WARN] [net.minecraft.client.sounds.SoundEngine/]: Missing sound for event: minecraft:block.chest.open
[28Sep2026 01:52:19.993] [Render thread/WARN] [net.minecraft.client.sounds.SoundEngine/]: Missing sound for event: minecraft:entity.baby_chicken.ambient
[28Sep2026 01:52:19.993] [Render thread/WARN] [net.minecraft.client.sounds.SoundEngine/]: Missing sound for event: minecraft:entity.baby_chicken.death
[28Sep2026 01:52:19.993] [Render thread/WARN] [net.minecraft.client.sounds.SoundEngine/]: Missing sound for event: minecraft:entity.chicken.egg
[28Sep2026 01:52:19.993] [Render thread/WARN] [net.minecraft.client.sounds.SoundEngine/]: Missing sound for event: minecraft:entity.baby_chicken.hurt
[28Sep2026 01:52:19.993] [Render thread/WARN] [net.minecraft.client.sounds.SoundEngine/]: Missing sound for event: minecraft:entity.chicken.step
[28Sep2026 01:52:19.993] [Render thread/WARN] [net.minecraft.client.sounds.SoundEngine/]: Missing sound for event: minecraft:entity.baby_chicken.step
[28Sep2026 01:52:19.993] [Render thread/WARN] [net.minecraft.client.sounds.SoundEngine/]: Missing sound for event: minecraft:entity.chicken.ambient
[28Sep2026 01:52:19.993] [Render thread/WARN] [net.minecraft.client.sounds.SoundEngine/]: Missing sound for event: minecraft:entity.chicken.hurt
[28Sep2026 01:52:19.993] [Render thread/WARN] [net.minecraft.client.sounds.SoundEngine/]: Missing sound for event: minecraft:entity.chicken.death
[28Sep2026 01:52:19.993] [Render thread/WARN] [net.minecraft.client.sounds.SoundEngine/]: Missing sound for event: minecraft:entity.chicken_picky.ambient
[28Sep2026 01:52:19.993] [Render thread/WARN] [net.minecraft.client.sounds.SoundEngine/]: Missing sound for event: minecraft:entity.chicken_picky.hurt
[28Sep2026 01:52:19.993] [Render thread/WARN] [net.minecraft.client.sounds.SoundEngine/]: Missing sound for event: minecraft:entity.chicken_picky.death
[28Sep2026 01:52:19.993] [Render thread/WARN] [net.minecraft.client.sounds.SoundEngine/]: Missing sound for event: minecraft:block.chiseled_bookshelf.break
[28Sep2026 01:52:19.993] [Render thread/WARN] [net.minecraft.client.sounds.SoundEngine/]: Missing sound for event: minecraft:block.chiseled_bookshelf.fall
[28Sep2026 01:52:19.993] [Render thread/WARN] [net.minecraft.client.sounds.SoundEngine/]: Missing sound for event: minecraft:block.chiseled_bookshelf.hit
[28Sep2026 01:52:19.993] [Render thread/WARN] [net.minecraft.client.sounds.SoundEngine/]: Missing sound for event: minecraft:block.chiseled_bookshelf.insert
[28Sep2026 01:52:19.993] [Render thread/WARN] [net.minecraft.client.sounds.SoundEngine/]: Missing sound for event: minecraft:block.chiseled_bookshelf.insert.enchanted
[28Sep2026 01:52:19.993] [Render thread/WARN] [net.minecraft.client.sounds.SoundEngine/]: Missing sound for event: minecraft:block.chiseled_bookshelf.step
[28Sep2026 01:52:19.993] [Render thread/WARN] [net.minecraft.client.sounds.SoundEngine/]: Missing sound for event: minecraft:block.chiseled_bookshelf.pickup
[28Sep2026 01:52:19.993] [Render thread/WARN] [net.minecraft.client.sounds.SoundEngine/]: Missing sound for event: minecraft:block.chiseled_bookshelf.pickup.enchanted
[28Sep2026 01:52:19.994] [Render thread/WARN] [net.minecraft.client.sounds.SoundEngine/]: Missing sound for event: minecraft:block.chiseled_bookshelf.place
[28Sep2026 01:52:19.994] [Render thread/WARN] [net.minecraft.client.sounds.SoundEngine/]: Missing sound for event: minecraft:block.chorus_flower.death
[28Sep2026 01:52:19.994] [Render thread/WARN] [net.minecraft.client.sounds.SoundEngine/]: Missing sound for event: minecraft:block.chorus_flower.grow
[28Sep2026 01:52:19.994] [Render thread/WARN] [net.minecraft.client.sounds.SoundEngine/]: Missing sound for event: minecraft:item.chorus_fruit.teleport
[28Sep2026 01:52:19.994] [Render thread/WARN] [net.minecraft.client.sounds.SoundEngine/]: Missing sound for event: minecraft:block.cobweb.break
[28Sep2026 01:52:19.994] [Render thread/WARN] [net.minecraft.client.sounds.SoundEngine/]: Missing sound for event: minecraft:block.cobweb.step
[28Sep2026 01:52:19.994] [Render thread/WARN] [net.minecraft.client.sounds.SoundEngine/]: Missing sound for event: minecraft:block.cobweb.place
[28Sep2026 01:52:19.994] [Render thread/WARN] [net.minecraft.client.sounds.SoundEngine/]: Missing sound for event: minecraft:block.cobweb.hit
[28Sep2026 01:52:19.994] [Render thread/WARN] [net.minecraft.client.sounds.SoundEngine/]: Missing sound for event: minecraft:block.cobweb.fall
[28Sep2026 01:52:19.994] [Render thread/WARN] [net.minecraft.client.sounds.SoundEngine/]: Missing sound for event: minecraft:entity.cod.ambient
[28Sep2026 01:52:19.994] [Render thread/WARN] [net.minecraft.client.sounds.SoundEngine/]: Missing sound for event: minecraft:entity.cod.death
[28Sep2026 01:52:19.994] [Render thread/WARN] [net.minecraft.client.sounds.SoundEngine/]: Missing sound for event: minecraft:entity.cod.flop
[28Sep2026 01:52:19.994] [Render thread/WARN] [net.minecraft.client.sounds.SoundEngine/]: Missing sound for event: minecraft:entity.cod.hurt
[28Sep2026 01:52:19.994] [Render thread/WARN] [net.minecraft.client.sounds.SoundEngine/]: Missing sound for event: minecraft:block.comparator.click
[28Sep2026 01:52:19.994] [Render thread/WARN] [net.minecraft.client.sounds.SoundEngine/]: Missing sound for event: minecraft:block.composter.empty
[28Sep2026 01:52:19.994] [Render thread/WARN] [net.minecraft.client.sounds.SoundEngine/]: Missing sound for event: minecraft:block.composter.fill
[28Sep2026 01:52:19.994] [Render thread/WARN] [net.minecraft.client.sounds.SoundEngine/]: Missing sound for event: minecraft:block.composter.fill_success
[28Sep2026 01:52:19.994] [Render thread/WARN] [net.minecraft.client.sounds.SoundEngine/]: Missing sound for event: minecraft:block.composter.ready
[28Sep2026 01:52:19.994] [Render thread/WARN] [net.minecraft.client.sounds.SoundEngine/]: Missing sound for event: minecraft:block.conduit.activate
[28Sep2026 01:52:19.994] [Render thread/WARN] [net.minecraft.client.sounds.SoundEngine/]: Missing sound for event: minecraft:block.conduit.ambient
[28Sep2026 01:52:19.994] [Render thread/WARN] [net.minecraft.client.sounds.SoundEngine/]: Missing sound for event: minecraft:block.conduit.ambient.short
[28Sep2026 01:52:19.994] [Render thread/WARN] [net.minecraft.client.sounds.SoundEngine/]: Missing sound for event: minecraft:block.conduit.attack.target
[28Sep2026 01:52:19.994] [Render thread/WARN] [net.minecraft.client.sounds.SoundEngine/]: Missing sound for event: minecraft:block.conduit.deactivate
[28Sep2026 01:52:19.994] [Render thread/WARN] [net.minecraft.client.sounds.SoundEngine/]: Missing sound for event: minecraft:block.copper_bulb.break
[28Sep2026 01:52:19.994] [Render thread/WARN] [net.minecraft.client.sounds.SoundEngine/]: Missing sound for event: minecraft:block.copper_bulb.step
[28Sep2026 01:52:19.994] [Render thread/WARN] [net.minecraft.client.sounds.SoundEngine/]: Missing sound for event: minecraft:block.copper_bulb.place
[28Sep2026 01:52:19.994] [Render thread/WARN] [net.minecraft.client.sounds.SoundEngine/]: Missing sound for event: minecraft:block.copper_bulb.hit
[28Sep2026 01:52:19.994] [Render thread/WARN] [net.minecraft.client.sounds.SoundEngine/]: Missing sound for event: minecraft:block.copper_bulb.fall
[28Sep2026 01:52:19.994] [Render thread/WARN] [net.minecraft.client.sounds.SoundEngine/]: Missing sound for event: minecraft:block.copper_bulb.turn_on
[28Sep2026 01:52:19.994] [Render thread/WARN] [net.minecraft.client.sounds.SoundEngine/]: Missing sound for event: minecraft:block.copper_bulb.turn_off
[28Sep2026 01:52:19.994] [Render thread/WARN] [net.minecraft.client.sounds.SoundEngine/]: Missing sound for event: minecraft:block.copper.break
[28Sep2026 01:52:19.994] [Render thread/WARN] [net.minecraft.client.sounds.SoundEngine/]: Missing sound for event: minecraft:block.copper.step
[28Sep2026 01:52:19.994] [Render thread/WARN] [net.minecraft.client.sounds.SoundEngine/]: Missing sound for event: minecraft:block.copper.place
[28Sep2026 01:52:19.994] [Render thread/WARN] [net.minecraft.client.sounds.SoundEngine/]: Missing sound for event: minecraft:block.copper.hit
[28Sep2026 01:52:19.994] [Render thread/WARN] [net.minecraft.client.sounds.SoundEngine/]: Missing sound for event: minecraft:block.copper.fall
[28Sep2026 01:52:19.994] [Render thread/WARN] [net.minecraft.client.sounds.SoundEngine/]: Missing sound for event: minecraft:block.copper_chest.close
[28Sep2026 01:52:19.994] [Render thread/WARN] [net.minecraft.client.sounds.SoundEngine/]: Missing sound for event: minecraft:block.copper_chest.open
[28Sep2026 01:52:19.994] [Render thread/WARN] [net.minecraft.client.sounds.SoundEngine/]: Missing sound for event: minecraft:block.copper_chest_weathered.close
[28Sep2026 01:52:19.994] [Render thread/WARN] [net.minecraft.client.sounds.SoundEngine/]: Missing sound for event: minecraft:block.copper_chest_weathered.open
[28Sep2026 01:52:19.994] [Render thread/WARN] [net.minecraft.client.sounds.SoundEngine/]: Missing sound for event: minecraft:block.copper_chest_oxidized.close
[28Sep2026 01:52:19.994] [Render thread/WARN] [net.minecraft.client.sounds.SoundEngine/]: Missing sound for event: minecraft:block.copper_chest_oxidized.open
[28Sep2026 01:52:19.994] [Render thread/WARN] [net.minecraft.client.sounds.SoundEngine/]: Missing sound for event: minecraft:block.copper_door.close
[28Sep2026 01:52:19.994] [Render thread/WARN] [net.minecraft.client.sounds.SoundEngine/]: Missing sound for event: minecraft:block.copper_door.open
[28Sep2026 01:52:19.994] [Render thread/WARN] [net.minecraft.client.sounds.SoundEngine/]: Missing sound for event: minecraft:entity.copper_golem.step
[28Sep2026 01:52:19.994] [Render thread/WARN] [net.minecraft.client.sounds.SoundEngine/]: Missing sound for event: minecraft:entity.copper_golem.hurt
[28Sep2026 01:52:19.994] [Render thread/WARN] [net.minecraft.client.sounds.SoundEngine/]: Missing sound for event: minecraft:entity.copper_golem.death
[28Sep2026 01:52:19.994] [Render thread/WARN] [net.minecraft.client.sounds.SoundEngine/]: Missing sound for event: minecraft:entity.copper_golem_weathered.step
[28Sep2026 01:52:19.994] [Render thread/WARN] [net.minecraft.client.sounds.SoundEngine/]: Missing sound for event: minecraft:entity.copper_golem_weathered.hurt
[28Sep2026 01:52:19.994] [Render thread/WARN] [net.minecraft.client.sounds.SoundEngine/]: Missing sound for event: minecraft:entity.copper_golem_weathered.death
[28Sep2026 01:52:19.994] [Render thread/WARN] [net.minecraft.client.sounds.SoundEngine/]: Missing sound for event: minecraft:entity.copper_golem_oxidized.step
[28Sep2026 01:52:19.994] [Render thread/WARN] [net.minecraft.client.sounds.SoundEngine/]: Missing sound for event: minecraft:entity.copper_golem_oxidized.hurt
[28Sep2026 01:52:19.994] [Render thread/WARN] [net.minecraft.client.sounds.SoundEngine/]: Missing sound for event: minecraft:entity.copper_golem_oxidized.death
[28Sep2026 01:52:19.994] [Render thread/WARN] [net.minecraft.client.sounds.SoundEngine/]: Missing sound for event: minecraft:entity.copper_golem.spin
[28Sep2026 01:52:19.994] [Render thread/WARN] [net.minecraft.client.sounds.SoundEngine/]: Missing sound for event: minecraft:entity.copper_golem_weathered.spin
[28Sep2026 01:52:19.994] [Render thread/WARN] [net.minecraft.client.sounds.SoundEngine/]: Missing sound for event: minecraft:entity.copper_golem_oxidized.spin
[28Sep2026 01:52:19.994] [Render thread/WARN] [net.minecraft.client.sounds.SoundEngine/]: Missing sound for event: minecraft:entity.copper_golem.no_item_get
[28Sep2026 01:52:19.994] [Render thread/WARN] [net.minecraft.client.sounds.SoundEngine/]: Missing sound for event: minecraft:entity.copper_golem.no_item_no_get
[28Sep2026 01:52:19.995] [Render thread/WARN] [net.minecraft.client.sounds.SoundEngine/]: Missing sound for event: minecraft:entity.copper_golem.item_drop
[28Sep2026 01:52:19.995] [Render thread/WARN] [net.minecraft.client.sounds.SoundEngine/]: Missing sound for event: minecraft:entity.copper_golem.item_no_drop
[28Sep2026 01:52:19.995] [Render thread/WARN] [net.minecraft.client.sounds.SoundEngine/]: Missing sound for event: minecraft:entity.copper_golem_become_statue
[28Sep2026 01:52:19.995] [Render thread/WARN] [net.minecraft.client.sounds.SoundEngine/]: Missing sound for event: minecraft:block.copper_golem_statue.break
[28Sep2026 01:52:19.995] [Render thread/WARN] [net.minecraft.client.sounds.SoundEngine/]: Missing sound for event: minecraft:block.copper_golem_statue.place
[28Sep2026 01:52:19.995] [Render thread/WARN] [net.minecraft.client.sounds.SoundEngine/]: Missing sound for event: minecraft:block.copper_golem_statue.hit
[28Sep2026 01:52:19.995] [Render thread/WARN] [net.minecraft.client.sounds.SoundEngine/]: Missing sound for event: minecraft:block.copper_golem_statue.step
[28Sep2026 01:52:19.995] [Render thread/WARN] [net.minecraft.client.sounds.SoundEngine/]: Missing sound for event: minecraft:block.copper_golem_statue.fall
[28Sep2026 01:52:19.995] [Render thread/WARN] [net.minecraft.client.sounds.SoundEngine/]: Missing sound for event: minecraft:entity.copper_golem.spawn
[28Sep2026 01:52:19.995] [Render thread/WARN] [net.minecraft.client.sounds.SoundEngine/]: Missing sound for event: minecraft:entity.copper_golem.shear
[28Sep2026 01:52:19.995] [Render thread/WARN] [net.minecraft.client.sounds.SoundEngine/]: Missing sound for event: minecraft:block.copper_grate.break
[28Sep2026 01:52:19.995] [Render thread/WARN] [net.minecraft.client.sounds.SoundEngine/]: Missing sound for event: minecraft:block.copper_grate.step
[28Sep2026 01:52:19.995] [Render thread/WARN] [net.minecraft.client.sounds.SoundEngine/]: Missing sound for event: minecraft:block.copper_grate.place
[28Sep2026 01:52:19.995] [Render thread/WARN] [net.minecraft.client.sounds.SoundEngine/]: Missing sound for event: minecraft:block.copper_grate.hit
[28Sep2026 01:52:19.995] [Render thread/WARN] [net.minecraft.client.sounds.SoundEngine/]: Missing sound for event: minecraft:block.copper_grate.fall
[28Sep2026 01:52:19.995] [Render thread/WARN] [net.minecraft.client.sounds.SoundEngine/]: Missing sound for event: minecraft:block.copper_trapdoor.close
[28Sep2026 01:52:19.995] [Render thread/WARN] [net.minecraft.client.sounds.SoundEngine/]: Missing sound for event: minecraft:block.copper_trapdoor.open
[28Sep2026 01:52:19.995] [Render thread/WARN] [net.minecraft.client.sounds.SoundEngine/]: Missing sound for event: minecraft:block.coral_block.break
[28Sep2026 01:52:19.995] [Render thread/WARN] [net.minecraft.client.sounds.SoundEngine/]: Missing sound for event: minecraft:block.coral_block.fall
[28Sep2026 01:52:19.995] [Render thread/WARN] [net.minecraft.client.sounds.SoundEngine/]: Missing sound for event: minecraft:block.coral_block.hit
[28Sep2026 01:52:19.995] [Render thread/WARN] [net.minecraft.client.sounds.SoundEngine/]: Missing sound for event: minecraft:block.coral_block.place
[28Sep2026 01:52:19.995] [Render thread/WARN] [net.minecraft.client.sounds.SoundEngine/]: Missing sound for event: minecraft:block.coral_block.step
[28Sep2026 01:52:19.995] [Render thread/WARN] [net.minecraft.client.sounds.SoundEngine/]: Missing sound for event: minecraft:entity.cow.milk
[28Sep2026 01:52:19.995] [Render thread/WARN] [net.minecraft.client.sounds.SoundEngine/]: Missing sound for event: minecraft:entity.cow.ambient
[28Sep2026 01:52:19.995] [Render thread/WARN] [net.minecraft.client.sounds.SoundEngine/]: Missing sound for event: minecraft:entity.cow.hurt
[28Sep2026 01:52:19.995] [Render thread/WARN] [net.minecraft.client.sounds.SoundEngine/]: Missing sound for event: minecraft:entity.cow.death
[28Sep2026 01:52:19.995] [Render thread/WARN] [net.minecraft.client.sounds.SoundEngine/]: Missing sound for event: minecraft:entity.cow.step
[28Sep2026 01:52:19.995] [Render thread/WARN] [net.minecraft.client.sounds.SoundEngine/]: Missing sound for event: minecraft:entity.cow_moody.ambient
[28Sep2026 01:52:19.995] [Render thread/WARN] [net.minecraft.client.sounds.SoundEngine/]: Missing sound for event: minecraft:entity.cow_moody.hurt
[28Sep2026 01:52:19.995] [Render thread/WARN] [net.minecraft.client.sounds.SoundEngine/]: Missing sound for event: minecraft:entity.cow_moody.death
[28Sep2026 01:52:19.995] [Render thread/WARN] [net.minecraft.client.sounds.SoundEngine/]: Missing sound for event: minecraft:entity.cow_moody.step
[28Sep2026 01:52:19.995] [Render thread/WARN] [net.minecraft.client.sounds.SoundEngine/]: Missing sound for event: minecraft:block.crafter.craft
[28Sep2026 01:52:19.995] [Render thread/WARN] [net.minecraft.client.sounds.SoundEngine/]: Missing sound for event: minecraft:block.crafter.fail
[28Sep2026 01:52:19.995] [Render thread/WARN] [net.minecraft.client.sounds.SoundEngine/]: Missing sound for event: minecraft:entity.creaking.ambient
[28Sep2026 01:52:19.995] [Render thread/WARN] [net.minecraft.client.sounds.SoundEngine/]: Missing sound for event: minecraft:entity.creaking.activate
[28Sep2026 01:52:19.995] [Render thread/WARN] [net.minecraft.client.sounds.SoundEngine/]: Missing sound for event: minecraft:entity.creaking.deactivate
[28Sep2026 01:52:19.995] [Render thread/WARN] [net.minecraft.client.sounds.SoundEngine/]: Missing sound for event: minecraft:entity.creaking.attack
[28Sep2026 01:52:19.995] [Render thread/WARN] [net.minecraft.client.sounds.SoundEngine/]: Missing sound for event: minecraft:entity.creaking.death
[28Sep2026 01:52:19.995] [Render thread/WARN] [net.minecraft.client.sounds.SoundEngine/]: Missing sound for event: minecraft:entity.creaking.step
[28Sep2026 01:52:19.995] [Render thread/WARN] [net.minecraft.client.sounds.SoundEngine/]: Missing sound for event: minecraft:entity.creaking.freeze
[28Sep2026 01:52:19.995] [Render thread/WARN] [net.minecraft.client.sounds.SoundEngine/]: Missing sound for event: minecraft:entity.creaking.unfreeze
[28Sep2026 01:52:19.995] [Render thread/WARN] [net.minecraft.client.sounds.SoundEngine/]: Missing sound for event: minecraft:entity.creaking.spawn
[28Sep2026 01:52:19.995] [Render thread/WARN] [net.minecraft.client.sounds.SoundEngine/]: Missing sound for event: minecraft:entity.creaking.sway
[28Sep2026 01:52:19.995] [Render thread/WARN] [net.minecraft.client.sounds.SoundEngine/]: Missing sound for event: minecraft:entity.creaking.twitch
[28Sep2026 01:52:19.995] [Render thread/WARN] [net.minecraft.client.sounds.SoundEngine/]: Missing sound for event: minecraft:block.creaking_heart.break
[28Sep2026 01:52:19.995] [Render thread/WARN] [net.minecraft.client.sounds.SoundEngine/]: Missing sound for event: minecraft:block.creaking_heart.fall
[28Sep2026 01:52:19.995] [Render thread/WARN] [net.minecraft.client.sounds.SoundEngine/]: Missing sound for event: minecraft:block.creaking_heart.hit
[28Sep2026 01:52:19.995] [Render thread/WARN] [net.minecraft.client.sounds.SoundEngine/]: Missing sound for event: minecraft:block.creaking_heart.hurt
[28Sep2026 01:52:19.995] [Render thread/WARN] [net.minecraft.client.sounds.SoundEngine/]: Missing sound for event: minecraft:block.creaking_heart.place
[28Sep2026 01:52:19.995] [Render thread/WARN] [net.minecraft.client.sounds.SoundEngine/]: Missing sound for event: minecraft:block.creaking_heart.step
[28Sep2026 01:52:19.995] [Render thread/WARN] [net.minecraft.client.sounds.SoundEngine/]: Missing sound for event: minecraft:block.creaking_heart.idle
[28Sep2026 01:52:19.995] [Render thread/WARN] [net.minecraft.client.sounds.SoundEngine/]: Missing sound for event: minecraft:block.creaking_heart.spawn
[28Sep2026 01:52:19.995] [Render thread/WARN] [net.minecraft.client.sounds.SoundEngine/]: Missing sound for event: minecraft:entity.creeper.death
[28Sep2026 01:52:19.995] [Render thread/WARN] [net.minecraft.client.sounds.SoundEngine/]: Missing sound for event: minecraft:entity.creeper.hurt
[28Sep2026 01:52:19.995] [Render thread/WARN] [net.minecraft.client.sounds.SoundEngine/]: Missing sound for event: minecraft:entity.creeper.primed
[28Sep2026 01:52:19.995] [Render thread/WARN] [net.minecraft.client.sounds.SoundEngine/]: Missing sound for event: minecraft:block.crop.break
[28Sep2026 01:52:19.995] [Render thread/WARN] [net.minecraft.client.sounds.SoundEngine/]: Missing sound for event: minecraft:item.crop.plant
[28Sep2026 01:52:19.995] [Render thread/WARN] [net.minecraft.client.sounds.SoundEngine/]: Missing sound for event: minecraft:item.crossbow.hit
[28Sep2026 01:52:19.995] [Render thread/WARN] [net.minecraft.client.sounds.SoundEngine/]: Missing sound for event: minecraft:item.crossbow.loading_end
[28Sep2026 01:52:19.995] [Render thread/WARN] [net.minecraft.client.sounds.SoundEngine/]: Missing sound for event: minecraft:item.crossbow.loading_middle
[28Sep2026 01:52:19.995] [Render thread/WARN] [net.minecraft.client.sounds.SoundEngine/]: Missing sound for event: minecraft:item.crossbow.loading_start
[28Sep2026 01:52:19.995] [Render thread/WARN] [net.minecraft.client.sounds.SoundEngine/]: Missing sound for event: minecraft:item.crossbow.quick_charge_1
[28Sep2026 01:52:19.995] [Render thread/WARN] [net.minecraft.client.sounds.SoundEngine/]: Missing sound for event: minecraft:item.crossbow.quick_charge_2
[28Sep2026 01:52:19.995] [Render thread/WARN] [net.minecraft.client.sounds.SoundEngine/]: Missing sound for event: minecraft:item.crossbow.quick_charge_3
[28Sep2026 01:52:19.995] [Render thread/WARN] [net.minecraft.client.sounds.SoundEngine/]: Missing sound for event: minecraft:item.crossbow.shoot
[28Sep2026 01:52:19.995] [Render thread/WARN] [net.minecraft.client.sounds.SoundEngine/]: Missing sound for event: minecraft:block.deadbush.idle
[28Sep2026 01:52:19.995] [Render thread/WARN] [net.minecraft.client.sounds.SoundEngine/]: Missing sound for event: minecraft:block.decorated_pot.break
[28Sep2026 01:52:19.995] [Render thread/WARN] [net.minecraft.client.sounds.SoundEngine/]: Missing sound for event: minecraft:block.decorated_pot.fall
[28Sep2026 01:52:19.996] [Render thread/WARN] [net.minecraft.client.sounds.SoundEngine/]: Missing sound for event: minecraft:block.decorated_pot.hit
[28Sep2026 01:52:19.996] [Render thread/WARN] [net.minecraft.client.sounds.SoundEngine/]: Missing sound for event: minecraft:block.decorated_pot.insert
[28Sep2026 01:52:19.996] [Render thread/WARN] [net.minecraft.client.sounds.SoundEngine/]: Missing sound for event: minecraft:block.decorated_pot.insert_fail
[28Sep2026 01:52:19.996] [Render thread/WARN] [net.minecraft.client.sounds.SoundEngine/]: Missing sound for event: minecraft:block.decorated_pot.step
[28Sep2026 01:52:19.996] [Render thread/WARN] [net.minecraft.client.sounds.SoundEngine/]: Missing sound for event: minecraft:block.decorated_pot.place
[28Sep2026 01:52:19.996] [Render thread/WARN] [net.minecraft.client.sounds.SoundEngine/]: Missing sound for event: minecraft:block.decorated_pot.shatter
[28Sep2026 01:52:19.996] [Render thread/WARN] [net.minecraft.client.sounds.SoundEngine/]: Missing sound for event: minecraft:block.deepslate_bricks.break
[28Sep2026 01:52:19.996] [Render thread/WARN] [net.minecraft.client.sounds.SoundEngine/]: Missing sound for event: minecraft:block.deepslate_bricks.fall
[28Sep2026 01:52:19.996] [Render thread/WARN] [net.minecraft.client.sounds.SoundEngine/]: Missing sound for event: minecraft:block.deepslate_bricks.hit
[28Sep2026 01:52:19.996] [Render thread/WARN] [net.minecraft.client.sounds.SoundEngine/]: Missing sound for event: minecraft:block.deepslate_bricks.place
[28Sep2026 01:52:19.996] [Render thread/WARN] [net.minecraft.client.sounds.SoundEngine/]: Missing sound for event: minecraft:block.deepslate_bricks.step
[28Sep2026 01:52:19.996] [Render thread/WARN] [net.minecraft.client.sounds.SoundEngine/]: Missing sound for event: minecraft:block.deepslate.break
[28Sep2026 01:52:19.996] [Render thread/WARN] [net.minecraft.client.sounds.SoundEngine/]: Missing sound for event: minecraft:block.deepslate.fall
[28Sep2026 01:52:19.996] [Render thread/WARN] [net.minecraft.client.sounds.SoundEngine/]: Missing sound for event: minecraft:block.deepslate.hit
[28Sep2026 01:52:19.996] [Render thread/WARN] [net.minecraft.client.sounds.SoundEngine/]: Missing sound for event: minecraft:block.deepslate.place
[28Sep2026 01:52:19.996] [Render thread/WARN] [net.minecraft.client.sounds.SoundEngine/]: Missing sound for event: minecraft:block.deepslate.step
[28Sep2026 01:52:19.996] [Render thread/WARN] [net.minecraft.client.sounds.SoundEngine/]: Missing sound for event: minecraft:block.deepslate_tiles.break
[28Sep2026 01:52:19.996] [Render thread/WARN] [net.minecraft.client.sounds.SoundEngine/]: Missing sound for event: minecraft:block.deepslate_tiles.fall
[28Sep2026 01:52:19.996] [Render thread/WARN] [net.minecraft.client.sounds.SoundEngine/]: Missing sound for event: minecraft:block.deepslate_tiles.hit
[28Sep2026 01:52:19.996] [Render thread/WARN] [net.minecraft.client.sounds.SoundEngine/]: Missing sound for event: minecraft:block.deepslate_tiles.place
[28Sep2026 01:52:19.996] [Render thread/WARN] [net.minecraft.client.sounds.SoundEngine/]: Missing sound for event: minecraft:block.deepslate_tiles.step
[28Sep2026 01:52:19.996] [Render thread/WARN] [net.minecraft.client.sounds.SoundEngine/]: Missing sound for event: minecraft:block.dispenser.dispense
[28Sep2026 01:52:19.996] [Render thread/WARN] [net.minecraft.client.sounds.SoundEngine/]: Missing sound for event: minecraft:block.dispenser.fail
[28Sep2026 01:52:19.996] [Render thread/WARN] [net.minecraft.client.sounds.SoundEngine/]: Missing sound for event: minecraft:block.dispenser.launch
[28Sep2026 01:52:19.996] [Render thread/WARN] [net.minecraft.client.sounds.SoundEngine/]: Missing sound for event: minecraft:entity.dolphin.ambient
[28Sep2026 01:52:19.996] [Render thread/WARN] [net.minecraft.client.sounds.SoundEngine/]: Missing sound for event: minecraft:entity.dolphin.ambient_water
[28Sep2026 01:52:19.996] [Render thread/WARN] [net.minecraft.client.sounds.SoundEngine/]: Missing sound for event: minecraft:entity.dolphin.attack
[28Sep2026 01:52:19.996] [Render thread/WARN] [net.minecraft.client.sounds.SoundEngine/]: Missing sound for event: minecraft:entity.dolphin.death
[28Sep2026 01:52:19.996] [Render thread/WARN] [net.minecraft.client.sounds.SoundEngine/]: Missing sound for event: minecraft:entity.dolphin.eat
[28Sep2026 01:52:19.996] [Render thread/WARN] [net.minecraft.client.sounds.SoundEngine/]: Missing sound for event: minecraft:entity.dolphin.hurt
[28Sep2026 01:52:19.996] [Render thread/WARN] [net.minecraft.client.sounds.SoundEngine/]: Missing sound for event: minecraft:entity.dolphin.jump
[28Sep2026 01:52:19.996] [Render thread/WARN] [net.minecraft.client.sounds.SoundEngine/]: Missing sound for event: minecraft:entity.dolphin.play
[28Sep2026 01:52:19.996] [Render thread/WARN] [net.minecraft.client.sounds.SoundEngine/]: Missing sound for event: minecraft:entity.dolphin.splash
[28Sep2026 01:52:19.996] [Render thread/WARN] [net.minecraft.client.sounds.SoundEngine/]: Missing sound for event: minecraft:entity.dolphin.swim
[28Sep2026 01:52:19.996] [Render thread/WARN] [net.minecraft.client.sounds.SoundEngine/]: Missing sound for event: minecraft:entity.donkey.ambient
[28Sep2026 01:52:19.996] [Render thread/WARN] [net.minecraft.client.sounds.SoundEngine/]: Missing sound for event: minecraft:entity.donkey.angry
[28Sep2026 01:52:19.996] [Render thread/WARN] [net.minecraft.client.sounds.SoundEngine/]: Missing sound for event: minecraft:entity.donkey.chest
[28Sep2026 01:52:19.996] [Render thread/WARN] [net.minecraft.client.sounds.SoundEngine/]: Missing sound for event: minecraft:entity.donkey.death
[28Sep2026 01:52:19.996] [Render thread/WARN] [net.minecraft.client.sounds.SoundEngine/]: Missing sound for event: minecraft:entity.donkey.eat
[28Sep2026 01:52:19.996] [Render thread/WARN] [net.minecraft.client.sounds.SoundEngine/]: Missing sound for event: minecraft:entity.donkey.hurt
[28Sep2026 01:52:19.996] [Render thread/WARN] [net.minecraft.client.sounds.SoundEngine/]: Missing sound for event: minecraft:entity.donkey.jump
[28Sep2026 01:52:19.996] [Render thread/WARN] [net.minecraft.client.sounds.SoundEngine/]: Missing sound for event: minecraft:block.dried_ghast.break
[28Sep2026 01:52:19.996] [Render thread/WARN] [net.minecraft.client.sounds.SoundEngine/]: Missing sound for event: minecraft:block.dried_ghast.step
[28Sep2026 01:52:19.996] [Render thread/WARN] [net.minecraft.client.sounds.SoundEngine/]: Missing sound for event: minecraft:block.dried_ghast.fall
[28Sep2026 01:52:19.996] [Render thread/WARN] [net.minecraft.client.sounds.SoundEngine/]: Missing sound for event: minecraft:block.dried_ghast.ambient
[28Sep2026 01:52:19.996] [Render thread/WARN] [net.minecraft.client.sounds.SoundEngine/]: Missing sound for event: minecraft:block.dried_ghast.ambient_water
[28Sep2026 01:52:19.996] [Render thread/WARN] [net.minecraft.client.sounds.SoundEngine/]: Missing sound for event: minecraft:block.dried_ghast.place
[28Sep2026 01:52:19.996] [Render thread/WARN] [net.minecraft.client.sounds.SoundEngine/]: Missing sound for event: minecraft:block.dried_ghast.place_in_water
[28Sep2026 01:52:19.996] [Render thread/WARN] [net.minecraft.client.sounds.SoundEngine/]: Missing sound for event: minecraft:block.dried_ghast.transition
[28Sep2026 01:52:19.996] [Render thread/WARN] [net.minecraft.client.sounds.SoundEngine/]: Missing sound for event: minecraft:block.dripstone_block.break
[28Sep2026 01:52:19.996] [Render thread/WARN] [net.minecraft.client.sounds.SoundEngine/]: Missing sound for event: minecraft:block.dripstone_block.step
[28Sep2026 01:52:19.996] [Render thread/WARN] [net.minecraft.client.sounds.SoundEngine/]: Missing sound for event: minecraft:block.dripstone_block.place
[28Sep2026 01:52:19.996] [Render thread/WARN] [net.minecraft.client.sounds.SoundEngine/]: Missing sound for event: minecraft:block.dripstone_block.hit
[28Sep2026 01:52:19.996] [Render thread/WARN] [net.minecraft.client.sounds.SoundEngine/]: Missing sound for event: minecraft:block.dripstone_block.fall
[28Sep2026 01:52:19.996] [Render thread/WARN] [net.minecraft.client.sounds.SoundEngine/]: Missing sound for event: minecraft:block.dry_grass.ambient
[28Sep2026 01:52:19.996] [Render thread/WARN] [net.minecraft.client.sounds.SoundEngine/]: Missing sound for event: minecraft:block.pointed_dripstone.break
[28Sep2026 01:52:19.996] [Render thread/WARN] [net.minecraft.client.sounds.SoundEngine/]: Missing sound for event: minecraft:block.pointed_dripstone.step
[28Sep2026 01:52:19.996] [Render thread/WARN] [net.minecraft.client.sounds.SoundEngine/]: Missing sound for event: minecraft:block.pointed_dripstone.place
[28Sep2026 01:52:19.997] [Render thread/WARN] [net.minecraft.client.sounds.SoundEngine/]: Missing sound for event: minecraft:block.pointed_dripstone.hit
[28Sep2026 01:52:19.997] [Render thread/WARN] [net.minecraft.client.sounds.SoundEngine/]: Missing sound for event: minecraft:block.pointed_dripstone.fall
[28Sep2026 01:52:19.997] [Render thread/WARN] [net.minecraft.client.sounds.SoundEngine/]: Missing sound for event: minecraft:block.pointed_dripstone.land
[28Sep2026 01:52:19.997] [Render thread/WARN] [net.minecraft.client.sounds.SoundEngine/]: Missing sound for event: minecraft:block.pointed_dripstone.drip_lava
[28Sep2026 01:52:19.997] [Render thread/WARN] [net.minecraft.client.sounds.SoundEngine/]: Missing sound for event: minecraft:block.pointed_dripstone.drip_water
[28Sep2026 01:52:19.997] [Render thread/WARN] [net.minecraft.client.sounds.SoundEngine/]: Missing sound for event: minecraft:block.pointed_dripstone.drip_lava_into_cauldron
[28Sep2026 01:52:19.997] [Render thread/WARN] [net.minecraft.client.sounds.SoundEngine/]: Missing sound for event: minecraft:block.pointed_dripstone.drip_water_into_cauldron
[28Sep2026 01:52:19.997] [Render thread/WARN] [net.minecraft.client.sounds.SoundEngine/]: Missing sound for event: minecraft:block.big_dripleaf.tilt_down
[28Sep2026 01:52:19.997] [Render thread/WARN] [net.minecraft.client.sounds.SoundEngine/]: Missing sound for event: minecraft:block.big_dripleaf.tilt_up
[28Sep2026 01:52:19.997] [Render thread/WARN] [net.minecraft.client.sounds.SoundEngine/]: Missing sound for event: minecraft:entity.drowned.ambient
[28Sep2026 01:52:19.997] [Render thread/WARN] [net.minecraft.client.sounds.SoundEngine/]: Missing sound for event: minecraft:entity.drowned.ambient_water
[28Sep2026 01:52:19.997] [Render thread/WARN] [net.minecraft.client.sounds.SoundEngine/]: Missing sound for event: minecraft:entity.drowned.death
[28Sep2026 01:52:19.997] [Render thread/WARN] [net.minecraft.client.sounds.SoundEngine/]: Missing sound for event: minecraft:entity.drowned.death_water
[28Sep2026 01:52:19.997] [Render thread/WARN] [net.minecraft.client.sounds.SoundEngine/]: Missing sound for event: minecraft:entity.drowned.hurt
[28Sep2026 01:52:19.997] [Render thread/WARN] [net.minecraft.client.sounds.SoundEngine/]: Missing sound for event: minecraft:entity.drowned.hurt_water
[28Sep2026 01:52:19.997] [Render thread/WARN] [net.minecraft.client.sounds.SoundEngine/]: Missing sound for event: minecraft:entity.drowned.shoot
[28Sep2026 01:52:19.997] [Render thread/WARN] [net.minecraft.client.sounds.SoundEngine/]: Missing sound for event: minecraft:entity.drowned.step
[28Sep2026 01:52:19.997] [Render thread/WARN] [net.minecraft.client.sounds.SoundEngine/]: Missing sound for event: minecraft:entity.drowned.swim
[28Sep2026 01:52:19.997] [Render thread/WARN] [net.minecraft.client.sounds.SoundEngine/]: Missing sound for event: minecraft:item.dye.use
[28Sep2026 01:52:19.997] [Render thread/WARN] [net.minecraft.client.sounds.SoundEngine/]: Missing sound for event: minecraft:entity.egg.throw
[28Sep2026 01:52:19.997] [Render thread/WARN] [net.minecraft.client.sounds.SoundEngine/]: Missing sound for event: minecraft:entity.elder_guardian.ambient
[28Sep2026 01:52:19.997] [Render thread/WARN] [net.minecraft.client.sounds.SoundEngine/]: Missing sound for event: minecraft:entity.elder_guardian.ambient_land
[28Sep2026 01:52:19.997] [Render thread/WARN] [net.minecraft.client.sounds.SoundEngine/]: Missing sound for event: minecraft:entity.elder_guardian.curse
[28Sep2026 01:52:19.997] [Render thread/WARN] [net.minecraft.client.sounds.SoundEngine/]: Missing sound for event: minecraft:entity.elder_guardian.death
[28Sep2026 01:52:19.997] [Render thread/WARN] [net.minecraft.client.sounds.SoundEngine/]: Missing sound for event: minecraft:entity.elder_guardian.death_land
[28Sep2026 01:52:19.997] [Render thread/WARN] [net.minecraft.client.sounds.SoundEngine/]: Missing sound for event: minecraft:entity.elder_guardian.flop
[28Sep2026 01:52:19.997] [Render thread/WARN] [net.minecraft.client.sounds.SoundEngine/]: Missing sound for event: minecraft:entity.elder_guardian.hurt
[28Sep2026 01:52:19.997] [Render thread/WARN] [net.minecraft.client.sounds.SoundEngine/]: Missing sound for event: minecraft:entity.elder_guardian.hurt_land
[28Sep2026 01:52:19.997] [Render thread/WARN] [net.minecraft.client.sounds.SoundEngine/]: Missing sound for event: minecraft:item.elytra.flying
[28Sep2026 01:52:19.997] [Render thread/WARN] [net.minecraft.client.sounds.SoundEngine/]: Missing sound for event: minecraft:block.enchantment_table.use
[28Sep2026 01:52:19.997] [Render thread/WARN] [net.minecraft.client.sounds.SoundEngine/]: Missing sound for event: minecraft:block.ender_chest.close
[28Sep2026 01:52:19.997] [Render thread/WARN] [net.minecraft.client.sounds.SoundEngine/]: Missing sound for event: minecraft:block.ender_chest.open
[28Sep2026 01:52:19.997] [Render thread/WARN] [net.minecraft.client.sounds.SoundEngine/]: Missing sound for event: minecraft:entity.ender_dragon.ambient
[28Sep2026 01:52:19.997] [Render thread/WARN] [net.minecraft.client.sounds.SoundEngine/]: Missing sound for event: minecraft:entity.ender_dragon.death
[28Sep2026 01:52:19.997] [Render thread/WARN] [net.minecraft.client.sounds.SoundEngine/]: Missing sound for event: minecraft:entity.dragon_fireball.explode
[28Sep2026 01:52:19.997] [Render thread/WARN] [net.minecraft.client.sounds.SoundEngine/]: Missing sound for event: minecraft:entity.ender_dragon.flap
[28Sep2026 01:52:19.997] [Render thread/WARN] [net.minecraft.client.sounds.SoundEngine/]: Missing sound for event: minecraft:entity.ender_dragon.growl
[28Sep2026 01:52:19.997] [Render thread/WARN] [net.minecraft.client.sounds.SoundEngine/]: Missing sound for event: minecraft:entity.ender_dragon.hurt
[28Sep2026 01:52:19.997] [Render thread/WARN] [net.minecraft.client.sounds.SoundEngine/]: Missing sound for event: minecraft:entity.ender_dragon.shoot
[28Sep2026 01:52:19.997] [Render thread/WARN] [net.minecraft.client.sounds.SoundEngine/]: Missing sound for event: minecraft:entity.ender_eye.death
[28Sep2026 01:52:19.997] [Render thread/WARN] [net.minecraft.client.sounds.SoundEngine/]: Missing sound for event: minecraft:entity.ender_eye.launch
[28Sep2026 01:52:19.997] [Render thread/WARN] [net.minecraft.client.sounds.SoundEngine/]: Missing sound for event: minecraft:entity.enderman.ambient
[28Sep2026 01:52:19.997] [Render thread/WARN] [net.minecraft.client.sounds.SoundEngine/]: Missing sound for event: minecraft:entity.enderman.death
[28Sep2026 01:52:19.997] [Render thread/WARN] [net.minecraft.client.sounds.SoundEngine/]: Missing sound for event: minecraft:entity.enderman.hurt
[28Sep2026 01:52:19.997] [Render thread/WARN] [net.minecraft.client.sounds.SoundEngine/]: Missing sound for event: minecraft:entity.enderman.scream
[28Sep2026 01:52:19.997] [Render thread/WARN] [net.minecraft.client.sounds.SoundEngine/]: Missing sound for event: minecraft:entity.enderman.stare
[28Sep2026 01:52:19.997] [Render thread/WARN] [net.minecraft.client.sounds.SoundEngine/]: Missing sound for event: minecraft:entity.enderman.teleport
[28Sep2026 01:52:19.997] [Render thread/WARN] [net.minecraft.client.sounds.SoundEngine/]: Missing sound for event: minecraft:entity.endermite.ambient
[28Sep2026 01:52:19.997] [Render thread/WARN] [net.minecraft.client.sounds.SoundEngine/]: Missing sound for event: minecraft:entity.endermite.death
[28Sep2026 01:52:19.997] [Render thread/WARN] [net.minecraft.client.sounds.SoundEngine/]: Missing sound for event: minecraft:entity.endermite.hurt
[28Sep2026 01:52:19.997] [Render thread/WARN] [net.minecraft.client.sounds.SoundEngine/]: Missing sound for event: minecraft:entity.endermite.step
[28Sep2026 01:52:19.997] [Render thread/WARN] [net.minecraft.client.sounds.SoundEngine/]: Missing sound for event: minecraft:entity.ender_pearl.throw
[28Sep2026 01:52:19.997] [Render thread/WARN] [net.minecraft.client.sounds.SoundEngine/]: Missing sound for event: minecraft:block.end_gateway.spawn
[28Sep2026 01:52:19.997] [Render thread/WARN] [net.minecraft.client.sounds.SoundEngine/]: Missing sound for event: minecraft:block.end_portal_frame.fill
[28Sep2026 01:52:19.997] [Render thread/WARN] [net.minecraft.client.sounds.SoundEngine/]: Missing sound for event: minecraft:block.end_portal.spawn
[28Sep2026 01:52:19.997] [Render thread/WARN] [net.minecraft.client.sounds.SoundEngine/]: Missing sound for event: minecraft:entity.evoker.ambient
[28Sep2026 01:52:19.997] [Render thread/WARN] [net.minecraft.client.sounds.SoundEngine/]: Missing sound for event: minecraft:entity.evoker.cast_spell
[28Sep2026 01:52:19.997] [Render thread/WARN] [net.minecraft.client.sounds.SoundEngine/]: Missing sound for event: minecraft:entity.evoker.celebrate
[28Sep2026 01:52:19.998] [Render thread/WARN] [net.minecraft.client.sounds.SoundEngine/]: Missing sound for event: minecraft:entity.evoker.death
[28Sep2026 01:52:19.998] [Render thread/WARN] [net.minecraft.client.sounds.SoundEngine/]: Missing sound for event: minecraft:entity.evoker_fangs.attack
[28Sep2026 01:52:19.998] [Render thread/WARN] [net.minecraft.client.sounds.SoundEngine/]: Missing sound for event: minecraft:entity.evoker.hurt
[28Sep2026 01:52:19.998] [Render thread/WARN] [net.minecraft.client.sounds.SoundEngine/]: Missing sound for event: minecraft:entity.evoker.prepare_attack
[28Sep2026 01:52:19.998] [Render thread/WARN] [net.minecraft.client.sounds.SoundEngine/]: Missing sound for event: minecraft:entity.evoker.prepare_summon
[28Sep2026 01:52:19.998] [Render thread/WARN] [net.minecraft.client.sounds.SoundEngine/]: Missing sound for event: minecraft:entity.evoker.prepare_wololo
[28Sep2026 01:52:19.998] [Render thread/WARN] [net.minecraft.client.sounds.SoundEngine/]: Missing sound for event: minecraft:entity.experience_bottle.throw
[28Sep2026 01:52:19.998] [Render thread/WARN] [net.minecraft.client.sounds.SoundEngine/]: Missing sound for event: minecraft:entity.experience_orb.pickup
[28Sep2026 01:52:19.998] [Render thread/WARN] [net.minecraft.client.sounds.SoundEngine/]: Missing sound for event: minecraft:block.eyeblossom.open_long
[28Sep2026 01:52:19.998] [Render thread/WARN] [net.minecraft.client.sounds.SoundEngine/]: Missing sound for event: minecraft:block.eyeblossom.open
[28Sep2026 01:52:19.998] [Render thread/WARN] [net.minecraft.client.sounds.SoundEngine/]: Missing sound for event: minecraft:block.eyeblossom.close_long
[28Sep2026 01:52:19.998] [Render thread/WARN] [net.minecraft.client.sounds.SoundEngine/]: Missing sound for event: minecraft:block.eyeblossom.close
[28Sep2026 01:52:19.998] [Render thread/WARN] [net.minecraft.client.sounds.SoundEngine/]: Missing sound for event: minecraft:block.eyeblossom.idle
[28Sep2026 01:52:19.998] [Render thread/WARN] [net.minecraft.client.sounds.SoundEngine/]: Missing sound for event: minecraft:block.fence_gate.close
[28Sep2026 01:52:19.998] [Render thread/WARN] [net.minecraft.client.sounds.SoundEngine/]: Missing sound for event: minecraft:block.fence_gate.open
[28Sep2026 01:52:19.998] [Render thread/WARN] [net.minecraft.client.sounds.SoundEngine/]: Missing sound for event: minecraft:item.firecharge.use
[28Sep2026 01:52:19.998] [Render thread/WARN] [net.minecraft.client.sounds.SoundEngine/]: Missing sound for event: minecraft:block.firefly_bush.idle
[28Sep2026 01:52:19.998] [Render thread/WARN] [net.minecraft.client.sounds.SoundEngine/]: Missing sound for event: minecraft:entity.firework_rocket.blast
[28Sep2026 01:52:19.998] [Render thread/WARN] [net.minecraft.client.sounds.SoundEngine/]: Missing sound for event: minecraft:entity.firework_rocket.blast_far
[28Sep2026 01:52:19.998] [Render thread/WARN] [net.minecraft.client.sounds.SoundEngine/]: Missing sound for event: minecraft:entity.firework_rocket.large_blast
[28Sep2026 01:52:19.998] [Render thread/WARN] [net.minecraft.client.sounds.SoundEngine/]: Missing sound for event: minecraft:entity.firework_rocket.large_blast_far
[28Sep2026 01:52:19.998] [Render thread/WARN] [net.minecraft.client.sounds.SoundEngine/]: Missing sound for event: minecraft:entity.firework_rocket.launch
[28Sep2026 01:52:19.998] [Render thread/WARN] [net.minecraft.client.sounds.SoundEngine/]: Missing sound for event: minecraft:entity.firework_rocket.shoot
[28Sep2026 01:52:19.998] [Render thread/WARN] [net.minecraft.client.sounds.SoundEngine/]: Missing sound for event: minecraft:entity.firework_rocket.twinkle
[28Sep2026 01:52:19.998] [Render thread/WARN] [net.minecraft.client.sounds.SoundEngine/]: Missing sound for event: minecraft:entity.firework_rocket.twinkle_far
[28Sep2026 01:52:19.998] [Render thread/WARN] [net.minecraft.client.sounds.SoundEngine/]: Missing sound for event: minecraft:block.fire.ambient
[28Sep2026 01:52:19.998] [Render thread/WARN] [net.minecraft.client.sounds.SoundEngine/]: Missing sound for event: minecraft:block.fire.extinguish
[28Sep2026 01:52:19.998] [Render thread/WARN] [net.minecraft.client.sounds.SoundEngine/]: Missing sound for event: minecraft:entity.fish.swim
[28Sep2026 01:52:19.998] [Render thread/WARN] [net.minecraft.client.sounds.SoundEngine/]: Missing sound for event: minecraft:entity.fishing_bobber.retrieve
[28Sep2026 01:52:19.998] [Render thread/WARN] [net.minecraft.client.sounds.SoundEngine/]: Missing sound for event: minecraft:entity.fishing_bobber.splash
[28Sep2026 01:52:19.998] [Render thread/WARN] [net.minecraft.client.sounds.SoundEngine/]: Missing sound for event: minecraft:entity.fishing_bobber.throw
[28Sep2026 01:52:19.998] [Render thread/WARN] [net.minecraft.client.sounds.SoundEngine/]: Missing sound for event: minecraft:item.flintandsteel.use
[28Sep2026 01:52:19.998] [Render thread/WARN] [net.minecraft.client.sounds.SoundEngine/]: Missing sound for event: minecraft:block.flowering_azalea.break
[28Sep2026 01:52:19.998] [Render thread/WARN] [net.minecraft.client.sounds.SoundEngine/]: Missing sound for event: minecraft:block.flowering_azalea.fall
[28Sep2026 01:52:19.998] [Render thread/WARN] [net.minecraft.client.sounds.SoundEngine/]: Missing sound for event: minecraft:block.flowering_azalea.hit
[28Sep2026 01:52:19.998] [Render thread/WARN] [net.minecraft.client.sounds.SoundEngine/]: Missing sound for event: minecraft:block.flowering_azalea.place
[28Sep2026 01:52:19.998] [Render thread/WARN] [net.minecraft.client.sounds.SoundEngine/]: Missing sound for event: minecraft:block.flowering_azalea.step
[28Sep2026 01:52:19.998] [Render thread/WARN] [net.minecraft.client.sounds.SoundEngine/]: Missing sound for event: minecraft:entity.fox.aggro
[28Sep2026 01:52:19.998] [Render thread/WARN] [net.minecraft.client.sounds.SoundEngine/]: Missing sound for event: minecraft:entity.fox.ambient
[28Sep2026 01:52:19.998] [Render thread/WARN] [net.minecraft.client.sounds.SoundEngine/]: Missing sound for event: minecraft:entity.fox.bite
[28Sep2026 01:52:19.998] [Render thread/WARN] [net.minecraft.client.sounds.SoundEngine/]: Missing sound for event: minecraft:entity.fox.death
[28Sep2026 01:52:19.998] [Render thread/WARN] [net.minecraft.client.sounds.SoundEngine/]: Missing sound for event: minecraft:entity.fox.eat
[28Sep2026 01:52:19.998] [Render thread/WARN] [net.minecraft.client.sounds.SoundEngine/]: Missing sound for event: minecraft:entity.fox.hurt
[28Sep2026 01:52:19.998] [Render thread/WARN] [net.minecraft.client.sounds.SoundEngine/]: Missing sound for event: minecraft:entity.fox.screech
[28Sep2026 01:52:19.998] [Render thread/WARN] [net.minecraft.client.sounds.SoundEngine/]: Missing sound for event: minecraft:entity.fox.sleep
[28Sep2026 01:52:19.998] [Render thread/WARN] [net.minecraft.client.sounds.SoundEngine/]: Missing sound for event: minecraft:entity.fox.sniff
[28Sep2026 01:52:19.998] [Render thread/WARN] [net.minecraft.client.sounds.SoundEngine/]: Missing sound for event: minecraft:entity.fox.spit
[28Sep2026 01:52:19.998] [Render thread/WARN] [net.minecraft.client.sounds.SoundEngine/]: Missing sound for event: minecraft:entity.fox.teleport
[28Sep2026 01:52:19.998] [Render thread/WARN] [net.minecraft.client.sounds.SoundEngine/]: Missing sound for event: minecraft:block.suspicious_sand.break
[28Sep2026 01:52:19.998] [Render thread/WARN] [net.minecraft.client.sounds.SoundEngine/]: Missing sound for event: minecraft:block.suspicious_sand.step
[28Sep2026 01:52:19.998] [Render thread/WARN] [net.minecraft.client.sounds.SoundEngine/]: Missing sound for event: minecraft:block.suspicious_sand.place
[28Sep2026 01:52:19.998] [Render thread/WARN] [net.minecraft.client.sounds.SoundEngine/]: Missing sound for event: minecraft:block.suspicious_sand.hit
[28Sep2026 01:52:19.998] [Render thread/WARN] [net.minecraft.client.sounds.SoundEngine/]: Missing sound for event: minecraft:block.suspicious_sand.fall
[28Sep2026 01:52:19.998] [Render thread/WARN] [net.minecraft.client.sounds.SoundEngine/]: Missing sound for event: minecraft:block.suspicious_gravel.break
[28Sep2026 01:52:19.998] [Render thread/WARN] [net.minecraft.client.sounds.SoundEngine/]: Missing sound for event: minecraft:block.suspicious_gravel.step
[28Sep2026 01:52:19.998] [Render thread/WARN] [net.minecraft.client.sounds.SoundEngine/]: Missing sound for event: minecraft:block.suspicious_gravel.place
[28Sep2026 01:52:19.998] [Render thread/WARN] [net.minecraft.client.sounds.SoundEngine/]: Missing sound for event: minecraft:block.suspicious_gravel.hit
[28Sep2026 01:52:19.998] [Render thread/WARN] [net.minecraft.client.sounds.SoundEngine/]: Missing sound for event: minecraft:block.suspicious_gravel.fall
[28Sep2026 01:52:19.998] [Render thread/WARN] [net.minecraft.client.sounds.SoundEngine/]: Missing sound for event: minecraft:block.froglight.break
[28Sep2026 01:52:19.998] [Render thread/WARN] [net.minecraft.client.sounds.SoundEngine/]: Missing sound for event: minecraft:block.froglight.fall
[28Sep2026 01:52:19.998] [Render thread/WARN] [net.minecraft.client.sounds.SoundEngine/]: Missing sound for event: minecraft:block.froglight.hit
[28Sep2026 01:52:19.998] [Render thread/WARN] [net.minecraft.client.sounds.SoundEngine/]: Missing sound for event: minecraft:block.froglight.place
[28Sep2026 01:52:19.999] [Render thread/WARN] [net.minecraft.client.sounds.SoundEngine/]: Missing sound for event: minecraft:block.froglight.step
[28Sep2026 01:52:19.999] [Render thread/WARN] [net.minecraft.client.sounds.SoundEngine/]: Missing sound for event: minecraft:block.frogspawn.step
[28Sep2026 01:52:19.999] [Render thread/WARN] [net.minecraft.client.sounds.SoundEngine/]: Missing sound for event: minecraft:block.frogspawn.break
[28Sep2026 01:52:19.999] [Render thread/WARN] [net.minecraft.client.sounds.SoundEngine/]: Missing sound for event: minecraft:block.frogspawn.fall
[28Sep2026 01:52:19.999] [Render thread/WARN] [net.minecraft.client.sounds.SoundEngine/]: Missing sound for event: minecraft:block.frogspawn.hatch
[28Sep2026 01:52:19.999] [Render thread/WARN] [net.minecraft.client.sounds.SoundEngine/]: Missing sound for event: minecraft:block.frogspawn.hit
[28Sep2026 01:52:19.999] [Render thread/WARN] [net.minecraft.client.sounds.SoundEngine/]: Missing sound for event: minecraft:block.frogspawn.place
[28Sep2026 01:52:19.999] [Render thread/WARN] [net.minecraft.client.sounds.SoundEngine/]: Missing sound for event: minecraft:entity.frog.ambient
[28Sep2026 01:52:19.999] [Render thread/WARN] [net.minecraft.client.sounds.SoundEngine/]: Missing sound for event: minecraft:entity.frog.death
[28Sep2026 01:52:19.999] [Render thread/WARN] [net.minecraft.client.sounds.SoundEngine/]: Missing sound for event: minecraft:entity.frog.eat
[28Sep2026 01:52:19.999] [Render thread/WARN] [net.minecraft.client.sounds.SoundEngine/]: Missing sound for event: minecraft:entity.frog.hurt
[28Sep2026 01:52:19.999] [Render thread/WARN] [net.minecraft.client.sounds.SoundEngine/]: Missing sound for event: minecraft:entity.frog.lay_spawn
[28Sep2026 01:52:19.999] [Render thread/WARN] [net.minecraft.client.sounds.SoundEngine/]: Missing sound for event: minecraft:entity.frog.long_jump
[28Sep2026 01:52:19.999] [Render thread/WARN] [net.minecraft.client.sounds.SoundEngine/]: Missing sound for event: minecraft:entity.frog.step
[28Sep2026 01:52:19.999] [Render thread/WARN] [net.minecraft.client.sounds.SoundEngine/]: Missing sound for event: minecraft:entity.frog.tongue
[28Sep2026 01:52:19.999] [Render thread/WARN] [net.minecraft.client.sounds.SoundEngine/]: Missing sound for event: minecraft:block.roots.break
[28Sep2026 01:52:19.999] [Render thread/WARN] [net.minecraft.client.sounds.SoundEngine/]: Missing sound for event: minecraft:block.roots.step
[28Sep2026 01:52:19.999] [Render thread/WARN] [net.minecraft.client.sounds.SoundEngine/]: Missing sound for event: minecraft:block.roots.place
[28Sep2026 01:52:19.999] [Render thread/WARN] [net.minecraft.client.sounds.SoundEngine/]: Missing sound for event: minecraft:block.roots.hit
[28Sep2026 01:52:19.999] [Render thread/WARN] [net.minecraft.client.sounds.SoundEngine/]: Missing sound for event: minecraft:block.roots.fall
[28Sep2026 01:52:19.999] [Render thread/WARN] [net.minecraft.client.sounds.SoundEngine/]: Missing sound for event: minecraft:block.furnace.fire_crackle
[28Sep2026 01:52:19.999] [Render thread/WARN] [net.minecraft.client.sounds.SoundEngine/]: Missing sound for event: minecraft:entity.generic.big_fall
[28Sep2026 01:52:19.999] [Render thread/WARN] [net.minecraft.client.sounds.SoundEngine/]: Missing sound for event: minecraft:entity.generic.burn
[28Sep2026 01:52:19.999] [Render thread/WARN] [net.minecraft.client.sounds.SoundEngine/]: Missing sound for event: minecraft:entity.generic.death
[28Sep2026 01:52:19.999] [Render thread/WARN] [net.minecraft.client.sounds.SoundEngine/]: Missing sound for event: minecraft:entity.generic.drink
[28Sep2026 01:52:19.999] [Render thread/WARN] [net.minecraft.client.sounds.SoundEngine/]: Missing sound for event: minecraft:entity.generic.eat
[28Sep2026 01:52:19.999] [Render thread/WARN] [net.minecraft.client.sounds.SoundEngine/]: Missing sound for event: minecraft:entity.generic.explode
[28Sep2026 01:52:19.999] [Render thread/WARN] [net.minecraft.client.sounds.SoundEngine/]: Missing sound for event: minecraft:entity.generic.extinguish_fire
[28Sep2026 01:52:19.999] [Render thread/WARN] [net.minecraft.client.sounds.SoundEngine/]: Missing sound for event: minecraft:entity.generic.hurt
[28Sep2026 01:52:19.999] [Render thread/WARN] [net.minecraft.client.sounds.SoundEngine/]: Missing sound for event: minecraft:entity.generic.small_fall
[28Sep2026 01:52:19.999] [Render thread/WARN] [net.minecraft.client.sounds.SoundEngine/]: Missing sound for event: minecraft:entity.generic.splash
[28Sep2026 01:52:19.999] [Render thread/WARN] [net.minecraft.client.sounds.SoundEngine/]: Missing sound for event: minecraft:entity.generic.swim
[28Sep2026 01:52:19.999] [Render thread/WARN] [net.minecraft.client.sounds.SoundEngine/]: Missing sound for event: minecraft:entity.ghast.ambient
[28Sep2026 01:52:19.999] [Render thread/WARN] [net.minecraft.client.sounds.SoundEngine/]: Missing sound for event: minecraft:entity.ghast.death
[28Sep2026 01:52:19.999] [Render thread/WARN] [net.minecraft.client.sounds.SoundEngine/]: Missing sound for event: minecraft:entity.ghast.hurt
[28Sep2026 01:52:19.999] [Render thread/WARN] [net.minecraft.client.sounds.SoundEngine/]: Missing sound for event: minecraft:entity.ghast.scream
[28Sep2026 01:52:19.999] [Render thread/WARN] [net.minecraft.client.sounds.SoundEngine/]: Missing sound for event: minecraft:entity.ghast.shoot
[28Sep2026 01:52:19.999] [Render thread/WARN] [net.minecraft.client.sounds.SoundEngine/]: Missing sound for event: minecraft:entity.ghast.warn
[28Sep2026 01:52:19.999] [Render thread/WARN] [net.minecraft.client.sounds.SoundEngine/]: Missing sound for event: minecraft:entity.ghastling.ambient
[28Sep2026 01:52:19.999] [Render thread/WARN] [net.minecraft.client.sounds.SoundEngine/]: Missing sound for event: minecraft:entity.ghastling.death
[28Sep2026 01:52:19.999] [Render thread/WARN] [net.minecraft.client.sounds.SoundEngine/]: Missing sound for event: minecraft:entity.ghastling.hurt
[28Sep2026 01:52:19.999] [Render thread/WARN] [net.minecraft.client.sounds.SoundEngine/]: Missing sound for event: minecraft:entity.ghastling.spawn
[28Sep2026 01:52:19.999] [Render thread/WARN] [net.minecraft.client.sounds.SoundEngine/]: Missing sound for event: minecraft:block.gilded_blackstone.break
[28Sep2026 01:52:19.999] [Render thread/WARN] [net.minecraft.client.sounds.SoundEngine/]: Missing sound for event: minecraft:block.gilded_blackstone.fall
[28Sep2026 01:52:19.999] [Render thread/WARN] [net.minecraft.client.sounds.SoundEngine/]: Missing sound for event: minecraft:block.gilded_blackstone.hit
[28Sep2026 01:52:19.999] [Render thread/WARN] [net.minecraft.client.sounds.SoundEngine/]: Missing sound for event: minecraft:block.gilded_blackstone.place
[28Sep2026 01:52:19.999] [Render thread/WARN] [net.minecraft.client.sounds.SoundEngine/]: Missing sound for event: minecraft:block.gilded_blackstone.step
[28Sep2026 01:52:19.999] [Render thread/WARN] [net.minecraft.client.sounds.SoundEngine/]: Missing sound for event: minecraft:block.glass.break
[28Sep2026 01:52:19.999] [Render thread/WARN] [net.minecraft.client.sounds.SoundEngine/]: Missing sound for event: minecraft:block.glass.fall
[28Sep2026 01:52:19.999] [Render thread/WARN] [net.minecraft.client.sounds.SoundEngine/]: Missing sound for event: minecraft:block.glass.hit
[28Sep2026 01:52:19.999] [Render thread/WARN] [net.minecraft.client.sounds.SoundEngine/]: Missing sound for event: minecraft:block.glass.place
[28Sep2026 01:52:19.999] [Render thread/WARN] [net.minecraft.client.sounds.SoundEngine/]: Missing sound for event: minecraft:block.glass.step
[28Sep2026 01:52:19.999] [Render thread/WARN] [net.minecraft.client.sounds.SoundEngine/]: Missing sound for event: minecraft:item.glow_ink_sac.use
[28Sep2026 01:52:19.999] [Render thread/WARN] [net.minecraft.client.sounds.SoundEngine/]: Missing sound for event: minecraft:entity.glow_item_frame.add_item
[28Sep2026 01:52:19.999] [Render thread/WARN] [net.minecraft.client.sounds.SoundEngine/]: Missing sound for event: minecraft:entity.glow_item_frame.break
[28Sep2026 01:52:19.999] [Render thread/WARN] [net.minecraft.client.sounds.SoundEngine/]: Missing sound for event: minecraft:entity.glow_item_frame.place
[28Sep2026 01:52:19.999] [Render thread/WARN] [net.minecraft.client.sounds.SoundEngine/]: Missing sound for event: minecraft:entity.glow_item_frame.remove_item
[28Sep2026 01:52:19.999] [Render thread/WARN] [net.minecraft.client.sounds.SoundEngine/]: Missing sound for event: minecraft:entity.glow_item_frame.rotate_item
[28Sep2026 01:52:19.999] [Render thread/WARN] [net.minecraft.client.sounds.SoundEngine/]: Missing sound for event: minecraft:entity.glow_squid.ambient
[28Sep2026 01:52:19.999] [Render thread/WARN] [net.minecraft.client.sounds.SoundEngine/]: Missing sound for event: minecraft:entity.glow_squid.death
[28Sep2026 01:52:19.999] [Render thread/WARN] [net.minecraft.client.sounds.SoundEngine/]: Missing sound for event: minecraft:entity.glow_squid.hurt
[28Sep2026 01:52:19.999] [Render thread/WARN] [net.minecraft.client.sounds.SoundEngine/]: Missing sound for event: minecraft:entity.glow_squid.squirt
[28Sep2026 01:52:19.999] [Render thread/WARN] [net.minecraft.client.sounds.SoundEngine/]: Missing sound for event: minecraft:entity.goat.ambient
[28Sep2026 01:52:19.999] [Render thread/WARN] [net.minecraft.client.sounds.SoundEngine/]: Missing sound for event: minecraft:entity.goat.death
[28Sep2026 01:52:19.999] [Render thread/WARN] [net.minecraft.client.sounds.SoundEngine/]: Missing sound for event: minecraft:entity.goat.eat
[28Sep2026 01:52:19.999] [Render thread/WARN] [net.minecraft.client.sounds.SoundEngine/]: Missing sound for event: minecraft:entity.goat.hurt
[28Sep2026 01:52:19.999] [Render thread/WARN] [net.minecraft.client.sounds.SoundEngine/]: Missing sound for event: minecraft:entity.goat.long_jump
[28Sep2026 01:52:19.999] [Render thread/WARN] [net.minecraft.client.sounds.SoundEngine/]: Missing sound for event: minecraft:entity.goat.milk
[28Sep2026 01:52:19.999] [Render thread/WARN] [net.minecraft.client.sounds.SoundEngine/]: Missing sound for event: minecraft:entity.goat.prepare_ram
[28Sep2026 01:52:19.999] [Render thread/WARN] [net.minecraft.client.sounds.SoundEngine/]: Missing sound for event: minecraft:entity.goat.ram_impact
[28Sep2026 01:52:19.999] [Render thread/WARN] [net.minecraft.client.sounds.SoundEngine/]: Missing sound for event: minecraft:entity.goat.horn_break
[28Sep2026 01:52:19.999] [Render thread/WARN] [net.minecraft.client.sounds.SoundEngine/]: Missing sound for event: minecraft:entity.goat.screaming.ambient
[28Sep2026 01:52:19.999] [Render thread/WARN] [net.minecraft.client.sounds.SoundEngine/]: Missing sound for event: minecraft:entity.goat.screaming.death
[28Sep2026 01:52:20.000] [Render thread/WARN] [net.minecraft.client.sounds.SoundEngine/]: Missing sound for event: minecraft:entity.goat.screaming.eat
[28Sep2026 01:52:20.000] [Render thread/WARN] [net.minecraft.client.sounds.SoundEngine/]: Missing sound for event: minecraft:entity.goat.screaming.hurt
[28Sep2026 01:52:20.000] [Render thread/WARN] [net.minecraft.client.sounds.SoundEngine/]: Missing sound for event: minecraft:entity.goat.screaming.long_jump
[28Sep2026 01:52:20.000] [Render thread/WARN] [net.minecraft.client.sounds.SoundEngine/]: Missing sound for event: minecraft:entity.goat.screaming.milk
[28Sep2026 01:52:20.000] [Render thread/WARN] [net.minecraft.client.sounds.SoundEngine/]: Missing sound for event: minecraft:entity.goat.screaming.prepare_ram
[28Sep2026 01:52:20.000] [Render thread/WARN] [net.minecraft.client.sounds.SoundEngine/]: Missing sound for event: minecraft:entity.goat.screaming.ram_impact
[28Sep2026 01:52:20.000] [Render thread/WARN] [net.minecraft.client.sounds.SoundEngine/]: Missing sound for event: minecraft:entity.goat.step
[28Sep2026 01:52:20.000] [Render thread/WARN] [net.minecraft.client.sounds.SoundEngine/]: Missing sound for event: minecraft:item.golden_dandelion.use
[28Sep2026 01:52:20.000] [Render thread/WARN] [net.minecraft.client.sounds.SoundEngine/]: Missing sound for event: minecraft:item.golden_dandelion.unuse
[28Sep2026 01:52:20.000] [Render thread/WARN] [net.minecraft.client.sounds.SoundEngine/]: Missing sound for event: minecraft:block.grass.break
[28Sep2026 01:52:20.000] [Render thread/WARN] [net.minecraft.client.sounds.SoundEngine/]: Missing sound for event: minecraft:block.grass.fall
[28Sep2026 01:52:20.000] [Render thread/WARN] [net.minecraft.client.sounds.SoundEngine/]: Missing sound for event: minecraft:block.grass.hit
[28Sep2026 01:52:20.000] [Render thread/WARN] [net.minecraft.client.sounds.SoundEngine/]: Missing sound for event: minecraft:block.grass.place
[28Sep2026 01:52:20.000] [Render thread/WARN] [net.minecraft.client.sounds.SoundEngine/]: Missing sound for event: minecraft:block.grass.step
[28Sep2026 01:52:20.000] [Render thread/WARN] [net.minecraft.client.sounds.SoundEngine/]: Missing sound for event: minecraft:block.gravel.break
[28Sep2026 01:52:20.000] [Render thread/WARN] [net.minecraft.client.sounds.SoundEngine/]: Missing sound for event: minecraft:block.gravel.fall
[28Sep2026 01:52:20.000] [Render thread/WARN] [net.minecraft.client.sounds.SoundEngine/]: Missing sound for event: minecraft:block.gravel.hit
[28Sep2026 01:52:20.000] [Render thread/WARN] [net.minecraft.client.sounds.SoundEngine/]: Missing sound for event: minecraft:block.gravel.place
[28Sep2026 01:52:20.000] [Render thread/WARN] [net.minecraft.client.sounds.SoundEngine/]: Missing sound for event: minecraft:block.gravel.step
[28Sep2026 01:52:20.000] [Render thread/WARN] [net.minecraft.client.sounds.SoundEngine/]: Missing sound for event: minecraft:block.grindstone.use
[28Sep2026 01:52:20.000] [Render thread/WARN] [net.minecraft.client.sounds.SoundEngine/]: Missing sound for event: minecraft:block.growing_plant.crop
[28Sep2026 01:52:20.000] [Render thread/WARN] [net.minecraft.client.sounds.SoundEngine/]: Missing sound for event: minecraft:entity.guardian.ambient
[28Sep2026 01:52:20.000] [Render thread/WARN] [net.minecraft.client.sounds.SoundEngine/]: Missing sound for event: minecraft:entity.guardian.ambient_land
[28Sep2026 01:52:20.000] [Render thread/WARN] [net.minecraft.client.sounds.SoundEngine/]: Missing sound for event: minecraft:entity.guardian.attack
[28Sep2026 01:52:20.000] [Render thread/WARN] [net.minecraft.client.sounds.SoundEngine/]: Missing sound for event: minecraft:entity.guardian.death
[28Sep2026 01:52:20.000] [Render thread/WARN] [net.minecraft.client.sounds.SoundEngine/]: Missing sound for event: minecraft:entity.guardian.death_land
[28Sep2026 01:52:20.000] [Render thread/WARN] [net.minecraft.client.sounds.SoundEngine/]: Missing sound for event: minecraft:entity.guardian.flop
[28Sep2026 01:52:20.000] [Render thread/WARN] [net.minecraft.client.sounds.SoundEngine/]: Missing sound for event: minecraft:entity.guardian.hurt
[28Sep2026 01:52:20.000] [Render thread/WARN] [net.minecraft.client.sounds.SoundEngine/]: Missing sound for event: minecraft:entity.guardian.hurt_land
[28Sep2026 01:52:20.000] [Render thread/WARN] [net.minecraft.client.sounds.SoundEngine/]: Missing sound for event: minecraft:block.hanging_roots.break
[28Sep2026 01:52:20.000] [Render thread/WARN] [net.minecraft.client.sounds.SoundEngine/]: Missing sound for event: minecraft:block.hanging_roots.fall
[28Sep2026 01:52:20.000] [Render thread/WARN] [net.minecraft.client.sounds.SoundEngine/]: Missing sound for event: minecraft:block.hanging_roots.hit
[28Sep2026 01:52:20.000] [Render thread/WARN] [net.minecraft.client.sounds.SoundEngine/]: Missing sound for event: minecraft:block.hanging_roots.place
[28Sep2026 01:52:20.000] [Render thread/WARN] [net.minecraft.client.sounds.SoundEngine/]: Missing sound for event: minecraft:block.hanging_roots.step
[28Sep2026 01:52:20.000] [Render thread/WARN] [net.minecraft.client.sounds.SoundEngine/]: Missing sound for event: minecraft:block.hanging_sign.step
[28Sep2026 01:52:20.000] [Render thread/WARN] [net.minecraft.client.sounds.SoundEngine/]: Missing sound for event: minecraft:block.hanging_sign.break
[28Sep2026 01:52:20.000] [Render thread/WARN] [net.minecraft.client.sounds.SoundEngine/]: Missing sound for event: minecraft:block.hanging_sign.fall
[28Sep2026 01:52:20.000] [Render thread/WARN] [net.minecraft.client.sounds.SoundEngine/]: Missing sound for event: minecraft:block.hanging_sign.hit
[28Sep2026 01:52:20.000] [Render thread/WARN] [net.minecraft.client.sounds.SoundEngine/]: Missing sound for event: minecraft:block.hanging_sign.place
[28Sep2026 01:52:20.000] [Render thread/WARN] [net.minecraft.client.sounds.SoundEngine/]: Missing sound for event: minecraft:entity.happy_ghast.ambient
[28Sep2026 01:52:20.000] [Render thread/WARN] [net.minecraft.client.sounds.SoundEngine/]: Missing sound for event: minecraft:entity.happy_ghast.death
[28Sep2026 01:52:20.000] [Render thread/WARN] [net.minecraft.client.sounds.SoundEngine/]: Missing sound for event: minecraft:entity.happy_ghast.hurt
[28Sep2026 01:52:20.000] [Render thread/WARN] [net.minecraft.client.sounds.SoundEngine/]: Missing sound for event: minecraft:entity.happy_ghast.riding
[28Sep2026 01:52:20.000] [Render thread/WARN] [net.minecraft.client.sounds.SoundEngine/]: Missing sound for event: minecraft:block.heavy_core.break
[28Sep2026 01:52:20.000] [Render thread/WARN] [net.minecraft.client.sounds.SoundEngine/]: Missing sound for event: minecraft:block.heavy_core.fall
[28Sep2026 01:52:20.000] [Render thread/WARN] [net.minecraft.client.sounds.SoundEngine/]: Missing sound for event: minecraft:block.heavy_core.hit
[28Sep2026 01:52:20.000] [Render thread/WARN] [net.minecraft.client.sounds.SoundEngine/]: Missing sound for event: minecraft:block.heavy_core.place
[28Sep2026 01:52:20.000] [Render thread/WARN] [net.minecraft.client.sounds.SoundEngine/]: Missing sound for event: minecraft:block.heavy_core.step
[28Sep2026 01:52:20.000] [Render thread/WARN] [net.minecraft.client.sounds.SoundEngine/]: Missing sound for event: minecraft:block.nether_wood_hanging_sign.step
[28Sep2026 01:52:20.000] [Render thread/WARN] [net.minecraft.client.sounds.SoundEngine/]: Missing sound for event: minecraft:block.nether_wood_hanging_sign.break
[28Sep2026 01:52:20.000] [Render thread/WARN] [net.minecraft.client.sounds.SoundEngine/]: Missing sound for event: minecraft:block.nether_wood_hanging_sign.fall
[28Sep2026 01:52:20.000] [Render thread/WARN] [net.minecraft.client.sounds.SoundEngine/]: Missing sound for event: minecraft:block.nether_wood_hanging_sign.hit
[28Sep2026 01:52:20.000] [Render thread/WARN] [net.minecraft.client.sounds.SoundEngine/]: Missing sound for event: minecraft:block.nether_wood_hanging_sign.place
[28Sep2026 01:52:20.000] [Render thread/WARN] [net.minecraft.client.sounds.SoundEngine/]: Missing sound for event: minecraft:block.bamboo_wood_hanging_sign.step
[28Sep2026 01:52:20.000] [Render thread/WARN] [net.minecraft.client.sounds.SoundEngine/]: Missing sound for event: minecraft:block.bamboo_wood_hanging_sign.break
[28Sep2026 01:52:20.000] [Render thread/WARN] [net.minecraft.client.sounds.SoundEngine/]: Missing sound for event: minecraft:block.bamboo_wood_hanging_sign.fall
[28Sep2026 01:52:20.000] [Render thread/WARN] [net.minecraft.client.sounds.SoundEngine/]: Missing sound for event: minecraft:block.bamboo_wood_hanging_sign.hit
[28Sep2026 01:52:20.000] [Render thread/WARN] [net.minecraft.client.sounds.SoundEngine/]: Missing sound for event: minecraft:block.bamboo_wood_hanging_sign.place
[28Sep2026 01:52:20.000] [Render thread/WARN] [net.minecraft.client.sounds.SoundEngine/]: Missing sound for event: minecraft:block.trial_spawner.break
[28Sep2026 01:52:20.000] [Render thread/WARN] [net.minecraft.client.sounds.SoundEngine/]: Missing sound for event: minecraft:block.trial_spawner.step
[28Sep2026 01:52:20.000] [Render thread/WARN] [net.minecraft.client.sounds.SoundEngine/]: Missing sound for event: minecraft:block.trial_spawner.place
[28Sep2026 01:52:20.000] [Render thread/WARN] [net.minecraft.client.sounds.SoundEngine/]: Missing sound for event: minecraft:block.trial_spawner.hit
[28Sep2026 01:52:20.000] [Render thread/WARN] [net.minecraft.client.sounds.SoundEngine/]: Missing sound for event: minecraft:block.trial_spawner.fall
[28Sep2026 01:52:20.000] [Render thread/WARN] [net.minecraft.client.sounds.SoundEngine/]: Missing sound for event: minecraft:block.trial_spawner.spawn_mob
[28Sep2026 01:52:20.000] [Render thread/WARN] [net.minecraft.client.sounds.SoundEngine/]: Missing sound for event: minecraft:block.trial_spawner.about_to_spawn_item
[28Sep2026 01:52:20.001] [Render thread/WARN] [net.minecraft.client.sounds.SoundEngine/]: Missing sound for event: minecraft:block.trial_spawner.spawn_item
[28Sep2026 01:52:20.001] [Render thread/WARN] [net.minecraft.client.sounds.SoundEngine/]: Missing sound for event: minecraft:block.trial_spawner.spawn_item_begin
[28Sep2026 01:52:20.001] [Render thread/WARN] [net.minecraft.client.sounds.SoundEngine/]: Missing sound for event: minecraft:block.trial_spawner.detect_player
[28Sep2026 01:52:20.001] [Render thread/WARN] [net.minecraft.client.sounds.SoundEngine/]: Missing sound for event: minecraft:block.trial_spawner.ominous_activate
[28Sep2026 01:52:20.001] [Render thread/WARN] [net.minecraft.client.sounds.SoundEngine/]: Missing sound for event: minecraft:block.trial_spawner.ambient
[28Sep2026 01:52:20.001] [Render thread/WARN] [net.minecraft.client.sounds.SoundEngine/]: Missing sound for event: minecraft:block.trial_spawner.ambient_ominous
[28Sep2026 01:52:20.001] [Render thread/WARN] [net.minecraft.client.sounds.SoundEngine/]: Missing sound for event: minecraft:block.trial_spawner.open_shutter
[28Sep2026 01:52:20.001] [Render thread/WARN] [net.minecraft.client.sounds.SoundEngine/]: Missing sound for event: minecraft:block.trial_spawner.close_shutter
[28Sep2026 01:52:20.001] [Render thread/WARN] [net.minecraft.client.sounds.SoundEngine/]: Missing sound for event: minecraft:block.trial_spawner.eject_item
[28Sep2026 01:52:20.001] [Render thread/WARN] [net.minecraft.client.sounds.SoundEngine/]: Missing sound for event: minecraft:entity.happy_ghast.equip
[28Sep2026 01:52:20.001] [Render thread/WARN] [net.minecraft.client.sounds.SoundEngine/]: Missing sound for event: minecraft:entity.happy_ghast.unequip
[28Sep2026 01:52:20.001] [Render thread/WARN] [net.minecraft.client.sounds.SoundEngine/]: Missing sound for event: minecraft:entity.happy_ghast.harness_goggles_up
[28Sep2026 01:52:20.001] [Render thread/WARN] [net.minecraft.client.sounds.SoundEngine/]: Missing sound for event: minecraft:entity.happy_ghast.harness_goggles_down
[28Sep2026 01:52:20.001] [Render thread/WARN] [net.minecraft.client.sounds.SoundEngine/]: Missing sound for event: minecraft:item.hoe.till
[28Sep2026 01:52:20.001] [Render thread/WARN] [net.minecraft.client.sounds.SoundEngine/]: Missing sound for event: minecraft:entity.hoglin.ambient
[28Sep2026 01:52:20.001] [Render thread/WARN] [net.minecraft.client.sounds.SoundEngine/]: Missing sound for event: minecraft:entity.hoglin.angry
[28Sep2026 01:52:20.001] [Render thread/WARN] [net.minecraft.client.sounds.SoundEngine/]: Missing sound for event: minecraft:entity.hoglin.attack
[28Sep2026 01:52:20.001] [Render thread/WARN] [net.minecraft.client.sounds.SoundEngine/]: Missing sound for event: minecraft:entity.hoglin.converted_to_zombified
[28Sep2026 01:52:20.001] [Render thread/WARN] [net.minecraft.client.sounds.SoundEngine/]: Missing sound for event: minecraft:entity.hoglin.death
[28Sep2026 01:52:20.001] [Render thread/WARN] [net.minecraft.client.sounds.SoundEngine/]: Missing sound for event: minecraft:entity.hoglin.hurt
[28Sep2026 01:52:20.001] [Render thread/WARN] [net.minecraft.client.sounds.SoundEngine/]: Missing sound for event: minecraft:entity.hoglin.retreat
[28Sep2026 01:52:20.001] [Render thread/WARN] [net.minecraft.client.sounds.SoundEngine/]: Missing sound for event: minecraft:entity.hoglin.step
[28Sep2026 01:52:20.001] [Render thread/WARN] [net.minecraft.client.sounds.SoundEngine/]: Missing sound for event: minecraft:block.honey_block.break
[28Sep2026 01:52:20.001] [Render thread/WARN] [net.minecraft.client.sounds.SoundEngine/]: Missing sound for event: minecraft:block.honey_block.fall
[28Sep2026 01:52:20.001] [Render thread/WARN] [net.minecraft.client.sounds.SoundEngine/]: Missing sound for event: minecraft:block.honey_block.hit
[28Sep2026 01:52:20.001] [Render thread/WARN] [net.minecraft.client.sounds.SoundEngine/]: Missing sound for event: minecraft:block.honey_block.place
[28Sep2026 01:52:20.001] [Render thread/WARN] [net.minecraft.client.sounds.SoundEngine/]: Missing sound for event: minecraft:block.honey_block.slide
[28Sep2026 01:52:20.001] [Render thread/WARN] [net.minecraft.client.sounds.SoundEngine/]: Missing sound for event: minecraft:block.honey_block.step
[28Sep2026 01:52:20.001] [Render thread/WARN] [net.minecraft.client.sounds.SoundEngine/]: Missing sound for event: minecraft:item.honeycomb.wax_on
[28Sep2026 01:52:20.001] [Render thread/WARN] [net.minecraft.client.sounds.SoundEngine/]: Missing sound for event: minecraft:item.honey_bottle.drink
[28Sep2026 01:52:20.001] [Render thread/WARN] [net.minecraft.client.sounds.SoundEngine/]: Missing sound for event: minecraft:item.goat_horn.sound.0
[28Sep2026 01:52:20.001] [Render thread/WARN] [net.minecraft.client.sounds.SoundEngine/]: Missing sound for event: minecraft:item.goat_horn.sound.1
[28Sep2026 01:52:20.001] [Render thread/WARN] [net.minecraft.client.sounds.SoundEngine/]: Missing sound for event: minecraft:item.goat_horn.sound.2
[28Sep2026 01:52:20.001] [Render thread/WARN] [net.minecraft.client.sounds.SoundEngine/]: Missing sound for event: minecraft:item.goat_horn.sound.3
[28Sep2026 01:52:20.001] [Render thread/WARN] [net.minecraft.client.sounds.SoundEngine/]: Missing sound for event: minecraft:item.goat_horn.sound.4
[28Sep2026 01:52:20.001] [Render thread/WARN] [net.minecraft.client.sounds.SoundEngine/]: Missing sound for event: minecraft:item.goat_horn.sound.5
[28Sep2026 01:52:20.001] [Render thread/WARN] [net.minecraft.client.sounds.SoundEngine/]: Missing sound for event: minecraft:item.goat_horn.sound.6
[28Sep2026 01:52:20.001] [Render thread/WARN] [net.minecraft.client.sounds.SoundEngine/]: Missing sound for event: minecraft:item.goat_horn.sound.7
[28Sep2026 01:52:20.001] [Render thread/WARN] [net.minecraft.client.sounds.SoundEngine/]: Missing sound for event: minecraft:entity.horse.ambient
[28Sep2026 01:52:20.001] [Render thread/WARN] [net.minecraft.client.sounds.SoundEngine/]: Missing sound for event: minecraft:entity.baby_horse.ambient
[28Sep2026 01:52:20.001] [Render thread/WARN] [net.minecraft.client.sounds.SoundEngine/]: Missing sound for event: minecraft:entity.horse.angry
[28Sep2026 01:52:20.001] [Render thread/WARN] [net.minecraft.client.sounds.SoundEngine/]: Missing sound for event: minecraft:entity.baby_horse.angry
[28Sep2026 01:52:20.001] [Render thread/WARN] [net.minecraft.client.sounds.SoundEngine/]: Missing sound for event: minecraft:entity.horse.armor
[28Sep2026 01:52:20.001] [Render thread/WARN] [net.minecraft.client.sounds.SoundEngine/]: Missing sound for event: minecraft:item.horse_armor.unequip
[28Sep2026 01:52:20.001] [Render thread/WARN] [net.minecraft.client.sounds.SoundEngine/]: Missing sound for event: minecraft:entity.horse.breathe
[28Sep2026 01:52:20.001] [Render thread/WARN] [net.minecraft.client.sounds.SoundEngine/]: Missing sound for event: minecraft:entity.baby_horse.breathe
[28Sep2026 01:52:20.001] [Render thread/WARN] [net.minecraft.client.sounds.SoundEngine/]: Missing sound for event: minecraft:entity.horse.death
[28Sep2026 01:52:20.001] [Render thread/WARN] [net.minecraft.client.sounds.SoundEngine/]: Missing sound for event: minecraft:entity.baby_horse.death
[28Sep2026 01:52:20.001] [Render thread/WARN] [net.minecraft.client.sounds.SoundEngine/]: Missing sound for event: minecraft:entity.horse.eat
[28Sep2026 01:52:20.001] [Render thread/WARN] [net.minecraft.client.sounds.SoundEngine/]: Missing sound for event: minecraft:entity.baby_horse.eat
[28Sep2026 01:52:20.001] [Render thread/WARN] [net.minecraft.client.sounds.SoundEngine/]: Missing sound for event: minecraft:entity.horse.gallop
[28Sep2026 01:52:20.001] [Render thread/WARN] [net.minecraft.client.sounds.SoundEngine/]: Missing sound for event: minecraft:entity.horse.hurt
[28Sep2026 01:52:20.001] [Render thread/WARN] [net.minecraft.client.sounds.SoundEngine/]: Missing sound for event: minecraft:entity.baby_horse.hurt
[28Sep2026 01:52:20.001] [Render thread/WARN] [net.minecraft.client.sounds.SoundEngine/]: Missing sound for event: minecraft:entity.horse.jump
[28Sep2026 01:52:20.001] [Render thread/WARN] [net.minecraft.client.sounds.SoundEngine/]: Missing sound for event: minecraft:entity.horse.land
[28Sep2026 01:52:20.001] [Render thread/WARN] [net.minecraft.client.sounds.SoundEngine/]: Missing sound for event: minecraft:entity.baby_horse.land
[28Sep2026 01:52:20.001] [Render thread/WARN] [net.minecraft.client.sounds.SoundEngine/]: Missing sound for event: minecraft:entity.horse.saddle
[28Sep2026 01:52:20.001] [Render thread/WARN] [net.minecraft.client.sounds.SoundEngine/]: Missing sound for event: minecraft:entity.horse.step
[28Sep2026 01:52:20.001] [Render thread/WARN] [net.minecraft.client.sounds.SoundEngine/]: Missing sound for event: minecraft:entity.baby_horse.step
[28Sep2026 01:52:20.001] [Render thread/WARN] [net.minecraft.client.sounds.SoundEngine/]: Missing sound for event: minecraft:entity.horse.step_wood
[28Sep2026 01:52:20.001] [Render thread/WARN] [net.minecraft.client.sounds.SoundEngine/]: Missing sound for event: minecraft:entity.hostile.big_fall
[28Sep2026 01:52:20.001] [Render thread/WARN] [net.minecraft.client.sounds.SoundEngine/]: Missing sound for event: minecraft:entity.hostile.death
[28Sep2026 01:52:20.001] [Render thread/WARN] [net.minecraft.client.sounds.SoundEngine/]: Missing sound for event: minecraft:entity.hostile.hurt
[28Sep2026 01:52:20.001] [Render thread/WARN] [net.minecraft.client.sounds.SoundEngine/]: Missing sound for event: minecraft:entity.hostile.small_fall
[28Sep2026 01:52:20.001] [Render thread/WARN] [net.minecraft.client.sounds.SoundEngine/]: Missing sound for event: minecraft:entity.hostile.splash
[28Sep2026 01:52:20.001] [Render thread/WARN] [net.minecraft.client.sounds.SoundEngine/]: Missing sound for event: minecraft:entity.hostile.swim
[28Sep2026 01:52:20.002] [Render thread/WARN] [net.minecraft.client.sounds.SoundEngine/]: Missing sound for event: minecraft:entity.husk.ambient
[28Sep2026 01:52:20.002] [Render thread/WARN] [net.minecraft.client.sounds.SoundEngine/]: Missing sound for event: minecraft:entity.husk.converted_to_zombie
[28Sep2026 01:52:20.002] [Render thread/WARN] [net.minecraft.client.sounds.SoundEngine/]: Missing sound for event: minecraft:entity.husk.death
[28Sep2026 01:52:20.002] [Render thread/WARN] [net.minecraft.client.sounds.SoundEngine/]: Missing sound for event: minecraft:entity.husk.hurt
[28Sep2026 01:52:20.002] [Render thread/WARN] [net.minecraft.client.sounds.SoundEngine/]: Missing sound for event: minecraft:entity.husk.step
[28Sep2026 01:52:20.002] [Render thread/WARN] [net.minecraft.client.sounds.SoundEngine/]: Missing sound for event: minecraft:entity.illusioner.ambient
[28Sep2026 01:52:20.002] [Render thread/WARN] [net.minecraft.client.sounds.SoundEngine/]: Missing sound for event: minecraft:entity.illusioner.cast_spell
[28Sep2026 01:52:20.002] [Render thread/WARN] [net.minecraft.client.sounds.SoundEngine/]: Missing sound for event: minecraft:entity.illusioner.death
[28Sep2026 01:52:20.002] [Render thread/WARN] [net.minecraft.client.sounds.SoundEngine/]: Missing sound for event: minecraft:entity.illusioner.hurt
[28Sep2026 01:52:20.002] [Render thread/WARN] [net.minecraft.client.sounds.SoundEngine/]: Missing sound for event: minecraft:entity.illusioner.mirror_move
[28Sep2026 01:52:20.002] [Render thread/WARN] [net.minecraft.client.sounds.SoundEngine/]: Missing sound for event: minecraft:entity.illusioner.prepare_blindness
[28Sep2026 01:52:20.002] [Render thread/WARN] [net.minecraft.client.sounds.SoundEngine/]: Missing sound for event: minecraft:entity.illusioner.prepare_mirror
[28Sep2026 01:52:20.002] [Render thread/WARN] [net.minecraft.client.sounds.SoundEngine/]: Missing sound for event: minecraft:item.ink_sac.use
[28Sep2026 01:52:20.002] [Render thread/WARN] [net.minecraft.client.sounds.SoundEngine/]: Missing sound for event: minecraft:block.iron.break
[28Sep2026 01:52:20.002] [Render thread/WARN] [net.minecraft.client.sounds.SoundEngine/]: Missing sound for event: minecraft:block.iron.step
[28Sep2026 01:52:20.002] [Render thread/WARN] [net.minecraft.client.sounds.SoundEngine/]: Missing sound for event: minecraft:block.iron.place
[28Sep2026 01:52:20.002] [Render thread/WARN] [net.minecraft.client.sounds.SoundEngine/]: Missing sound for event: minecraft:block.iron.hit
[28Sep2026 01:52:20.002] [Render thread/WARN] [net.minecraft.client.sounds.SoundEngine/]: Missing sound for event: minecraft:block.iron.fall
[28Sep2026 01:52:20.002] [Render thread/WARN] [net.minecraft.client.sounds.SoundEngine/]: Missing sound for event: minecraft:block.iron_door.close
[28Sep2026 01:52:20.002] [Render thread/WARN] [net.minecraft.client.sounds.SoundEngine/]: Missing sound for event: minecraft:block.iron_door.open
[28Sep2026 01:52:20.002] [Render thread/WARN] [net.minecraft.client.sounds.SoundEngine/]: Missing sound for event: minecraft:entity.iron_golem.attack
[28Sep2026 01:52:20.002] [Render thread/WARN] [net.minecraft.client.sounds.SoundEngine/]: Missing sound for event: minecraft:entity.iron_golem.damage
[28Sep2026 01:52:20.002] [Render thread/WARN] [net.minecraft.client.sounds.SoundEngine/]: Missing sound for event: minecraft:entity.iron_golem.death
[28Sep2026 01:52:20.002] [Render thread/WARN] [net.minecraft.client.sounds.SoundEngine/]: Missing sound for event: minecraft:entity.iron_golem.hurt
[28Sep2026 01:52:20.002] [Render thread/WARN] [net.minecraft.client.sounds.SoundEngine/]: Missing sound for event: minecraft:entity.iron_golem.repair
[28Sep2026 01:52:20.002] [Render thread/WARN] [net.minecraft.client.sounds.SoundEngine/]: Missing sound for event: minecraft:entity.iron_golem.step
[28Sep2026 01:52:20.002] [Render thread/WARN] [net.minecraft.client.sounds.SoundEngine/]: Missing sound for event: minecraft:block.iron_trapdoor.close
[28Sep2026 01:52:20.002] [Render thread/WARN] [net.minecraft.client.sounds.SoundEngine/]: Missing sound for event: minecraft:block.iron_trapdoor.open
[28Sep2026 01:52:20.002] [Render thread/WARN] [net.minecraft.client.sounds.SoundEngine/]: Missing sound for event: minecraft:entity.item_frame.add_item
[28Sep2026 01:52:20.002] [Render thread/WARN] [net.minecraft.client.sounds.SoundEngine/]: Missing sound for event: minecraft:entity.item_frame.break
[28Sep2026 01:52:20.002] [Render thread/WARN] [net.minecraft.client.sounds.SoundEngine/]: Missing sound for event: minecraft:entity.item_frame.place
[28Sep2026 01:52:20.002] [Render thread/WARN] [net.minecraft.client.sounds.SoundEngine/]: Missing sound for event: minecraft:entity.item_frame.remove_item
[28Sep2026 01:52:20.002] [Render thread/WARN] [net.minecraft.client.sounds.SoundEngine/]: Missing sound for event: minecraft:entity.item_frame.rotate_item
[28Sep2026 01:52:20.002] [Render thread/WARN] [net.minecraft.client.sounds.SoundEngine/]: Missing sound for event: minecraft:entity.item.break
[28Sep2026 01:52:20.002] [Render thread/WARN] [net.minecraft.client.sounds.SoundEngine/]: Missing sound for event: minecraft:entity.item.pickup
[28Sep2026 01:52:20.002] [Render thread/WARN] [net.minecraft.client.sounds.SoundEngine/]: Missing sound for event: minecraft:block.ladder.break
[28Sep2026 01:52:20.002] [Render thread/WARN] [net.minecraft.client.sounds.SoundEngine/]: Missing sound for event: minecraft:block.ladder.fall
[28Sep2026 01:52:20.002] [Render thread/WARN] [net.minecraft.client.sounds.SoundEngine/]: Missing sound for event: minecraft:block.ladder.hit
[28Sep2026 01:52:20.002] [Render thread/WARN] [net.minecraft.client.sounds.SoundEngine/]: Missing sound for event: minecraft:block.ladder.place
[28Sep2026 01:52:20.002] [Render thread/WARN] [net.minecraft.client.sounds.SoundEngine/]: Missing sound for event: minecraft:block.ladder.step
[28Sep2026 01:52:20.002] [Render thread/WARN] [net.minecraft.client.sounds.SoundEngine/]: Missing sound for event: minecraft:block.lantern.break
[28Sep2026 01:52:20.002] [Render thread/WARN] [net.minecraft.client.sounds.SoundEngine/]: Missing sound for event: minecraft:block.lantern.fall
[28Sep2026 01:52:20.002] [Render thread/WARN] [net.minecraft.client.sounds.SoundEngine/]: Missing sound for event: minecraft:block.lantern.hit
[28Sep2026 01:52:20.002] [Render thread/WARN] [net.minecraft.client.sounds.SoundEngine/]: Missing sound for event: minecraft:block.lantern.place
[28Sep2026 01:52:20.002] [Render thread/WARN] [net.minecraft.client.sounds.SoundEngine/]: Missing sound for event: minecraft:block.lantern.step
[28Sep2026 01:52:20.002] [Render thread/WARN] [net.minecraft.client.sounds.SoundEngine/]: Missing sound for event: minecraft:block.large_amethyst_bud.break
[28Sep2026 01:52:20.002] [Render thread/WARN] [net.minecraft.client.sounds.SoundEngine/]: Missing sound for event: minecraft:block.large_amethyst_bud.place
[28Sep2026 01:52:20.002] [Render thread/WARN] [net.minecraft.client.sounds.SoundEngine/]: Missing sound for event: minecraft:block.lava.ambient
[28Sep2026 01:52:20.002] [Render thread/WARN] [net.minecraft.client.sounds.SoundEngine/]: Missing sound for event: minecraft:block.lava.extinguish
[28Sep2026 01:52:20.002] [Render thread/WARN] [net.minecraft.client.sounds.SoundEngine/]: Missing sound for event: minecraft:block.lava.pop
[28Sep2026 01:52:20.002] [Render thread/WARN] [net.minecraft.client.sounds.SoundEngine/]: Missing sound for event: minecraft:block.leaf_litter.break
[28Sep2026 01:52:20.002] [Render thread/WARN] [net.minecraft.client.sounds.SoundEngine/]: Missing sound for event: minecraft:block.leaf_litter.step
[28Sep2026 01:52:20.002] [Render thread/WARN] [net.minecraft.client.sounds.SoundEngine/]: Missing sound for event: minecraft:block.leaf_litter.place
[28Sep2026 01:52:20.002] [Render thread/WARN] [net.minecraft.client.sounds.SoundEngine/]: Missing sound for event: minecraft:block.leaf_litter.hit
[28Sep2026 01:52:20.002] [Render thread/WARN] [net.minecraft.client.sounds.SoundEngine/]: Missing sound for event: minecraft:block.leaf_litter.fall
[28Sep2026 01:52:20.002] [Render thread/WARN] [net.minecraft.client.sounds.SoundEngine/]: Missing sound for event: minecraft:item.lead.untied
[28Sep2026 01:52:20.002] [Render thread/WARN] [net.minecraft.client.sounds.SoundEngine/]: Missing sound for event: minecraft:item.lead.tied
[28Sep2026 01:52:20.002] [Render thread/WARN] [net.minecraft.client.sounds.SoundEngine/]: Missing sound for event: minecraft:item.lead.break
[28Sep2026 01:52:20.002] [Render thread/WARN] [net.minecraft.client.sounds.SoundEngine/]: Missing sound for event: minecraft:block.lever.click
[28Sep2026 01:52:20.002] [Render thread/WARN] [net.minecraft.client.sounds.SoundEngine/]: Missing sound for event: minecraft:entity.lightning_bolt.impact
[28Sep2026 01:52:20.002] [Render thread/WARN] [net.minecraft.client.sounds.SoundEngine/]: Missing sound for event: minecraft:entity.lightning_bolt.thunder
[28Sep2026 01:52:20.002] [Render thread/WARN] [net.minecraft.client.sounds.SoundEngine/]: Missing sound for event: minecraft:entity.lingering_potion.throw
[28Sep2026 01:52:20.002] [Render thread/WARN] [net.minecraft.client.sounds.SoundEngine/]: Missing sound for event: minecraft:entity.llama.ambient
[28Sep2026 01:52:20.003] [Render thread/WARN] [net.minecraft.client.sounds.SoundEngine/]: Missing sound for event: minecraft:entity.llama.angry
[28Sep2026 01:52:20.003] [Render thread/WARN] [net.minecraft.client.sounds.SoundEngine/]: Missing sound for event: minecraft:entity.llama.chest
[28Sep2026 01:52:20.003] [Render thread/WARN] [net.minecraft.client.sounds.SoundEngine/]: Missing sound for event: minecraft:entity.llama.death
[28Sep2026 01:52:20.003] [Render thread/WARN] [net.minecraft.client.sounds.SoundEngine/]: Missing sound for event: minecraft:entity.llama.eat
[28Sep2026 01:52:20.003] [Render thread/WARN] [net.minecraft.client.sounds.SoundEngine/]: Missing sound for event: minecraft:entity.llama.hurt
[28Sep2026 01:52:20.003] [Render thread/WARN] [net.minecraft.client.sounds.SoundEngine/]: Missing sound for event: minecraft:entity.llama.spit
[28Sep2026 01:52:20.003] [Render thread/WARN] [net.minecraft.client.sounds.SoundEngine/]: Missing sound for event: minecraft:entity.llama.step
[28Sep2026 01:52:20.003] [Render thread/WARN] [net.minecraft.client.sounds.SoundEngine/]: Missing sound for event: minecraft:entity.llama.swag
[28Sep2026 01:52:20.003] [Render thread/WARN] [net.minecraft.client.sounds.SoundEngine/]: Missing sound for event: minecraft:item.llama_carpet.unequip
[28Sep2026 01:52:20.003] [Render thread/WARN] [net.minecraft.client.sounds.SoundEngine/]: Missing sound for event: minecraft:entity.magma_cube.death_small
[28Sep2026 01:52:20.003] [Render thread/WARN] [net.minecraft.client.sounds.SoundEngine/]: Missing sound for event: minecraft:block.lodestone.break
[28Sep2026 01:52:20.003] [Render thread/WARN] [net.minecraft.client.sounds.SoundEngine/]: Missing sound for event: minecraft:block.lodestone.step
[28Sep2026 01:52:20.003] [Render thread/WARN] [net.minecraft.client.sounds.SoundEngine/]: Missing sound for event: minecraft:block.lodestone.place
[28Sep2026 01:52:20.003] [Render thread/WARN] [net.minecraft.client.sounds.SoundEngine/]: Missing sound for event: minecraft:block.lodestone.hit
[28Sep2026 01:52:20.003] [Render thread/WARN] [net.minecraft.client.sounds.SoundEngine/]: Missing sound for event: minecraft:block.lodestone.fall
[28Sep2026 01:52:20.003] [Render thread/WARN] [net.minecraft.client.sounds.SoundEngine/]: Missing sound for event: minecraft:item.lodestone_compass.lock
[28Sep2026 01:52:20.003] [Render thread/WARN] [net.minecraft.client.sounds.SoundEngine/]: Missing sound for event: minecraft:item.spear.lunge_1
[28Sep2026 01:52:20.003] [Render thread/WARN] [net.minecraft.client.sounds.SoundEngine/]: Missing sound for event: minecraft:item.spear.lunge_2
[28Sep2026 01:52:20.003] [Render thread/WARN] [net.minecraft.client.sounds.SoundEngine/]: Missing sound for event: minecraft:item.spear.lunge_3
[28Sep2026 01:52:20.003] [Render thread/WARN] [net.minecraft.client.sounds.SoundEngine/]: Missing sound for event: minecraft:item.mace.smash_air
[28Sep2026 01:52:20.003] [Render thread/WARN] [net.minecraft.client.sounds.SoundEngine/]: Missing sound for event: minecraft:item.mace.smash_ground
[28Sep2026 01:52:20.003] [Render thread/WARN] [net.minecraft.client.sounds.SoundEngine/]: Missing sound for event: minecraft:item.mace.smash_ground_heavy
[28Sep2026 01:52:20.003] [Render thread/WARN] [net.minecraft.client.sounds.SoundEngine/]: Missing sound for event: minecraft:entity.magma_cube.death
[28Sep2026 01:52:20.003] [Render thread/WARN] [net.minecraft.client.sounds.SoundEngine/]: Missing sound for event: minecraft:entity.magma_cube.hurt
[28Sep2026 01:52:20.003] [Render thread/WARN] [net.minecraft.client.sounds.SoundEngine/]: Missing sound for event: minecraft:entity.magma_cube.hurt_small
[28Sep2026 01:52:20.003] [Render thread/WARN] [net.minecraft.client.sounds.SoundEngine/]: Missing sound for event: minecraft:entity.magma_cube.jump
[28Sep2026 01:52:20.003] [Render thread/WARN] [net.minecraft.client.sounds.SoundEngine/]: Missing sound for event: minecraft:entity.magma_cube.squish
[28Sep2026 01:52:20.003] [Render thread/WARN] [net.minecraft.client.sounds.SoundEngine/]: Missing sound for event: minecraft:entity.magma_cube.squish_small
[28Sep2026 01:52:20.003] [Render thread/WARN] [net.minecraft.client.sounds.SoundEngine/]: Missing sound for event: minecraft:block.mangrove_roots.break
[28Sep2026 01:52:20.003] [Render thread/WARN] [net.minecraft.client.sounds.SoundEngine/]: Missing sound for event: minecraft:block.mangrove_roots.fall
[28Sep2026 01:52:20.003] [Render thread/WARN] [net.minecraft.client.sounds.SoundEngine/]: Missing sound for event: minecraft:block.mangrove_roots.hit
[28Sep2026 01:52:20.003] [Render thread/WARN] [net.minecraft.client.sounds.SoundEngine/]: Missing sound for event: minecraft:block.mangrove_roots.place
[28Sep2026 01:52:20.003] [Render thread/WARN] [net.minecraft.client.sounds.SoundEngine/]: Missing sound for event: minecraft:block.mangrove_roots.step
[28Sep2026 01:52:20.003] [Render thread/WARN] [net.minecraft.client.sounds.SoundEngine/]: Missing sound for event: minecraft:block.medium_amethyst_bud.break
[28Sep2026 01:52:20.003] [Render thread/WARN] [net.minecraft.client.sounds.SoundEngine/]: Missing sound for event: minecraft:block.medium_amethyst_bud.place
[28Sep2026 01:52:20.003] [Render thread/WARN] [net.minecraft.client.sounds.SoundEngine/]: Missing sound for event: minecraft:block.metal.break
[28Sep2026 01:52:20.003] [Render thread/WARN] [net.minecraft.client.sounds.SoundEngine/]: Missing sound for event: minecraft:block.metal.fall
[28Sep2026 01:52:20.003] [Render thread/WARN] [net.minecraft.client.sounds.SoundEngine/]: Missing sound for event: minecraft:block.metal.hit
[28Sep2026 01:52:20.003] [Render thread/WARN] [net.minecraft.client.sounds.SoundEngine/]: Missing sound for event: minecraft:block.metal.place
[28Sep2026 01:52:20.003] [Render thread/WARN] [net.minecraft.client.sounds.SoundEngine/]: Missing sound for event: minecraft:block.metal_pressure_plate.click_off
[28Sep2026 01:52:20.003] [Render thread/WARN] [net.minecraft.client.sounds.SoundEngine/]: Missing sound for event: minecraft:block.metal_pressure_plate.click_on
[28Sep2026 01:52:20.003] [Render thread/WARN] [net.minecraft.client.sounds.SoundEngine/]: Missing sound for event: minecraft:block.metal.step
[28Sep2026 01:52:20.003] [Render thread/WARN] [net.minecraft.client.sounds.SoundEngine/]: Missing sound for event: minecraft:entity.minecart.inside.underwater
[28Sep2026 01:52:20.003] [Render thread/WARN] [net.minecraft.client.sounds.SoundEngine/]: Missing sound for event: minecraft:entity.minecart.inside
[28Sep2026 01:52:20.003] [Render thread/WARN] [net.minecraft.client.sounds.SoundEngine/]: Missing sound for event: minecraft:entity.minecart.riding
[28Sep2026 01:52:20.003] [Render thread/WARN] [net.minecraft.client.sounds.SoundEngine/]: Missing sound for event: minecraft:entity.mooshroom.convert
[28Sep2026 01:52:20.003] [Render thread/WARN] [net.minecraft.client.sounds.SoundEngine/]: Missing sound for event: minecraft:entity.mooshroom.eat
[28Sep2026 01:52:20.003] [Render thread/WARN] [net.minecraft.client.sounds.SoundEngine/]: Missing sound for event: minecraft:entity.mooshroom.milk
[28Sep2026 01:52:20.003] [Render thread/WARN] [net.minecraft.client.sounds.SoundEngine/]: Missing sound for event: minecraft:entity.mooshroom.suspicious_milk
[28Sep2026 01:52:20.003] [Render thread/WARN] [net.minecraft.client.sounds.SoundEngine/]: Missing sound for event: minecraft:entity.mooshroom.shear
[28Sep2026 01:52:20.003] [Render thread/WARN] [net.minecraft.client.sounds.SoundEngine/]: Missing sound for event: minecraft:block.moss_carpet.break
[28Sep2026 01:52:20.003] [Render thread/WARN] [net.minecraft.client.sounds.SoundEngine/]: Missing sound for event: minecraft:block.moss_carpet.fall
[28Sep2026 01:52:20.003] [Render thread/WARN] [net.minecraft.client.sounds.SoundEngine/]: Missing sound for event: minecraft:block.moss_carpet.hit
[28Sep2026 01:52:20.003] [Render thread/WARN] [net.minecraft.client.sounds.SoundEngine/]: Missing sound for event: minecraft:block.moss_carpet.place
[28Sep2026 01:52:20.003] [Render thread/WARN] [net.minecraft.client.sounds.SoundEngine/]: Missing sound for event: minecraft:block.moss_carpet.step
[28Sep2026 01:52:20.003] [Render thread/WARN] [net.minecraft.client.sounds.SoundEngine/]: Missing sound for event: minecraft:block.pink_petals.break
[28Sep2026 01:52:20.003] [Render thread/WARN] [net.minecraft.client.sounds.SoundEngine/]: Missing sound for event: minecraft:block.pink_petals.fall
[28Sep2026 01:52:20.003] [Render thread/WARN] [net.minecraft.client.sounds.SoundEngine/]: Missing sound for event: minecraft:block.pink_petals.hit
[28Sep2026 01:52:20.003] [Render thread/WARN] [net.minecraft.client.sounds.SoundEngine/]: Missing sound for event: minecraft:block.pink_petals.place
[28Sep2026 01:52:20.003] [Render thread/WARN] [net.minecraft.client.sounds.SoundEngine/]: Missing sound for event: minecraft:block.pink_petals.step
[28Sep2026 01:52:20.003] [Render thread/WARN] [net.minecraft.client.sounds.SoundEngine/]: Missing sound for event: minecraft:block.moss.break
[28Sep2026 01:52:20.003] [Render thread/WARN] [net.minecraft.client.sounds.SoundEngine/]: Missing sound for event: minecraft:block.moss.fall
[28Sep2026 01:52:20.003] [Render thread/WARN] [net.minecraft.client.sounds.SoundEngine/]: Missing sound for event: minecraft:block.moss.hit
[28Sep2026 01:52:20.003] [Render thread/WARN] [net.minecraft.client.sounds.SoundEngine/]: Missing sound for event: minecraft:block.moss.place
[28Sep2026 01:52:20.003] [Render thread/WARN] [net.minecraft.client.sounds.SoundEngine/]: Missing sound for event: minecraft:block.moss.step
[28Sep2026 01:52:20.003] [Render thread/WARN] [net.minecraft.client.sounds.SoundEngine/]: Missing sound for event: minecraft:block.mud.break
[28Sep2026 01:52:20.004] [Render thread/WARN] [net.minecraft.client.sounds.SoundEngine/]: Missing sound for event: minecraft:block.mud.fall
[28Sep2026 01:52:20.004] [Render thread/WARN] [net.minecraft.client.sounds.SoundEngine/]: Missing sound for event: minecraft:block.mud.hit
[28Sep2026 01:52:20.004] [Render thread/WARN] [net.minecraft.client.sounds.SoundEngine/]: Missing sound for event: minecraft:block.mud.place
[28Sep2026 01:52:20.004] [Render thread/WARN] [net.minecraft.client.sounds.SoundEngine/]: Missing sound for event: minecraft:block.mud.step
[28Sep2026 01:52:20.004] [Render thread/WARN] [net.minecraft.client.sounds.SoundEngine/]: Missing sound for event: minecraft:block.mud_bricks.break
[28Sep2026 01:52:20.004] [Render thread/WARN] [net.minecraft.client.sounds.SoundEngine/]: Missing sound for event: minecraft:block.mud_bricks.fall
[28Sep2026 01:52:20.004] [Render thread/WARN] [net.minecraft.client.sounds.SoundEngine/]: Missing sound for event: minecraft:block.mud_bricks.hit
[28Sep2026 01:52:20.004] [Render thread/WARN] [net.minecraft.client.sounds.SoundEngine/]: Missing sound for event: minecraft:block.mud_bricks.place
[28Sep2026 01:52:20.004] [Render thread/WARN] [net.minecraft.client.sounds.SoundEngine/]: Missing sound for event: minecraft:block.mud_bricks.step
[28Sep2026 01:52:20.004] [Render thread/WARN] [net.minecraft.client.sounds.SoundEngine/]: Missing sound for event: minecraft:block.muddy_mangrove_roots.break
[28Sep2026 01:52:20.004] [Render thread/WARN] [net.minecraft.client.sounds.SoundEngine/]: Missing sound for event: minecraft:block.muddy_mangrove_roots.fall
[28Sep2026 01:52:20.004] [Render thread/WARN] [net.minecraft.client.sounds.SoundEngine/]: Missing sound for event: minecraft:block.muddy_mangrove_roots.hit
[28Sep2026 01:52:20.004] [Render thread/WARN] [net.minecraft.client.sounds.SoundEngine/]: Missing sound for event: minecraft:block.muddy_mangrove_roots.place
[28Sep2026 01:52:20.004] [Render thread/WARN] [net.minecraft.client.sounds.SoundEngine/]: Missing sound for event: minecraft:block.muddy_mangrove_roots.step
[28Sep2026 01:52:20.004] [Render thread/WARN] [net.minecraft.client.sounds.SoundEngine/]: Missing sound for event: minecraft:entity.mule.ambient
[28Sep2026 01:52:20.004] [Render thread/WARN] [net.minecraft.client.sounds.SoundEngine/]: Missing sound for event: minecraft:entity.mule.angry
[28Sep2026 01:52:20.004] [Render thread/WARN] [net.minecraft.client.sounds.SoundEngine/]: Missing sound for event: minecraft:entity.mule.chest
[28Sep2026 01:52:20.004] [Render thread/WARN] [net.minecraft.client.sounds.SoundEngine/]: Missing sound for event: minecraft:entity.mule.death
[28Sep2026 01:52:20.004] [Render thread/WARN] [net.minecraft.client.sounds.SoundEngine/]: Missing sound for event: minecraft:entity.mule.eat
[28Sep2026 01:52:20.004] [Render thread/WARN] [net.minecraft.client.sounds.SoundEngine/]: Missing sound for event: minecraft:entity.mule.hurt
[28Sep2026 01:52:20.004] [Render thread/WARN] [net.minecraft.client.sounds.SoundEngine/]: Missing sound for event: minecraft:entity.mule.jump
[28Sep2026 01:52:20.004] [Render thread/WARN] [net.minecraft.client.sounds.SoundEngine/]: Missing sound for event: minecraft:music.creative
[28Sep2026 01:52:20.004] [Render thread/WARN] [net.minecraft.client.sounds.SoundEngine/]: Missing sound for event: minecraft:music.credits
[28Sep2026 01:52:20.004] [Render thread/WARN] [net.minecraft.client.sounds.SoundEngine/]: Missing sound for event: minecraft:music_disc.5
[28Sep2026 01:52:20.004] [Render thread/WARN] [net.minecraft.client.sounds.SoundEngine/]: Missing sound for event: minecraft:music_disc.11
[28Sep2026 01:52:20.004] [Render thread/WARN] [net.minecraft.client.sounds.SoundEngine/]: Missing sound for event: minecraft:music_disc.13
[28Sep2026 01:52:20.004] [Render thread/WARN] [net.minecraft.client.sounds.SoundEngine/]: Missing sound for event: minecraft:music_disc.blocks
[28Sep2026 01:52:20.004] [Render thread/WARN] [net.minecraft.client.sounds.SoundEngine/]: Missing sound for event: minecraft:music_disc.cat
[28Sep2026 01:52:20.004] [Render thread/WARN] [net.minecraft.client.sounds.SoundEngine/]: Missing sound for event: minecraft:music_disc.chirp
[28Sep2026 01:52:20.004] [Render thread/WARN] [net.minecraft.client.sounds.SoundEngine/]: Missing sound for event: minecraft:music_disc.far
[28Sep2026 01:52:20.004] [Render thread/WARN] [net.minecraft.client.sounds.SoundEngine/]: Missing sound for event: minecraft:music_disc.lava_chicken
[28Sep2026 01:52:20.004] [Render thread/WARN] [net.minecraft.client.sounds.SoundEngine/]: Missing sound for event: minecraft:music_disc.mall
[28Sep2026 01:52:20.004] [Render thread/WARN] [net.minecraft.client.sounds.SoundEngine/]: Missing sound for event: minecraft:music_disc.mellohi
[28Sep2026 01:52:20.004] [Render thread/WARN] [net.minecraft.client.sounds.SoundEngine/]: Missing sound for event: minecraft:music_disc.pigstep
[28Sep2026 01:52:20.004] [Render thread/WARN] [net.minecraft.client.sounds.SoundEngine/]: Missing sound for event: minecraft:music_disc.stal
[28Sep2026 01:52:20.004] [Render thread/WARN] [net.minecraft.client.sounds.SoundEngine/]: Missing sound for event: minecraft:music_disc.strad
[28Sep2026 01:52:20.004] [Render thread/WARN] [net.minecraft.client.sounds.SoundEngine/]: Missing sound for event: minecraft:music_disc.wait
[28Sep2026 01:52:20.004] [Render thread/WARN] [net.minecraft.client.sounds.SoundEngine/]: Missing sound for event: minecraft:music_disc.ward
[28Sep2026 01:52:20.004] [Render thread/WARN] [net.minecraft.client.sounds.SoundEngine/]: Missing sound for event: minecraft:music_disc.otherside
[28Sep2026 01:52:20.004] [Render thread/WARN] [net.minecraft.client.sounds.SoundEngine/]: Missing sound for event: minecraft:music_disc.relic
[28Sep2026 01:52:20.004] [Render thread/WARN] [net.minecraft.client.sounds.SoundEngine/]: Missing sound for event: minecraft:music_disc.creator
[28Sep2026 01:52:20.004] [Render thread/WARN] [net.minecraft.client.sounds.SoundEngine/]: Missing sound for event: minecraft:music_disc.creator_music_box
[28Sep2026 01:52:20.004] [Render thread/WARN] [net.minecraft.client.sounds.SoundEngine/]: Missing sound for event: minecraft:music_disc.precipice
[28Sep2026 01:52:20.004] [Render thread/WARN] [net.minecraft.client.sounds.SoundEngine/]: Missing sound for event: minecraft:music_disc.tears
[28Sep2026 01:52:20.004] [Render thread/WARN] [net.minecraft.client.sounds.SoundEngine/]: Missing sound for event: minecraft:music.dragon
[28Sep2026 01:52:20.004] [Render thread/WARN] [net.minecraft.client.sounds.SoundEngine/]: Missing sound for event: minecraft:music.end
[28Sep2026 01:52:20.004] [Render thread/WARN] [net.minecraft.client.sounds.SoundEngine/]: Missing sound for event: minecraft:music.game
[28Sep2026 01:52:20.004] [Render thread/WARN] [net.minecraft.client.sounds.SoundEngine/]: Missing sound for event: minecraft:music.menu
[28Sep2026 01:52:20.004] [Render thread/WARN] [net.minecraft.client.sounds.SoundEngine/]: Missing sound for event: minecraft:music.nether.basalt_deltas
[28Sep2026 01:52:20.004] [Render thread/WARN] [net.minecraft.client.sounds.SoundEngine/]: Missing sound for event: minecraft:music.nether.crimson_forest
[28Sep2026 01:52:20.004] [Render thread/WARN] [net.minecraft.client.sounds.SoundEngine/]: Missing sound for event: minecraft:music.overworld.deep_dark
[28Sep2026 01:52:20.004] [Render thread/WARN] [net.minecraft.client.sounds.SoundEngine/]: Missing sound for event: minecraft:music.overworld.dripstone_caves
[28Sep2026 01:52:20.004] [Render thread/WARN] [net.minecraft.client.sounds.SoundEngine/]: Missing sound for event: minecraft:music.overworld.grove
[28Sep2026 01:52:20.004] [Render thread/WARN] [net.minecraft.client.sounds.SoundEngine/]: Missing sound for event: minecraft:music.overworld.jagged_peaks
[28Sep2026 01:52:20.004] [Render thread/WARN] [net.minecraft.client.sounds.SoundEngine/]: Missing sound for event: minecraft:music.overworld.lush_caves
[28Sep2026 01:52:20.004] [Render thread/WARN] [net.minecraft.client.sounds.SoundEngine/]: Missing sound for event: minecraft:music.overworld.swamp
[28Sep2026 01:52:20.004] [Render thread/WARN] [net.minecraft.client.sounds.SoundEngine/]: Missing sound for event: minecraft:music.overworld.forest
[28Sep2026 01:52:20.004] [Render thread/WARN] [net.minecraft.client.sounds.SoundEngine/]: Missing sound for event: minecraft:music.overworld.old_growth_taiga
[28Sep2026 01:52:20.004] [Render thread/WARN] [net.minecraft.client.sounds.SoundEngine/]: Missing sound for event: minecraft:music.overworld.meadow
[28Sep2026 01:52:20.004] [Render thread/WARN] [net.minecraft.client.sounds.SoundEngine/]: Missing sound for event: minecraft:music.overworld.cherry_grove
[28Sep2026 01:52:20.004] [Render thread/WARN] [net.minecraft.client.sounds.SoundEngine/]: Missing sound for event: minecraft:music.nether.nether_wastes
[28Sep2026 01:52:20.004] [Render thread/WARN] [net.minecraft.client.sounds.SoundEngine/]: Missing sound for event: minecraft:music.overworld.frozen_peaks
[28Sep2026 01:52:20.004] [Render thread/WARN] [net.minecraft.client.sounds.SoundEngine/]: Missing sound for event: minecraft:music.overworld.snowy_slopes
[28Sep2026 01:52:20.004] [Render thread/WARN] [net.minecraft.client.sounds.SoundEngine/]: Missing sound for event: minecraft:music.nether.soul_sand_valley
[28Sep2026 01:52:20.004] [Render thread/WARN] [net.minecraft.client.sounds.SoundEngine/]: Missing sound for event: minecraft:music.overworld.stony_peaks
[28Sep2026 01:52:20.004] [Render thread/WARN] [net.minecraft.client.sounds.SoundEngine/]: Missing sound for event: minecraft:music.nether.warped_forest
[28Sep2026 01:52:20.004] [Render thread/WARN] [net.minecraft.client.sounds.SoundEngine/]: Missing sound for event: minecraft:music.overworld.flower_forest
[28Sep2026 01:52:20.005] [Render thread/WARN] [net.minecraft.client.sounds.SoundEngine/]: Missing sound for event: minecraft:music.overworld.desert
[28Sep2026 01:52:20.005] [Render thread/WARN] [net.minecraft.client.sounds.SoundEngine/]: Missing sound for event: minecraft:music.overworld.badlands
[28Sep2026 01:52:20.005] [Render thread/WARN] [net.minecraft.client.sounds.SoundEngine/]: Missing sound for event: minecraft:music.overworld.jungle
[28Sep2026 01:52:20.005] [Render thread/WARN] [net.minecraft.client.sounds.SoundEngine/]: Missing sound for event: minecraft:music.overworld.sparse_jungle
[28Sep2026 01:52:20.005] [Render thread/WARN] [net.minecraft.client.sounds.SoundEngine/]: Missing sound for event: minecraft:music.overworld.bamboo_jungle
[28Sep2026 01:52:20.005] [Render thread/WARN] [net.minecraft.client.sounds.SoundEngine/]: Missing sound for event: minecraft:music.under_water
[28Sep2026 01:52:20.005] [Render thread/WARN] [net.minecraft.client.sounds.SoundEngine/]: Missing sound for event: minecraft:entity.nautilus.ambient
[28Sep2026 01:52:20.005] [Render thread/WARN] [net.minecraft.client.sounds.SoundEngine/]: Missing sound for event: minecraft:entity.nautilus.ambient_land
[28Sep2026 01:52:20.005] [Render thread/WARN] [net.minecraft.client.sounds.SoundEngine/]: Missing sound for event: minecraft:entity.nautilus.dash
[28Sep2026 01:52:20.005] [Render thread/WARN] [net.minecraft.client.sounds.SoundEngine/]: Missing sound for event: minecraft:entity.nautilus.dash_land
[28Sep2026 01:52:20.005] [Render thread/WARN] [net.minecraft.client.sounds.SoundEngine/]: Missing sound for event: minecraft:entity.nautilus.dash_ready
[28Sep2026 01:52:20.005] [Render thread/WARN] [net.minecraft.client.sounds.SoundEngine/]: Missing sound for event: minecraft:entity.nautilus.dash_ready_land
[28Sep2026 01:52:20.005] [Render thread/WARN] [net.minecraft.client.sounds.SoundEngine/]: Missing sound for event: minecraft:entity.nautilus.death
[28Sep2026 01:52:20.005] [Render thread/WARN] [net.minecraft.client.sounds.SoundEngine/]: Missing sound for event: minecraft:entity.nautilus.death_land
[28Sep2026 01:52:20.005] [Render thread/WARN] [net.minecraft.client.sounds.SoundEngine/]: Missing sound for event: minecraft:entity.nautilus.eat
[28Sep2026 01:52:20.005] [Render thread/WARN] [net.minecraft.client.sounds.SoundEngine/]: Missing sound for event: minecraft:entity.nautilus.hurt
[28Sep2026 01:52:20.005] [Render thread/WARN] [net.minecraft.client.sounds.SoundEngine/]: Missing sound for event: minecraft:entity.nautilus.hurt_land
[28Sep2026 01:52:20.005] [Render thread/WARN] [net.minecraft.client.sounds.SoundEngine/]: Missing sound for event: minecraft:entity.nautilus.swim
[28Sep2026 01:52:20.005] [Render thread/WARN] [net.minecraft.client.sounds.SoundEngine/]: Missing sound for event: minecraft:block.nether_bricks.break
[28Sep2026 01:52:20.005] [Render thread/WARN] [net.minecraft.client.sounds.SoundEngine/]: Missing sound for event: minecraft:block.nether_bricks.step
[28Sep2026 01:52:20.005] [Render thread/WARN] [net.minecraft.client.sounds.SoundEngine/]: Missing sound for event: minecraft:block.nether_bricks.place
[28Sep2026 01:52:20.005] [Render thread/WARN] [net.minecraft.client.sounds.SoundEngine/]: Missing sound for event: minecraft:block.nether_bricks.hit
[28Sep2026 01:52:20.005] [Render thread/WARN] [net.minecraft.client.sounds.SoundEngine/]: Missing sound for event: minecraft:block.nether_bricks.fall
[28Sep2026 01:52:20.005] [Render thread/WARN] [net.minecraft.client.sounds.SoundEngine/]: Missing sound for event: minecraft:block.nether_wart.break
[28Sep2026 01:52:20.005] [Render thread/WARN] [net.minecraft.client.sounds.SoundEngine/]: Missing sound for event: minecraft:item.nether_wart.plant
[28Sep2026 01:52:20.005] [Render thread/WARN] [net.minecraft.client.sounds.SoundEngine/]: Missing sound for event: minecraft:block.nether_wood.break
[28Sep2026 01:52:20.005] [Render thread/WARN] [net.minecraft.client.sounds.SoundEngine/]: Missing sound for event: minecraft:block.nether_wood.fall
[28Sep2026 01:52:20.005] [Render thread/WARN] [net.minecraft.client.sounds.SoundEngine/]: Missing sound for event: minecraft:block.nether_wood.hit
[28Sep2026 01:52:20.005] [Render thread/WARN] [net.minecraft.client.sounds.SoundEngine/]: Missing sound for event: minecraft:block.nether_wood.place
[28Sep2026 01:52:20.005] [Render thread/WARN] [net.minecraft.client.sounds.SoundEngine/]: Missing sound for event: minecraft:block.nether_wood.step
[28Sep2026 01:52:20.005] [Render thread/WARN] [net.minecraft.client.sounds.SoundEngine/]: Missing sound for event: minecraft:block.nether_wood_door.close
[28Sep2026 01:52:20.005] [Render thread/WARN] [net.minecraft.client.sounds.SoundEngine/]: Missing sound for event: minecraft:block.nether_wood_door.open
[28Sep2026 01:52:20.005] [Render thread/WARN] [net.minecraft.client.sounds.SoundEngine/]: Missing sound for event: minecraft:block.nether_wood_trapdoor.close
[28Sep2026 01:52:20.005] [Render thread/WARN] [net.minecraft.client.sounds.SoundEngine/]: Missing sound for event: minecraft:block.nether_wood_trapdoor.open
[28Sep2026 01:52:20.005] [Render thread/WARN] [net.minecraft.client.sounds.SoundEngine/]: Missing sound for event: minecraft:block.nether_wood_button.click_off
[28Sep2026 01:52:20.005] [Render thread/WARN] [net.minecraft.client.sounds.SoundEngine/]: Missing sound for event: minecraft:block.nether_wood_button.click_on
[28Sep2026 01:52:20.005] [Render thread/WARN] [net.minecraft.client.sounds.SoundEngine/]: Missing sound for event: minecraft:block.nether_wood_pressure_plate.click_off
[28Sep2026 01:52:20.005] [Render thread/WARN] [net.minecraft.client.sounds.SoundEngine/]: Missing sound for event: minecraft:block.nether_wood_pressure_plate.click_on
[28Sep2026 01:52:20.005] [Render thread/WARN] [net.minecraft.client.sounds.SoundEngine/]: Missing sound for event: minecraft:block.nether_wood_fence_gate.close
[28Sep2026 01:52:20.005] [Render thread/WARN] [net.minecraft.client.sounds.SoundEngine/]: Missing sound for event: minecraft:block.nether_wood_fence_gate.open
[28Sep2026 01:52:20.005] [Render thread/WARN] [net.minecraft.client.sounds.SoundEngine/]: Missing sound for event: minecraft:block.packed_mud.break
[28Sep2026 01:52:20.005] [Render thread/WARN] [net.minecraft.client.sounds.SoundEngine/]: Missing sound for event: minecraft:block.packed_mud.fall
[28Sep2026 01:52:20.005] [Render thread/WARN] [net.minecraft.client.sounds.SoundEngine/]: Missing sound for event: minecraft:block.packed_mud.hit
[28Sep2026 01:52:20.005] [Render thread/WARN] [net.minecraft.client.sounds.SoundEngine/]: Missing sound for event: minecraft:block.packed_mud.place
[28Sep2026 01:52:20.005] [Render thread/WARN] [net.minecraft.client.sounds.SoundEngine/]: Missing sound for event: minecraft:block.packed_mud.step
[28Sep2026 01:52:20.005] [Render thread/WARN] [net.minecraft.client.sounds.SoundEngine/]: Missing sound for event: minecraft:block.stem.break
[28Sep2026 01:52:20.005] [Render thread/WARN] [net.minecraft.client.sounds.SoundEngine/]: Missing sound for event: minecraft:block.stem.step
[28Sep2026 01:52:20.005] [Render thread/WARN] [net.minecraft.client.sounds.SoundEngine/]: Missing sound for event: minecraft:block.stem.place
[28Sep2026 01:52:20.005] [Render thread/WARN] [net.minecraft.client.sounds.SoundEngine/]: Missing sound for event: minecraft:block.stem.hit
[28Sep2026 01:52:20.005] [Render thread/WARN] [net.minecraft.client.sounds.SoundEngine/]: Missing sound for event: minecraft:block.stem.fall
[28Sep2026 01:52:20.005] [Render thread/WARN] [net.minecraft.client.sounds.SoundEngine/]: Missing sound for event: minecraft:block.nylium.break
[28Sep2026 01:52:20.005] [Render thread/WARN] [net.minecraft.client.sounds.SoundEngine/]: Missing sound for event: minecraft:block.nylium.step
[28Sep2026 01:52:20.005] [Render thread/WARN] [net.minecraft.client.sounds.SoundEngine/]: Missing sound for event: minecraft:block.nylium.place
[28Sep2026 01:52:20.005] [Render thread/WARN] [net.minecraft.client.sounds.SoundEngine/]: Missing sound for event: minecraft:block.nylium.hit
[28Sep2026 01:52:20.005] [Render thread/WARN] [net.minecraft.client.sounds.SoundEngine/]: Missing sound for event: minecraft:block.nylium.fall
[28Sep2026 01:52:20.005] [Render thread/WARN] [net.minecraft.client.sounds.SoundEngine/]: Missing sound for event: minecraft:block.nether_sprouts.break
[28Sep2026 01:52:20.005] [Render thread/WARN] [net.minecraft.client.sounds.SoundEngine/]: Missing sound for event: minecraft:block.nether_sprouts.step
[28Sep2026 01:52:20.005] [Render thread/WARN] [net.minecraft.client.sounds.SoundEngine/]: Missing sound for event: minecraft:block.nether_sprouts.place
[28Sep2026 01:52:20.005] [Render thread/WARN] [net.minecraft.client.sounds.SoundEngine/]: Missing sound for event: minecraft:block.nether_sprouts.hit
[28Sep2026 01:52:20.005] [Render thread/WARN] [net.minecraft.client.sounds.SoundEngine/]: Missing sound for event: minecraft:block.nether_sprouts.fall
[28Sep2026 01:52:20.005] [Render thread/WARN] [net.minecraft.client.sounds.SoundEngine/]: Missing sound for event: minecraft:block.fungus.break
[28Sep2026 01:52:20.005] [Render thread/WARN] [net.minecraft.client.sounds.SoundEngine/]: Missing sound for event: minecraft:block.fungus.step
[28Sep2026 01:52:20.005] [Render thread/WARN] [net.minecraft.client.sounds.SoundEngine/]: Missing sound for event: minecraft:block.fungus.place
[28Sep2026 01:52:20.005] [Render thread/WARN] [net.minecraft.client.sounds.SoundEngine/]: Missing sound for event: minecraft:block.fungus.hit
[28Sep2026 01:52:20.005] [Render thread/WARN] [net.minecraft.client.sounds.SoundEngine/]: Missing sound for event: minecraft:block.fungus.fall
[28Sep2026 01:52:20.005] [Render thread/WARN] [net.minecraft.client.sounds.SoundEngine/]: Missing sound for event: minecraft:block.weeping_vines.break
[28Sep2026 01:52:20.005] [Render thread/WARN] [net.minecraft.client.sounds.SoundEngine/]: Missing sound for event: minecraft:block.weeping_vines.step
[28Sep2026 01:52:20.005] [Render thread/WARN] [net.minecraft.client.sounds.SoundEngine/]: Missing sound for event: minecraft:block.weeping_vines.place
[28Sep2026 01:52:20.006] [Render thread/WARN] [net.minecraft.client.sounds.SoundEngine/]: Missing sound for event: minecraft:block.weeping_vines.hit
[28Sep2026 01:52:20.006] [Render thread/WARN] [net.minecraft.client.sounds.SoundEngine/]: Missing sound for event: minecraft:block.weeping_vines.fall
[28Sep2026 01:52:20.006] [Render thread/WARN] [net.minecraft.client.sounds.SoundEngine/]: Missing sound for event: minecraft:block.wart_block.break
[28Sep2026 01:52:20.006] [Render thread/WARN] [net.minecraft.client.sounds.SoundEngine/]: Missing sound for event: minecraft:block.wart_block.step
[28Sep2026 01:52:20.006] [Render thread/WARN] [net.minecraft.client.sounds.SoundEngine/]: Missing sound for event: minecraft:block.wart_block.place
[28Sep2026 01:52:20.006] [Render thread/WARN] [net.minecraft.client.sounds.SoundEngine/]: Missing sound for event: minecraft:block.wart_block.hit
[28Sep2026 01:52:20.006] [Render thread/WARN] [net.minecraft.client.sounds.SoundEngine/]: Missing sound for event: minecraft:block.wart_block.fall
[28Sep2026 01:52:20.006] [Render thread/WARN] [net.minecraft.client.sounds.SoundEngine/]: Missing sound for event: minecraft:block.netherite_block.break
[28Sep2026 01:52:20.006] [Render thread/WARN] [net.minecraft.client.sounds.SoundEngine/]: Missing sound for event: minecraft:block.netherite_block.step
[28Sep2026 01:52:20.006] [Render thread/WARN] [net.minecraft.client.sounds.SoundEngine/]: Missing sound for event: minecraft:block.netherite_block.place
[28Sep2026 01:52:20.006] [Render thread/WARN] [net.minecraft.client.sounds.SoundEngine/]: Missing sound for event: minecraft:block.netherite_block.hit
[28Sep2026 01:52:20.006] [Render thread/WARN] [net.minecraft.client.sounds.SoundEngine/]: Missing sound for event: minecraft:block.netherite_block.fall
[28Sep2026 01:52:20.006] [Render thread/WARN] [net.minecraft.client.sounds.SoundEngine/]: Missing sound for event: minecraft:block.netherrack.break
[28Sep2026 01:52:20.006] [Render thread/WARN] [net.minecraft.client.sounds.SoundEngine/]: Missing sound for event: minecraft:block.netherrack.step
[28Sep2026 01:52:20.006] [Render thread/WARN] [net.minecraft.client.sounds.SoundEngine/]: Missing sound for event: minecraft:block.netherrack.place
[28Sep2026 01:52:20.006] [Render thread/WARN] [net.minecraft.client.sounds.SoundEngine/]: Missing sound for event: minecraft:block.netherrack.hit
[28Sep2026 01:52:20.006] [Render thread/WARN] [net.minecraft.client.sounds.SoundEngine/]: Missing sound for event: minecraft:block.netherrack.fall
[28Sep2026 01:52:20.006] [Render thread/WARN] [net.minecraft.client.sounds.SoundEngine/]: Missing sound for event: minecraft:block.note_block.basedrum
[28Sep2026 01:52:20.006] [Render thread/WARN] [net.minecraft.client.sounds.SoundEngine/]: Missing sound for event: minecraft:block.note_block.bass
[28Sep2026 01:52:20.006] [Render thread/WARN] [net.minecraft.client.sounds.SoundEngine/]: Missing sound for event: minecraft:block.note_block.bell
[28Sep2026 01:52:20.006] [Render thread/WARN] [net.minecraft.client.sounds.SoundEngine/]: Missing sound for event: minecraft:block.note_block.chime
[28Sep2026 01:52:20.006] [Render thread/WARN] [net.minecraft.client.sounds.SoundEngine/]: Missing sound for event: minecraft:block.note_block.flute
[28Sep2026 01:52:20.006] [Render thread/WARN] [net.minecraft.client.sounds.SoundEngine/]: Missing sound for event: minecraft:block.note_block.guitar
[28Sep2026 01:52:20.006] [Render thread/WARN] [net.minecraft.client.sounds.SoundEngine/]: Missing sound for event: minecraft:block.note_block.harp
[28Sep2026 01:52:20.006] [Render thread/WARN] [net.minecraft.client.sounds.SoundEngine/]: Missing sound for event: minecraft:block.note_block.hat
[28Sep2026 01:52:20.006] [Render thread/WARN] [net.minecraft.client.sounds.SoundEngine/]: Missing sound for event: minecraft:block.note_block.pling
[28Sep2026 01:52:20.006] [Render thread/WARN] [net.minecraft.client.sounds.SoundEngine/]: Missing sound for event: minecraft:block.note_block.snare
[28Sep2026 01:52:20.006] [Render thread/WARN] [net.minecraft.client.sounds.SoundEngine/]: Missing sound for event: minecraft:block.note_block.trumpet
[28Sep2026 01:52:20.006] [Render thread/WARN] [net.minecraft.client.sounds.SoundEngine/]: Missing sound for event: minecraft:block.note_block.trumpet_exposed
[28Sep2026 01:52:20.006] [Render thread/WARN] [net.minecraft.client.sounds.SoundEngine/]: Missing sound for event: minecraft:block.note_block.trumpet_oxidized
[28Sep2026 01:52:20.006] [Render thread/WARN] [net.minecraft.client.sounds.SoundEngine/]: Missing sound for event: minecraft:block.note_block.trumpet_weathered
[28Sep2026 01:52:20.006] [Render thread/WARN] [net.minecraft.client.sounds.SoundEngine/]: Missing sound for event: minecraft:block.note_block.xylophone
[28Sep2026 01:52:20.006] [Render thread/WARN] [net.minecraft.client.sounds.SoundEngine/]: Missing sound for event: minecraft:block.note_block.iron_xylophone
[28Sep2026 01:52:20.006] [Render thread/WARN] [net.minecraft.client.sounds.SoundEngine/]: Missing sound for event: minecraft:block.note_block.cow_bell
[28Sep2026 01:52:20.006] [Render thread/WARN] [net.minecraft.client.sounds.SoundEngine/]: Missing sound for event: minecraft:block.note_block.didgeridoo
[28Sep2026 01:52:20.006] [Render thread/WARN] [net.minecraft.client.sounds.SoundEngine/]: Missing sound for event: minecraft:block.note_block.bit
[28Sep2026 01:52:20.006] [Render thread/WARN] [net.minecraft.client.sounds.SoundEngine/]: Missing sound for event: minecraft:block.note_block.banjo
[28Sep2026 01:52:20.006] [Render thread/WARN] [net.minecraft.client.sounds.SoundEngine/]: Missing sound for event: minecraft:block.note_block.imitate.zombie
[28Sep2026 01:52:20.006] [Render thread/WARN] [net.minecraft.client.sounds.SoundEngine/]: Missing sound for event: minecraft:block.note_block.imitate.skeleton
[28Sep2026 01:52:20.006] [Render thread/WARN] [net.minecraft.client.sounds.SoundEngine/]: Missing sound for event: minecraft:block.note_block.imitate.creeper
[28Sep2026 01:52:20.006] [Render thread/WARN] [net.minecraft.client.sounds.SoundEngine/]: Missing sound for event: minecraft:block.note_block.imitate.ender_dragon
[28Sep2026 01:52:20.006] [Render thread/WARN] [net.minecraft.client.sounds.SoundEngine/]: Missing sound for event: minecraft:block.note_block.imitate.wither_skeleton
[28Sep2026 01:52:20.006] [Render thread/WARN] [net.minecraft.client.sounds.SoundEngine/]: Missing sound for event: minecraft:block.note_block.imitate.piglin
[28Sep2026 01:52:20.006] [Render thread/WARN] [net.minecraft.client.sounds.SoundEngine/]: Missing sound for event: minecraft:entity.ocelot.hurt
[28Sep2026 01:52:20.006] [Render thread/WARN] [net.minecraft.client.sounds.SoundEngine/]: Missing sound for event: minecraft:entity.ocelot.ambient
[28Sep2026 01:52:20.006] [Render thread/WARN] [net.minecraft.client.sounds.SoundEngine/]: Missing sound for event: minecraft:entity.ocelot.death
[28Sep2026 01:52:20.006] [Render thread/WARN] [net.minecraft.client.sounds.SoundEngine/]: Missing sound for event: minecraft:item.ominous_bottle.dispose
[28Sep2026 01:52:20.006] [Render thread/WARN] [net.minecraft.client.sounds.SoundEngine/]: Missing sound for event: minecraft:entity.painting.break
[28Sep2026 01:52:20.006] [Render thread/WARN] [net.minecraft.client.sounds.SoundEngine/]: Missing sound for event: minecraft:entity.painting.place
[28Sep2026 01:52:20.006] [Render thread/WARN] [net.minecraft.client.sounds.SoundEngine/]: Missing sound for event: minecraft:block.pale_hanging_moss.idle
[28Sep2026 01:52:20.006] [Render thread/WARN] [net.minecraft.client.sounds.SoundEngine/]: Missing sound for event: minecraft:entity.panda.pre_sneeze
[28Sep2026 01:52:20.006] [Render thread/WARN] [net.minecraft.client.sounds.SoundEngine/]: Missing sound for event: minecraft:entity.panda.sneeze
[28Sep2026 01:52:20.006] [Render thread/WARN] [net.minecraft.client.sounds.SoundEngine/]: Missing sound for event: minecraft:entity.panda.ambient
[28Sep2026 01:52:20.006] [Render thread/WARN] [net.minecraft.client.sounds.SoundEngine/]: Missing sound for event: minecraft:entity.panda.death
[28Sep2026 01:52:20.006] [Render thread/WARN] [net.minecraft.client.sounds.SoundEngine/]: Missing sound for event: minecraft:entity.panda.eat
[28Sep2026 01:52:20.006] [Render thread/WARN] [net.minecraft.client.sounds.SoundEngine/]: Missing sound for event: minecraft:entity.panda.step
[28Sep2026 01:52:20.006] [Render thread/WARN] [net.minecraft.client.sounds.SoundEngine/]: Missing sound for event: minecraft:entity.panda.cant_breed
[28Sep2026 01:52:20.006] [Render thread/WARN] [net.minecraft.client.sounds.SoundEngine/]: Missing sound for event: minecraft:entity.panda.aggressive_ambient
[28Sep2026 01:52:20.006] [Render thread/WARN] [net.minecraft.client.sounds.SoundEngine/]: Missing sound for event: minecraft:entity.panda.worried_ambient
[28Sep2026 01:52:20.006] [Render thread/WARN] [net.minecraft.client.sounds.SoundEngine/]: Missing sound for event: minecraft:entity.panda.hurt
[28Sep2026 01:52:20.006] [Render thread/WARN] [net.minecraft.client.sounds.SoundEngine/]: Missing sound for event: minecraft:entity.panda.bite
[28Sep2026 01:52:20.006] [Render thread/WARN] [net.minecraft.client.sounds.SoundEngine/]: Missing sound for event: minecraft:entity.parched.ambient
[28Sep2026 01:52:20.006] [Render thread/WARN] [net.minecraft.client.sounds.SoundEngine/]: Missing sound for event: minecraft:entity.parched.death
[28Sep2026 01:52:20.006] [Render thread/WARN] [net.minecraft.client.sounds.SoundEngine/]: Missing sound for event: minecraft:entity.parched.hurt
[28Sep2026 01:52:20.006] [Render thread/WARN] [net.minecraft.client.sounds.SoundEngine/]: Missing sound for event: minecraft:entity.parched.step
[28Sep2026 01:52:20.007] [Render thread/WARN] [net.minecraft.client.sounds.SoundEngine/]: Missing sound for event: minecraft:entity.parrot.ambient
[28Sep2026 01:52:20.007] [Render thread/WARN] [net.minecraft.client.sounds.SoundEngine/]: Missing sound for event: minecraft:entity.parrot.death
[28Sep2026 01:52:20.007] [Render thread/WARN] [net.minecraft.client.sounds.SoundEngine/]: Missing sound for event: minecraft:entity.parrot.eat
[28Sep2026 01:52:20.007] [Render thread/WARN] [net.minecraft.client.sounds.SoundEngine/]: Missing sound for event: minecraft:entity.parrot.fly
[28Sep2026 01:52:20.007] [Render thread/WARN] [net.minecraft.client.sounds.SoundEngine/]: Missing sound for event: minecraft:entity.parrot.hurt
[28Sep2026 01:52:20.007] [Render thread/WARN] [net.minecraft.client.sounds.SoundEngine/]: Missing sound for event: minecraft:entity.parrot.imitate.blaze
[28Sep2026 01:52:20.007] [Render thread/WARN] [net.minecraft.client.sounds.SoundEngine/]: Missing sound for event: minecraft:entity.parrot.imitate.bogged
[28Sep2026 01:52:20.007] [Render thread/WARN] [net.minecraft.client.sounds.SoundEngine/]: Missing sound for event: minecraft:entity.parrot.imitate.breeze
[28Sep2026 01:52:20.007] [Render thread/WARN] [net.minecraft.client.sounds.SoundEngine/]: Missing sound for event: minecraft:entity.parrot.imitate.camel_husk
[28Sep2026 01:52:20.007] [Render thread/WARN] [net.minecraft.client.sounds.SoundEngine/]: Missing sound for event: minecraft:entity.parrot.imitate.creaking
[28Sep2026 01:52:20.007] [Render thread/WARN] [net.minecraft.client.sounds.SoundEngine/]: Missing sound for event: minecraft:entity.parrot.imitate.creeper
[28Sep2026 01:52:20.007] [Render thread/WARN] [net.minecraft.client.sounds.SoundEngine/]: Missing sound for event: minecraft:entity.parrot.imitate.drowned
[28Sep2026 01:52:20.007] [Render thread/WARN] [net.minecraft.client.sounds.SoundEngine/]: Missing sound for event: minecraft:entity.parrot.imitate.elder_guardian
[28Sep2026 01:52:20.007] [Render thread/WARN] [net.minecraft.client.sounds.SoundEngine/]: Missing sound for event: minecraft:entity.parrot.imitate.ender_dragon
[28Sep2026 01:52:20.007] [Render thread/WARN] [net.minecraft.client.sounds.SoundEngine/]: Missing sound for event: minecraft:entity.parrot.imitate.endermite
[28Sep2026 01:52:20.007] [Render thread/WARN] [net.minecraft.client.sounds.SoundEngine/]: Missing sound for event: minecraft:entity.parrot.imitate.evoker
[28Sep2026 01:52:20.007] [Render thread/WARN] [net.minecraft.client.sounds.SoundEngine/]: Missing sound for event: minecraft:entity.parrot.imitate.ghast
[28Sep2026 01:52:20.007] [Render thread/WARN] [net.minecraft.client.sounds.SoundEngine/]: Missing sound for event: minecraft:entity.parrot.imitate.guardian
[28Sep2026 01:52:20.007] [Render thread/WARN] [net.minecraft.client.sounds.SoundEngine/]: Missing sound for event: minecraft:entity.parrot.imitate.hoglin
[28Sep2026 01:52:20.007] [Render thread/WARN] [net.minecraft.client.sounds.SoundEngine/]: Missing sound for event: minecraft:entity.parrot.imitate.husk
[28Sep2026 01:52:20.007] [Render thread/WARN] [net.minecraft.client.sounds.SoundEngine/]: Missing sound for event: minecraft:entity.parrot.imitate.illusioner
[28Sep2026 01:52:20.007] [Render thread/WARN] [net.minecraft.client.sounds.SoundEngine/]: Missing sound for event: minecraft:entity.parrot.imitate.magma_cube
[28Sep2026 01:52:20.007] [Render thread/WARN] [net.minecraft.client.sounds.SoundEngine/]: Missing sound for event: minecraft:entity.parrot.imitate.phantom
[28Sep2026 01:52:20.007] [Render thread/WARN] [net.minecraft.client.sounds.SoundEngine/]: Missing sound for event: minecraft:entity.parrot.imitate.parched
[28Sep2026 01:52:20.007] [Render thread/WARN] [net.minecraft.client.sounds.SoundEngine/]: Missing sound for event: minecraft:entity.parrot.imitate.piglin
[28Sep2026 01:52:20.007] [Render thread/WARN] [net.minecraft.client.sounds.SoundEngine/]: Missing sound for event: minecraft:entity.parrot.imitate.piglin_brute
[28Sep2026 01:52:20.007] [Render thread/WARN] [net.minecraft.client.sounds.SoundEngine/]: Missing sound for event: minecraft:entity.parrot.imitate.pillager
[28Sep2026 01:52:20.007] [Render thread/WARN] [net.minecraft.client.sounds.SoundEngine/]: Missing sound for event: minecraft:entity.parrot.imitate.ravager
[28Sep2026 01:52:20.007] [Render thread/WARN] [net.minecraft.client.sounds.SoundEngine/]: Missing sound for event: minecraft:entity.parrot.imitate.shulker
[28Sep2026 01:52:20.007] [Render thread/WARN] [net.minecraft.client.sounds.SoundEngine/]: Missing sound for event: minecraft:entity.parrot.imitate.silverfish
[28Sep2026 01:52:20.007] [Render thread/WARN] [net.minecraft.client.sounds.SoundEngine/]: Missing sound for event: minecraft:entity.parrot.imitate.skeleton
[28Sep2026 01:52:20.007] [Render thread/WARN] [net.minecraft.client.sounds.SoundEngine/]: Missing sound for event: minecraft:entity.parrot.imitate.slime
[28Sep2026 01:52:20.007] [Render thread/WARN] [net.minecraft.client.sounds.SoundEngine/]: Missing sound for event: minecraft:entity.parrot.imitate.spider
[28Sep2026 01:52:20.007] [Render thread/WARN] [net.minecraft.client.sounds.SoundEngine/]: Missing sound for event: minecraft:entity.parrot.imitate.stray
[28Sep2026 01:52:20.007] [Render thread/WARN] [net.minecraft.client.sounds.SoundEngine/]: Missing sound for event: minecraft:entity.parrot.imitate.vex
[28Sep2026 01:52:20.007] [Render thread/WARN] [net.minecraft.client.sounds.SoundEngine/]: Missing sound for event: minecraft:entity.parrot.imitate.vindicator
[28Sep2026 01:52:20.007] [Render thread/WARN] [net.minecraft.client.sounds.SoundEngine/]: Missing sound for event: minecraft:entity.parrot.imitate.warden
[28Sep2026 01:52:20.007] [Render thread/WARN] [net.minecraft.client.sounds.SoundEngine/]: Missing sound for event: minecraft:entity.parrot.imitate.witch
[28Sep2026 01:52:20.007] [Render thread/WARN] [net.minecraft.client.sounds.SoundEngine/]: Missing sound for event: minecraft:entity.parrot.imitate.wither
[28Sep2026 01:52:20.007] [Render thread/WARN] [net.minecraft.client.sounds.SoundEngine/]: Missing sound for event: minecraft:entity.parrot.imitate.wither_skeleton
[28Sep2026 01:52:20.007] [Render thread/WARN] [net.minecraft.client.sounds.SoundEngine/]: Missing sound for event: minecraft:entity.parrot.imitate.zoglin
[28Sep2026 01:52:20.007] [Render thread/WARN] [net.minecraft.client.sounds.SoundEngine/]: Missing sound for event: minecraft:entity.parrot.imitate.zombie
[28Sep2026 01:52:20.007] [Render thread/WARN] [net.minecraft.client.sounds.SoundEngine/]: Missing sound for event: minecraft:entity.parrot.imitate.zombie_horse
[28Sep2026 01:52:20.007] [Render thread/WARN] [net.minecraft.client.sounds.SoundEngine/]: Missing sound for event: minecraft:entity.parrot.imitate.zombie_nautilus
[28Sep2026 01:52:20.007] [Render thread/WARN] [net.minecraft.client.sounds.SoundEngine/]: Missing sound for event: minecraft:entity.parrot.imitate.zombie_villager
[28Sep2026 01:52:20.007] [Render thread/WARN] [net.minecraft.client.sounds.SoundEngine/]: Missing sound for event: minecraft:entity.parrot.step
[28Sep2026 01:52:20.007] [Render thread/WARN] [net.minecraft.client.sounds.SoundEngine/]: Missing sound for event: minecraft:entity.phantom.ambient
[28Sep2026 01:52:20.007] [Render thread/WARN] [net.minecraft.client.sounds.SoundEngine/]: Missing sound for event: minecraft:entity.phantom.bite
[28Sep2026 01:52:20.007] [Render thread/WARN] [net.minecraft.client.sounds.SoundEngine/]: Missing sound for event: minecraft:entity.phantom.death
[28Sep2026 01:52:20.007] [Render thread/WARN] [net.minecraft.client.sounds.SoundEngine/]: Missing sound for event: minecraft:entity.phantom.flap
[28Sep2026 01:52:20.007] [Render thread/WARN] [net.minecraft.client.sounds.SoundEngine/]: Missing sound for event: minecraft:entity.phantom.hurt
[28Sep2026 01:52:20.007] [Render thread/WARN] [net.minecraft.client.sounds.SoundEngine/]: Missing sound for event: minecraft:entity.phantom.swoop
[28Sep2026 01:52:20.007] [Render thread/WARN] [net.minecraft.client.sounds.SoundEngine/]: Missing sound for event: minecraft:entity.pig.saddle
[28Sep2026 01:52:20.007] [Render thread/WARN] [net.minecraft.client.sounds.SoundEngine/]: Missing sound for event: minecraft:entity.pig.step
[28Sep2026 01:52:20.007] [Render thread/WARN] [net.minecraft.client.sounds.SoundEngine/]: Missing sound for event: minecraft:entity.baby_pig.step
[28Sep2026 01:52:20.007] [Render thread/WARN] [net.minecraft.client.sounds.SoundEngine/]: Missing sound for event: minecraft:entity.baby_pig.ambient
[28Sep2026 01:52:20.007] [Render thread/WARN] [net.minecraft.client.sounds.SoundEngine/]: Missing sound for event: minecraft:entity.baby_pig.eat
[28Sep2026 01:52:20.007] [Render thread/WARN] [net.minecraft.client.sounds.SoundEngine/]: Missing sound for event: minecraft:entity.baby_pig.hurt
[28Sep2026 01:52:20.007] [Render thread/WARN] [net.minecraft.client.sounds.SoundEngine/]: Missing sound for event: minecraft:entity.baby_pig.death
[28Sep2026 01:52:20.007] [Render thread/WARN] [net.minecraft.client.sounds.SoundEngine/]: Missing sound for event: minecraft:entity.pig.ambient
[28Sep2026 01:52:20.007] [Render thread/WARN] [net.minecraft.client.sounds.SoundEngine/]: Missing sound for event: minecraft:entity.pig.hurt
[28Sep2026 01:52:20.007] [Render thread/WARN] [net.minecraft.client.sounds.SoundEngine/]: Missing sound for event: minecraft:entity.pig.death
[28Sep2026 01:52:20.007] [Render thread/WARN] [net.minecraft.client.sounds.SoundEngine/]: Missing sound for event: minecraft:entity.pig.eat
[28Sep2026 01:52:20.007] [Render thread/WARN] [net.minecraft.client.sounds.SoundEngine/]: Missing sound for event: minecraft:entity.pig_mini.ambient
[28Sep2026 01:52:20.007] [Render thread/WARN] [net.minecraft.client.sounds.SoundEngine/]: Missing sound for event: minecraft:entity.pig_mini.hurt
[28Sep2026 01:52:20.007] [Render thread/WARN] [net.minecraft.client.sounds.SoundEngine/]: Missing sound for event: minecraft:entity.pig_mini.death
[28Sep2026 01:52:20.007] [Render thread/WARN] [net.minecraft.client.sounds.SoundEngine/]: Missing sound for event: minecraft:entity.pig_mini.eat
[28Sep2026 01:52:20.007] [Render thread/WARN] [net.minecraft.client.sounds.SoundEngine/]: Missing sound for event: minecraft:entity.pig_big.ambient
[28Sep2026 01:52:20.008] [Render thread/WARN] [net.minecraft.client.sounds.SoundEngine/]: Missing sound for event: minecraft:entity.pig_big.hurt
[28Sep2026 01:52:20.008] [Render thread/WARN] [net.minecraft.client.sounds.SoundEngine/]: Missing sound for event: minecraft:entity.pig_big.death
[28Sep2026 01:52:20.008] [Render thread/WARN] [net.minecraft.client.sounds.SoundEngine/]: Missing sound for event: minecraft:entity.pig_big.eat
[28Sep2026 01:52:20.008] [Render thread/WARN] [net.minecraft.client.sounds.SoundEngine/]: Missing sound for event: minecraft:entity.piglin.admiring_item
[28Sep2026 01:52:20.008] [Render thread/WARN] [net.minecraft.client.sounds.SoundEngine/]: Missing sound for event: minecraft:entity.piglin.ambient
[28Sep2026 01:52:20.008] [Render thread/WARN] [net.minecraft.client.sounds.SoundEngine/]: Missing sound for event: minecraft:entity.piglin.angry
[28Sep2026 01:52:20.008] [Render thread/WARN] [net.minecraft.client.sounds.SoundEngine/]: Missing sound for event: minecraft:entity.piglin.celebrate
[28Sep2026 01:52:20.008] [Render thread/WARN] [net.minecraft.client.sounds.SoundEngine/]: Missing sound for event: minecraft:entity.piglin.death
[28Sep2026 01:52:20.008] [Render thread/WARN] [net.minecraft.client.sounds.SoundEngine/]: Missing sound for event: minecraft:entity.piglin.jealous
[28Sep2026 01:52:20.008] [Render thread/WARN] [net.minecraft.client.sounds.SoundEngine/]: Missing sound for event: minecraft:entity.piglin.hurt
[28Sep2026 01:52:20.008] [Render thread/WARN] [net.minecraft.client.sounds.SoundEngine/]: Missing sound for event: minecraft:entity.piglin.retreat
[28Sep2026 01:52:20.008] [Render thread/WARN] [net.minecraft.client.sounds.SoundEngine/]: Missing sound for event: minecraft:entity.piglin.step
[28Sep2026 01:52:20.008] [Render thread/WARN] [net.minecraft.client.sounds.SoundEngine/]: Missing sound for event: minecraft:entity.piglin.converted_to_zombified
[28Sep2026 01:52:20.008] [Render thread/WARN] [net.minecraft.client.sounds.SoundEngine/]: Missing sound for event: minecraft:entity.piglin_brute.ambient
[28Sep2026 01:52:20.008] [Render thread/WARN] [net.minecraft.client.sounds.SoundEngine/]: Missing sound for event: minecraft:entity.piglin_brute.angry
[28Sep2026 01:52:20.008] [Render thread/WARN] [net.minecraft.client.sounds.SoundEngine/]: Missing sound for event: minecraft:entity.piglin_brute.death
[28Sep2026 01:52:20.008] [Render thread/WARN] [net.minecraft.client.sounds.SoundEngine/]: Missing sound for event: minecraft:entity.piglin_brute.hurt
[28Sep2026 01:52:20.008] [Render thread/WARN] [net.minecraft.client.sounds.SoundEngine/]: Missing sound for event: minecraft:entity.piglin_brute.step
[28Sep2026 01:52:20.008] [Render thread/WARN] [net.minecraft.client.sounds.SoundEngine/]: Missing sound for event: minecraft:entity.piglin_brute.converted_to_zombified
[28Sep2026 01:52:20.008] [Render thread/WARN] [net.minecraft.client.sounds.SoundEngine/]: Missing sound for event: minecraft:entity.pillager.ambient
[28Sep2026 01:52:20.008] [Render thread/WARN] [net.minecraft.client.sounds.SoundEngine/]: Missing sound for event: minecraft:entity.pillager.celebrate
[28Sep2026 01:52:20.008] [Render thread/WARN] [net.minecraft.client.sounds.SoundEngine/]: Missing sound for event: minecraft:entity.pillager.death
[28Sep2026 01:52:20.008] [Render thread/WARN] [net.minecraft.client.sounds.SoundEngine/]: Missing sound for event: minecraft:entity.pillager.hurt
[28Sep2026 01:52:20.008] [Render thread/WARN] [net.minecraft.client.sounds.SoundEngine/]: Missing sound for event: minecraft:block.piston.contract
[28Sep2026 01:52:20.008] [Render thread/WARN] [net.minecraft.client.sounds.SoundEngine/]: Missing sound for event: minecraft:block.piston.extend
[28Sep2026 01:52:20.008] [Render thread/WARN] [net.minecraft.client.sounds.SoundEngine/]: Missing sound for event: minecraft:entity.player.attack.crit
[28Sep2026 01:52:20.008] [Render thread/WARN] [net.minecraft.client.sounds.SoundEngine/]: Missing sound for event: minecraft:entity.player.attack.knockback
[28Sep2026 01:52:20.008] [Render thread/WARN] [net.minecraft.client.sounds.SoundEngine/]: Missing sound for event: minecraft:entity.player.attack.nodamage
[28Sep2026 01:52:20.008] [Render thread/WARN] [net.minecraft.client.sounds.SoundEngine/]: Missing sound for event: minecraft:entity.player.attack.strong
[28Sep2026 01:52:20.008] [Render thread/WARN] [net.minecraft.client.sounds.SoundEngine/]: Missing sound for event: minecraft:entity.player.attack.sweep
[28Sep2026 01:52:20.008] [Render thread/WARN] [net.minecraft.client.sounds.SoundEngine/]: Missing sound for event: minecraft:entity.player.attack.weak
[28Sep2026 01:52:20.008] [Render thread/WARN] [net.minecraft.client.sounds.SoundEngine/]: Missing sound for event: minecraft:entity.player.big_fall
[28Sep2026 01:52:20.008] [Render thread/WARN] [net.minecraft.client.sounds.SoundEngine/]: Missing sound for event: minecraft:entity.player.breath
[28Sep2026 01:52:20.008] [Render thread/WARN] [net.minecraft.client.sounds.SoundEngine/]: Missing sound for event: minecraft:entity.player.burp
[28Sep2026 01:52:20.008] [Render thread/WARN] [net.minecraft.client.sounds.SoundEngine/]: Missing sound for event: minecraft:entity.player.death
[28Sep2026 01:52:20.008] [Render thread/WARN] [net.minecraft.client.sounds.SoundEngine/]: Missing sound for event: minecraft:entity.player.hurt
[28Sep2026 01:52:20.008] [Render thread/WARN] [net.minecraft.client.sounds.SoundEngine/]: Missing sound for event: minecraft:entity.player.hurt_drown
[28Sep2026 01:52:20.008] [Render thread/WARN] [net.minecraft.client.sounds.SoundEngine/]: Missing sound for event: minecraft:entity.player.hurt_freeze
[28Sep2026 01:52:20.008] [Render thread/WARN] [net.minecraft.client.sounds.SoundEngine/]: Missing sound for event: minecraft:entity.player.hurt_on_fire
[28Sep2026 01:52:20.008] [Render thread/WARN] [net.minecraft.client.sounds.SoundEngine/]: Missing sound for event: minecraft:entity.player.hurt_sweet_berry_bush
[28Sep2026 01:52:20.008] [Render thread/WARN] [net.minecraft.client.sounds.SoundEngine/]: Missing sound for event: minecraft:entity.player.levelup
[28Sep2026 01:52:20.008] [Render thread/WARN] [net.minecraft.client.sounds.SoundEngine/]: Missing sound for event: minecraft:entity.player.small_fall
[28Sep2026 01:52:20.008] [Render thread/WARN] [net.minecraft.client.sounds.SoundEngine/]: Missing sound for event: minecraft:entity.player.splash
[28Sep2026 01:52:20.008] [Render thread/WARN] [net.minecraft.client.sounds.SoundEngine/]: Missing sound for event: minecraft:entity.player.splash.high_speed
[28Sep2026 01:52:20.008] [Render thread/WARN] [net.minecraft.client.sounds.SoundEngine/]: Missing sound for event: minecraft:entity.player.swim
[28Sep2026 01:52:20.008] [Render thread/WARN] [net.minecraft.client.sounds.SoundEngine/]: Missing sound for event: minecraft:entity.player.teleport
[28Sep2026 01:52:20.008] [Render thread/WARN] [net.minecraft.client.sounds.SoundEngine/]: Missing sound for event: minecraft:entity.polar_bear.ambient
[28Sep2026 01:52:20.008] [Render thread/WARN] [net.minecraft.client.sounds.SoundEngine/]: Missing sound for event: minecraft:entity.polar_bear.ambient_baby
[28Sep2026 01:52:20.008] [Render thread/WARN] [net.minecraft.client.sounds.SoundEngine/]: Missing sound for event: minecraft:entity.polar_bear.death
[28Sep2026 01:52:20.008] [Render thread/WARN] [net.minecraft.client.sounds.SoundEngine/]: Missing sound for event: minecraft:entity.polar_bear.hurt
[28Sep2026 01:52:20.008] [Render thread/WARN] [net.minecraft.client.sounds.SoundEngine/]: Missing sound for event: minecraft:entity.polar_bear.step
[28Sep2026 01:52:20.008] [Render thread/WARN] [net.minecraft.client.sounds.SoundEngine/]: Missing sound for event: minecraft:entity.polar_bear.warning
[28Sep2026 01:52:20.008] [Render thread/WARN] [net.minecraft.client.sounds.SoundEngine/]: Missing sound for event: minecraft:block.polished_deepslate.break
[28Sep2026 01:52:20.008] [Render thread/WARN] [net.minecraft.client.sounds.SoundEngine/]: Missing sound for event: minecraft:block.polished_deepslate.fall
[28Sep2026 01:52:20.008] [Render thread/WARN] [net.minecraft.client.sounds.SoundEngine/]: Missing sound for event: minecraft:block.polished_deepslate.hit
[28Sep2026 01:52:20.008] [Render thread/WARN] [net.minecraft.client.sounds.SoundEngine/]: Missing sound for event: minecraft:block.polished_deepslate.place
[28Sep2026 01:52:20.008] [Render thread/WARN] [net.minecraft.client.sounds.SoundEngine/]: Missing sound for event: minecraft:block.polished_deepslate.step
[28Sep2026 01:52:20.008] [Render thread/WARN] [net.minecraft.client.sounds.SoundEngine/]: Missing sound for event: minecraft:block.portal.ambient
[28Sep2026 01:52:20.008] [Render thread/WARN] [net.minecraft.client.sounds.SoundEngine/]: Missing sound for event: minecraft:block.portal.travel
[28Sep2026 01:52:20.009] [Render thread/WARN] [net.minecraft.client.sounds.SoundEngine/]: Missing sound for event: minecraft:block.portal.trigger
[28Sep2026 01:52:20.009] [Render thread/WARN] [net.minecraft.client.sounds.SoundEngine/]: Missing sound for event: minecraft:block.powder_snow.break
[28Sep2026 01:52:20.009] [Render thread/WARN] [net.minecraft.client.sounds.SoundEngine/]: Missing sound for event: minecraft:block.powder_snow.fall
[28Sep2026 01:52:20.009] [Render thread/WARN] [net.minecraft.client.sounds.SoundEngine/]: Missing sound for event: minecraft:block.powder_snow.hit
[28Sep2026 01:52:20.009] [Render thread/WARN] [net.minecraft.client.sounds.SoundEngine/]: Missing sound for event: minecraft:block.powder_snow.place
[28Sep2026 01:52:20.009] [Render thread/WARN] [net.minecraft.client.sounds.SoundEngine/]: Missing sound for event: minecraft:block.powder_snow.step
[28Sep2026 01:52:20.009] [Render thread/WARN] [net.minecraft.client.sounds.SoundEngine/]: Missing sound for event: minecraft:entity.puffer_fish.blow_out
[28Sep2026 01:52:20.009] [Render thread/WARN] [net.minecraft.client.sounds.SoundEngine/]: Missing sound for event: minecraft:entity.puffer_fish.blow_up
[28Sep2026 01:52:20.009] [Render thread/WARN] [net.minecraft.client.sounds.SoundEngine/]: Missing sound for event: minecraft:entity.puffer_fish.death
[28Sep2026 01:52:20.009] [Render thread/WARN] [net.minecraft.client.sounds.SoundEngine/]: Missing sound for event: minecraft:entity.puffer_fish.flop
[28Sep2026 01:52:20.009] [Render thread/WARN] [net.minecraft.client.sounds.SoundEngine/]: Missing sound for event: minecraft:entity.puffer_fish.hurt
[28Sep2026 01:52:20.009] [Render thread/WARN] [net.minecraft.client.sounds.SoundEngine/]: Missing sound for event: minecraft:entity.puffer_fish.sting
[28Sep2026 01:52:20.009] [Render thread/WARN] [net.minecraft.client.sounds.SoundEngine/]: Missing sound for event: minecraft:block.pumpkin.carve
[28Sep2026 01:52:20.009] [Render thread/WARN] [net.minecraft.client.sounds.SoundEngine/]: Missing sound for event: minecraft:entity.rabbit.ambient
[28Sep2026 01:52:20.009] [Render thread/WARN] [net.minecraft.client.sounds.SoundEngine/]: Missing sound for event: minecraft:entity.rabbit.attack
[28Sep2026 01:52:20.009] [Render thread/WARN] [net.minecraft.client.sounds.SoundEngine/]: Missing sound for event: minecraft:entity.rabbit.death
[28Sep2026 01:52:20.009] [Render thread/WARN] [net.minecraft.client.sounds.SoundEngine/]: Missing sound for event: minecraft:entity.rabbit.hurt
[28Sep2026 01:52:20.009] [Render thread/WARN] [net.minecraft.client.sounds.SoundEngine/]: Missing sound for event: minecraft:entity.rabbit.jump
[28Sep2026 01:52:20.009] [Render thread/WARN] [net.minecraft.client.sounds.SoundEngine/]: Missing sound for event: minecraft:event.raid.horn
[28Sep2026 01:52:20.009] [Render thread/WARN] [net.minecraft.client.sounds.SoundEngine/]: Missing sound for event: minecraft:entity.ravager.ambient
[28Sep2026 01:52:20.009] [Render thread/WARN] [net.minecraft.client.sounds.SoundEngine/]: Missing sound for event: minecraft:entity.ravager.attack
[28Sep2026 01:52:20.009] [Render thread/WARN] [net.minecraft.client.sounds.SoundEngine/]: Missing sound for event: minecraft:entity.ravager.celebrate
[28Sep2026 01:52:20.009] [Render thread/WARN] [net.minecraft.client.sounds.SoundEngine/]: Missing sound for event: minecraft:entity.ravager.death
[28Sep2026 01:52:20.009] [Render thread/WARN] [net.minecraft.client.sounds.SoundEngine/]: Missing sound for event: minecraft:entity.ravager.hurt
[28Sep2026 01:52:20.009] [Render thread/WARN] [net.minecraft.client.sounds.SoundEngine/]: Missing sound for event: minecraft:entity.ravager.step
[28Sep2026 01:52:20.009] [Render thread/WARN] [net.minecraft.client.sounds.SoundEngine/]: Missing sound for event: minecraft:entity.ravager.stunned
[28Sep2026 01:52:20.009] [Render thread/WARN] [net.minecraft.client.sounds.SoundEngine/]: Missing sound for event: minecraft:entity.ravager.roar
[28Sep2026 01:52:20.009] [Render thread/WARN] [net.minecraft.client.sounds.SoundEngine/]: Missing sound for event: minecraft:block.nether_gold_ore.break
[28Sep2026 01:52:20.009] [Render thread/WARN] [net.minecraft.client.sounds.SoundEngine/]: Missing sound for event: minecraft:block.nether_gold_ore.fall
[28Sep2026 01:52:20.009] [Render thread/WARN] [net.minecraft.client.sounds.SoundEngine/]: Missing sound for event: minecraft:block.nether_gold_ore.hit
[28Sep2026 01:52:20.009] [Render thread/WARN] [net.minecraft.client.sounds.SoundEngine/]: Missing sound for event: minecraft:block.nether_gold_ore.place
[28Sep2026 01:52:20.009] [Render thread/WARN] [net.minecraft.client.sounds.SoundEngine/]: Missing sound for event: minecraft:block.nether_gold_ore.step
[28Sep2026 01:52:20.009] [Render thread/WARN] [net.minecraft.client.sounds.SoundEngine/]: Missing sound for event: minecraft:block.nether_ore.break
[28Sep2026 01:52:20.009] [Render thread/WARN] [net.minecraft.client.sounds.SoundEngine/]: Missing sound for event: minecraft:block.nether_ore.fall
[28Sep2026 01:52:20.009] [Render thread/WARN] [net.minecraft.client.sounds.SoundEngine/]: Missing sound for event: minecraft:block.nether_ore.hit
[28Sep2026 01:52:20.009] [Render thread/WARN] [net.minecraft.client.sounds.SoundEngine/]: Missing sound for event: minecraft:block.nether_ore.place
[28Sep2026 01:52:20.009] [Render thread/WARN] [net.minecraft.client.sounds.SoundEngine/]: Missing sound for event: minecraft:block.nether_ore.step
[28Sep2026 01:52:20.009] [Render thread/WARN] [net.minecraft.client.sounds.SoundEngine/]: Missing sound for event: minecraft:block.redstone_torch.burnout
[28Sep2026 01:52:20.009] [Render thread/WARN] [net.minecraft.client.sounds.SoundEngine/]: Missing sound for event: minecraft:block.resin.break
[28Sep2026 01:52:20.009] [Render thread/WARN] [net.minecraft.client.sounds.SoundEngine/]: Missing sound for event: minecraft:block.resin.fall
[28Sep2026 01:52:20.009] [Render thread/WARN] [net.minecraft.client.sounds.SoundEngine/]: Missing sound for event: minecraft:block.resin.place
[28Sep2026 01:52:20.009] [Render thread/WARN] [net.minecraft.client.sounds.SoundEngine/]: Missing sound for event: minecraft:block.resin.step
[28Sep2026 01:52:20.009] [Render thread/WARN] [net.minecraft.client.sounds.SoundEngine/]: Missing sound for event: minecraft:block.resin_bricks.break
[28Sep2026 01:52:20.009] [Render thread/WARN] [net.minecraft.client.sounds.SoundEngine/]: Missing sound for event: minecraft:block.resin_bricks.fall
[28Sep2026 01:52:20.009] [Render thread/WARN] [net.minecraft.client.sounds.SoundEngine/]: Missing sound for event: minecraft:block.resin_bricks.hit
[28Sep2026 01:52:20.009] [Render thread/WARN] [net.minecraft.client.sounds.SoundEngine/]: Missing sound for event: minecraft:block.resin_bricks.place
[28Sep2026 01:52:20.009] [Render thread/WARN] [net.minecraft.client.sounds.SoundEngine/]: Missing sound for event: minecraft:block.resin_bricks.step
[28Sep2026 01:52:20.009] [Render thread/WARN] [net.minecraft.client.sounds.SoundEngine/]: Missing sound for event: minecraft:block.respawn_anchor.ambient
[28Sep2026 01:52:20.009] [Render thread/WARN] [net.minecraft.client.sounds.SoundEngine/]: Missing sound for event: minecraft:block.respawn_anchor.charge
[28Sep2026 01:52:20.009] [Render thread/WARN] [net.minecraft.client.sounds.SoundEngine/]: Missing sound for event: minecraft:block.respawn_anchor.deplete
[28Sep2026 01:52:20.009] [Render thread/WARN] [net.minecraft.client.sounds.SoundEngine/]: Missing sound for event: minecraft:block.respawn_anchor.set_spawn
[28Sep2026 01:52:20.009] [Render thread/WARN] [net.minecraft.client.sounds.SoundEngine/]: Missing sound for event: minecraft:block.rooted_dirt.break
[28Sep2026 01:52:20.009] [Render thread/WARN] [net.minecraft.client.sounds.SoundEngine/]: Missing sound for event: minecraft:block.rooted_dirt.fall
[28Sep2026 01:52:20.009] [Render thread/WARN] [net.minecraft.client.sounds.SoundEngine/]: Missing sound for event: minecraft:block.rooted_dirt.hit
[28Sep2026 01:52:20.009] [Render thread/WARN] [net.minecraft.client.sounds.SoundEngine/]: Missing sound for event: minecraft:block.rooted_dirt.place
[28Sep2026 01:52:20.009] [Render thread/WARN] [net.minecraft.client.sounds.SoundEngine/]: Missing sound for event: minecraft:block.rooted_dirt.step
[28Sep2026 01:52:20.009] [Render thread/WARN] [net.minecraft.client.sounds.SoundEngine/]: Missing sound for event: minecraft:entity.salmon.ambient
[28Sep2026 01:52:20.009] [Render thread/WARN] [net.minecraft.client.sounds.SoundEngine/]: Missing sound for event: minecraft:entity.salmon.death
[28Sep2026 01:52:20.009] [Render thread/WARN] [net.minecraft.client.sounds.SoundEngine/]: Missing sound for event: minecraft:entity.salmon.flop
[28Sep2026 01:52:20.009] [Render thread/WARN] [net.minecraft.client.sounds.SoundEngine/]: Missing sound for event: minecraft:entity.salmon.hurt
[28Sep2026 01:52:20.009] [Render thread/WARN] [net.minecraft.client.sounds.SoundEngine/]: Missing sound for event: minecraft:block.sand.break
[28Sep2026 01:52:20.009] [Render thread/WARN] [net.minecraft.client.sounds.SoundEngine/]: Missing sound for event: minecraft:block.sand.fall
[28Sep2026 01:52:20.009] [Render thread/WARN] [net.minecraft.client.sounds.SoundEngine/]: Missing sound for event: minecraft:block.sand.hit
[28Sep2026 01:52:20.009] [Render thread/WARN] [net.minecraft.client.sounds.SoundEngine/]: Missing sound for event: minecraft:block.sand.place
[28Sep2026 01:52:20.009] [Render thread/WARN] [net.minecraft.client.sounds.SoundEngine/]: Missing sound for event: minecraft:block.sand.step
[28Sep2026 01:52:20.010] [Render thread/WARN] [net.minecraft.client.sounds.SoundEngine/]: Missing sound for event: minecraft:block.sand.idle
[28Sep2026 01:52:20.010] [Render thread/WARN] [net.minecraft.client.sounds.SoundEngine/]: Missing sound for event: minecraft:block.scaffolding.break
[28Sep2026 01:52:20.010] [Render thread/WARN] [net.minecraft.client.sounds.SoundEngine/]: Missing sound for event: minecraft:block.scaffolding.fall
[28Sep2026 01:52:20.010] [Render thread/WARN] [net.minecraft.client.sounds.SoundEngine/]: Missing sound for event: minecraft:block.scaffolding.hit
[28Sep2026 01:52:20.010] [Render thread/WARN] [net.minecraft.client.sounds.SoundEngine/]: Missing sound for event: minecraft:block.scaffolding.place
[28Sep2026 01:52:20.010] [Render thread/WARN] [net.minecraft.client.sounds.SoundEngine/]: Missing sound for event: minecraft:block.scaffolding.step
[28Sep2026 01:52:20.010] [Render thread/WARN] [net.minecraft.client.sounds.SoundEngine/]: Missing sound for event: minecraft:block.sculk.spread
[28Sep2026 01:52:20.010] [Render thread/WARN] [net.minecraft.client.sounds.SoundEngine/]: Missing sound for event: minecraft:block.sculk.charge
[28Sep2026 01:52:20.010] [Render thread/WARN] [net.minecraft.client.sounds.SoundEngine/]: Missing sound for event: minecraft:block.sculk.break
[28Sep2026 01:52:20.010] [Render thread/WARN] [net.minecraft.client.sounds.SoundEngine/]: Missing sound for event: minecraft:block.sculk.fall
[28Sep2026 01:52:20.010] [Render thread/WARN] [net.minecraft.client.sounds.SoundEngine/]: Missing sound for event: minecraft:block.sculk.hit
[28Sep2026 01:52:20.010] [Render thread/WARN] [net.minecraft.client.sounds.SoundEngine/]: Missing sound for event: minecraft:block.sculk.place
[28Sep2026 01:52:20.010] [Render thread/WARN] [net.minecraft.client.sounds.SoundEngine/]: Missing sound for event: minecraft:block.sculk.step
[28Sep2026 01:52:20.010] [Render thread/WARN] [net.minecraft.client.sounds.SoundEngine/]: Missing sound for event: minecraft:block.sculk_catalyst.bloom
[28Sep2026 01:52:20.010] [Render thread/WARN] [net.minecraft.client.sounds.SoundEngine/]: Missing sound for event: minecraft:block.sculk_catalyst.break
[28Sep2026 01:52:20.010] [Render thread/WARN] [net.minecraft.client.sounds.SoundEngine/]: Missing sound for event: minecraft:block.sculk_catalyst.fall
[28Sep2026 01:52:20.010] [Render thread/WARN] [net.minecraft.client.sounds.SoundEngine/]: Missing sound for event: minecraft:block.sculk_catalyst.hit
[28Sep2026 01:52:20.010] [Render thread/WARN] [net.minecraft.client.sounds.SoundEngine/]: Missing sound for event: minecraft:block.sculk_catalyst.place
[28Sep2026 01:52:20.010] [Render thread/WARN] [net.minecraft.client.sounds.SoundEngine/]: Missing sound for event: minecraft:block.sculk_catalyst.step
[28Sep2026 01:52:20.010] [Render thread/WARN] [net.minecraft.client.sounds.SoundEngine/]: Missing sound for event: minecraft:block.sculk_sensor.clicking
[28Sep2026 01:52:20.010] [Render thread/WARN] [net.minecraft.client.sounds.SoundEngine/]: Missing sound for event: minecraft:block.sculk_sensor.clicking_stop
[28Sep2026 01:52:20.010] [Render thread/WARN] [net.minecraft.client.sounds.SoundEngine/]: Missing sound for event: minecraft:block.sculk_sensor.break
[28Sep2026 01:52:20.010] [Render thread/WARN] [net.minecraft.client.sounds.SoundEngine/]: Missing sound for event: minecraft:block.sculk_sensor.fall
[28Sep2026 01:52:20.010] [Render thread/WARN] [net.minecraft.client.sounds.SoundEngine/]: Missing sound for event: minecraft:block.sculk_sensor.hit
[28Sep2026 01:52:20.010] [Render thread/WARN] [net.minecraft.client.sounds.SoundEngine/]: Missing sound for event: minecraft:block.sculk_sensor.place
[28Sep2026 01:52:20.010] [Render thread/WARN] [net.minecraft.client.sounds.SoundEngine/]: Missing sound for event: minecraft:block.sculk_sensor.step
[28Sep2026 01:52:20.010] [Render thread/WARN] [net.minecraft.client.sounds.SoundEngine/]: Missing sound for event: minecraft:block.sculk_shrieker.break
[28Sep2026 01:52:20.010] [Render thread/WARN] [net.minecraft.client.sounds.SoundEngine/]: Missing sound for event: minecraft:block.sculk_shrieker.fall
[28Sep2026 01:52:20.010] [Render thread/WARN] [net.minecraft.client.sounds.SoundEngine/]: Missing sound for event: minecraft:block.sculk_shrieker.hit
[28Sep2026 01:52:20.010] [Render thread/WARN] [net.minecraft.client.sounds.SoundEngine/]: Missing sound for event: minecraft:block.sculk_shrieker.place
[28Sep2026 01:52:20.010] [Render thread/WARN] [net.minecraft.client.sounds.SoundEngine/]: Missing sound for event: minecraft:block.sculk_shrieker.shriek
[28Sep2026 01:52:20.010] [Render thread/WARN] [net.minecraft.client.sounds.SoundEngine/]: Missing sound for event: minecraft:block.sculk_shrieker.step
[28Sep2026 01:52:20.010] [Render thread/WARN] [net.minecraft.client.sounds.SoundEngine/]: Missing sound for event: minecraft:block.sculk_vein.break
[28Sep2026 01:52:20.010] [Render thread/WARN] [net.minecraft.client.sounds.SoundEngine/]: Missing sound for event: minecraft:block.sculk_vein.fall
[28Sep2026 01:52:20.010] [Render thread/WARN] [net.minecraft.client.sounds.SoundEngine/]: Missing sound for event: minecraft:block.sculk_vein.hit
[28Sep2026 01:52:20.010] [Render thread/WARN] [net.minecraft.client.sounds.SoundEngine/]: Missing sound for event: minecraft:block.sculk_vein.place
[28Sep2026 01:52:20.010] [Render thread/WARN] [net.minecraft.client.sounds.SoundEngine/]: Missing sound for event: minecraft:block.sculk_vein.step
[28Sep2026 01:52:20.010] [Render thread/WARN] [net.minecraft.client.sounds.SoundEngine/]: Missing sound for event: minecraft:entity.sheep.ambient
[28Sep2026 01:52:20.010] [Render thread/WARN] [net.minecraft.client.sounds.SoundEngine/]: Missing sound for event: minecraft:entity.sheep.death
[28Sep2026 01:52:20.010] [Render thread/WARN] [net.minecraft.client.sounds.SoundEngine/]: Missing sound for event: minecraft:entity.sheep.hurt
[28Sep2026 01:52:20.010] [Render thread/WARN] [net.minecraft.client.sounds.SoundEngine/]: Missing sound for event: minecraft:entity.sheep.shear
[28Sep2026 01:52:20.010] [Render thread/WARN] [net.minecraft.client.sounds.SoundEngine/]: Missing sound for event: minecraft:entity.sheep.step
[28Sep2026 01:52:20.010] [Render thread/WARN] [net.minecraft.client.sounds.SoundEngine/]: Missing sound for event: minecraft:item.shears.snip
[28Sep2026 01:52:20.010] [Render thread/WARN] [net.minecraft.client.sounds.SoundEngine/]: Missing sound for event: minecraft:block.shelf.activate
[28Sep2026 01:52:20.010] [Render thread/WARN] [net.minecraft.client.sounds.SoundEngine/]: Missing sound for event: minecraft:block.shelf.break
[28Sep2026 01:52:20.010] [Render thread/WARN] [net.minecraft.client.sounds.SoundEngine/]: Missing sound for event: minecraft:block.shelf.deactivate
[28Sep2026 01:52:20.010] [Render thread/WARN] [net.minecraft.client.sounds.SoundEngine/]: Missing sound for event: minecraft:block.shelf.fall
[28Sep2026 01:52:20.010] [Render thread/WARN] [net.minecraft.client.sounds.SoundEngine/]: Missing sound for event: minecraft:block.shelf.hit
[28Sep2026 01:52:20.010] [Render thread/WARN] [net.minecraft.client.sounds.SoundEngine/]: Missing sound for event: minecraft:block.shelf.multi_swap
[28Sep2026 01:52:20.010] [Render thread/WARN] [net.minecraft.client.sounds.SoundEngine/]: Missing sound for event: minecraft:block.shelf.place
[28Sep2026 01:52:20.010] [Render thread/WARN] [net.minecraft.client.sounds.SoundEngine/]: Missing sound for event: minecraft:block.shelf.place_item
[28Sep2026 01:52:20.010] [Render thread/WARN] [net.minecraft.client.sounds.SoundEngine/]: Missing sound for event: minecraft:block.shelf.single_swap
[28Sep2026 01:52:20.010] [Render thread/WARN] [net.minecraft.client.sounds.SoundEngine/]: Missing sound for event: minecraft:block.shelf.step
[28Sep2026 01:52:20.010] [Render thread/WARN] [net.minecraft.client.sounds.SoundEngine/]: Missing sound for event: minecraft:block.shelf.take_item
[28Sep2026 01:52:20.010] [Render thread/WARN] [net.minecraft.client.sounds.SoundEngine/]: Missing sound for event: minecraft:item.shield.block
[28Sep2026 01:52:20.010] [Render thread/WARN] [net.minecraft.client.sounds.SoundEngine/]: Missing sound for event: minecraft:item.shield.break
[28Sep2026 01:52:20.010] [Render thread/WARN] [net.minecraft.client.sounds.SoundEngine/]: Missing sound for event: minecraft:block.shroomlight.break
[28Sep2026 01:52:20.010] [Render thread/WARN] [net.minecraft.client.sounds.SoundEngine/]: Missing sound for event: minecraft:block.shroomlight.step
[28Sep2026 01:52:20.010] [Render thread/WARN] [net.minecraft.client.sounds.SoundEngine/]: Missing sound for event: minecraft:block.shroomlight.place
[28Sep2026 01:52:20.010] [Render thread/WARN] [net.minecraft.client.sounds.SoundEngine/]: Missing sound for event: minecraft:block.shroomlight.hit
[28Sep2026 01:52:20.010] [Render thread/WARN] [net.minecraft.client.sounds.SoundEngine/]: Missing sound for event: minecraft:block.shroomlight.fall
[28Sep2026 01:52:20.010] [Render thread/WARN] [net.minecraft.client.sounds.SoundEngine/]: Missing sound for event: minecraft:item.shovel.flatten
[28Sep2026 01:52:20.010] [Render thread/WARN] [net.minecraft.client.sounds.SoundEngine/]: Missing sound for event: minecraft:entity.shulker.ambient
[28Sep2026 01:52:20.010] [Render thread/WARN] [net.minecraft.client.sounds.SoundEngine/]: Missing sound for event: minecraft:block.shulker_box.close
[28Sep2026 01:52:20.011] [Render thread/WARN] [net.minecraft.client.sounds.SoundEngine/]: Missing sound for event: minecraft:block.shulker_box.open
[28Sep2026 01:52:20.011] [Render thread/WARN] [net.minecraft.client.sounds.SoundEngine/]: Missing sound for event: minecraft:entity.shulker_bullet.hit
[28Sep2026 01:52:20.011] [Render thread/WARN] [net.minecraft.client.sounds.SoundEngine/]: Missing sound for event: minecraft:entity.shulker_bullet.hurt
[28Sep2026 01:52:20.011] [Render thread/WARN] [net.minecraft.client.sounds.SoundEngine/]: Missing sound for event: minecraft:entity.shulker.close
[28Sep2026 01:52:20.011] [Render thread/WARN] [net.minecraft.client.sounds.SoundEngine/]: Missing sound for event: minecraft:entity.shulker.death
[28Sep2026 01:52:20.011] [Render thread/WARN] [net.minecraft.client.sounds.SoundEngine/]: Missing sound for event: minecraft:entity.shulker.hurt
[28Sep2026 01:52:20.011] [Render thread/WARN] [net.minecraft.client.sounds.SoundEngine/]: Missing sound for event: minecraft:entity.shulker.hurt_closed
[28Sep2026 01:52:20.011] [Render thread/WARN] [net.minecraft.client.sounds.SoundEngine/]: Missing sound for event: minecraft:entity.shulker.open
[28Sep2026 01:52:20.011] [Render thread/WARN] [net.minecraft.client.sounds.SoundEngine/]: Missing sound for event: minecraft:entity.shulker.shoot
[28Sep2026 01:52:20.011] [Render thread/WARN] [net.minecraft.client.sounds.SoundEngine/]: Missing sound for event: minecraft:entity.shulker.teleport
[28Sep2026 01:52:20.011] [Render thread/WARN] [net.minecraft.client.sounds.SoundEngine/]: Missing sound for event: minecraft:entity.silverfish.ambient
[28Sep2026 01:52:20.011] [Render thread/WARN] [net.minecraft.client.sounds.SoundEngine/]: Missing sound for event: minecraft:entity.silverfish.death
[28Sep2026 01:52:20.011] [Render thread/WARN] [net.minecraft.client.sounds.SoundEngine/]: Missing sound for event: minecraft:entity.silverfish.hurt
[28Sep2026 01:52:20.011] [Render thread/WARN] [net.minecraft.client.sounds.SoundEngine/]: Missing sound for event: minecraft:entity.silverfish.step
[28Sep2026 01:52:20.011] [Render thread/WARN] [net.minecraft.client.sounds.SoundEngine/]: Missing sound for event: minecraft:entity.skeleton.ambient
[28Sep2026 01:52:20.011] [Render thread/WARN] [net.minecraft.client.sounds.SoundEngine/]: Missing sound for event: minecraft:entity.skeleton.converted_to_stray
[28Sep2026 01:52:20.011] [Render thread/WARN] [net.minecraft.client.sounds.SoundEngine/]: Missing sound for event: minecraft:entity.skeleton.death
[28Sep2026 01:52:20.011] [Render thread/WARN] [net.minecraft.client.sounds.SoundEngine/]: Missing sound for event: minecraft:entity.skeleton_horse.ambient
[28Sep2026 01:52:20.011] [Render thread/WARN] [net.minecraft.client.sounds.SoundEngine/]: Missing sound for event: minecraft:entity.skeleton_horse.death
[28Sep2026 01:52:20.011] [Render thread/WARN] [net.minecraft.client.sounds.SoundEngine/]: Missing sound for event: minecraft:entity.skeleton_horse.hurt
[28Sep2026 01:52:20.011] [Render thread/WARN] [net.minecraft.client.sounds.SoundEngine/]: Missing sound for event: minecraft:entity.skeleton_horse.swim
[28Sep2026 01:52:20.011] [Render thread/WARN] [net.minecraft.client.sounds.SoundEngine/]: Missing sound for event: minecraft:entity.skeleton_horse.ambient_water
[28Sep2026 01:52:20.011] [Render thread/WARN] [net.minecraft.client.sounds.SoundEngine/]: Missing sound for event: minecraft:entity.skeleton_horse.gallop_water
[28Sep2026 01:52:20.011] [Render thread/WARN] [net.minecraft.client.sounds.SoundEngine/]: Missing sound for event: minecraft:entity.skeleton_horse.jump_water
[28Sep2026 01:52:20.011] [Render thread/WARN] [net.minecraft.client.sounds.SoundEngine/]: Missing sound for event: minecraft:entity.skeleton_horse.step_water
[28Sep2026 01:52:20.011] [Render thread/WARN] [net.minecraft.client.sounds.SoundEngine/]: Missing sound for event: minecraft:entity.skeleton.hurt
[28Sep2026 01:52:20.011] [Render thread/WARN] [net.minecraft.client.sounds.SoundEngine/]: Missing sound for event: minecraft:entity.skeleton.shoot
[28Sep2026 01:52:20.011] [Render thread/WARN] [net.minecraft.client.sounds.SoundEngine/]: Missing sound for event: minecraft:entity.skeleton.step
[28Sep2026 01:52:20.011] [Render thread/WARN] [net.minecraft.client.sounds.SoundEngine/]: Missing sound for event: minecraft:entity.slime.attack
[28Sep2026 01:52:20.011] [Render thread/WARN] [net.minecraft.client.sounds.SoundEngine/]: Missing sound for event: minecraft:entity.slime.death
[28Sep2026 01:52:20.011] [Render thread/WARN] [net.minecraft.client.sounds.SoundEngine/]: Missing sound for event: minecraft:entity.slime.hurt
[28Sep2026 01:52:20.011] [Render thread/WARN] [net.minecraft.client.sounds.SoundEngine/]: Missing sound for event: minecraft:entity.slime.jump
[28Sep2026 01:52:20.011] [Render thread/WARN] [net.minecraft.client.sounds.SoundEngine/]: Missing sound for event: minecraft:entity.slime.squish
[28Sep2026 01:52:20.011] [Render thread/WARN] [net.minecraft.client.sounds.SoundEngine/]: Missing sound for event: minecraft:block.slime_block.break
[28Sep2026 01:52:20.011] [Render thread/WARN] [net.minecraft.client.sounds.SoundEngine/]: Missing sound for event: minecraft:block.slime_block.fall
[28Sep2026 01:52:20.011] [Render thread/WARN] [net.minecraft.client.sounds.SoundEngine/]: Missing sound for event: minecraft:block.slime_block.hit
[28Sep2026 01:52:20.011] [Render thread/WARN] [net.minecraft.client.sounds.SoundEngine/]: Missing sound for event: minecraft:block.slime_block.place
[28Sep2026 01:52:20.011] [Render thread/WARN] [net.minecraft.client.sounds.SoundEngine/]: Missing sound for event: minecraft:block.slime_block.step
[28Sep2026 01:52:20.011] [Render thread/WARN] [net.minecraft.client.sounds.SoundEngine/]: Missing sound for event: minecraft:block.small_amethyst_bud.break
[28Sep2026 01:52:20.011] [Render thread/WARN] [net.minecraft.client.sounds.SoundEngine/]: Missing sound for event: minecraft:block.small_amethyst_bud.place
[28Sep2026 01:52:20.011] [Render thread/WARN] [net.minecraft.client.sounds.SoundEngine/]: Missing sound for event: minecraft:block.small_dripleaf.break
[28Sep2026 01:52:20.011] [Render thread/WARN] [net.minecraft.client.sounds.SoundEngine/]: Missing sound for event: minecraft:block.small_dripleaf.fall
[28Sep2026 01:52:20.011] [Render thread/WARN] [net.minecraft.client.sounds.SoundEngine/]: Missing sound for event: minecraft:block.small_dripleaf.hit
[28Sep2026 01:52:20.011] [Render thread/WARN] [net.minecraft.client.sounds.SoundEngine/]: Missing sound for event: minecraft:block.small_dripleaf.place
[28Sep2026 01:52:20.011] [Render thread/WARN] [net.minecraft.client.sounds.SoundEngine/]: Missing sound for event: minecraft:block.small_dripleaf.step
[28Sep2026 01:52:20.011] [Render thread/WARN] [net.minecraft.client.sounds.SoundEngine/]: Missing sound for event: minecraft:block.soul_sand.break
[28Sep2026 01:52:20.011] [Render thread/WARN] [net.minecraft.client.sounds.SoundEngine/]: Missing sound for event: minecraft:block.soul_sand.step
[28Sep2026 01:52:20.011] [Render thread/WARN] [net.minecraft.client.sounds.SoundEngine/]: Missing sound for event: minecraft:block.soul_sand.place
[28Sep2026 01:52:20.011] [Render thread/WARN] [net.minecraft.client.sounds.SoundEngine/]: Missing sound for event: minecraft:block.soul_sand.hit
[28Sep2026 01:52:20.011] [Render thread/WARN] [net.minecraft.client.sounds.SoundEngine/]: Missing sound for event: minecraft:block.soul_sand.fall
[28Sep2026 01:52:20.012] [Render thread/WARN] [net.minecraft.client.sounds.SoundEngine/]: Missing sound for event: minecraft:block.soul_soil.break
[28Sep2026 01:52:20.012] [Render thread/WARN] [net.minecraft.client.sounds.SoundEngine/]: Missing sound for event: minecraft:block.soul_soil.step
[28Sep2026 01:52:20.012] [Render thread/WARN] [net.minecraft.client.sounds.SoundEngine/]: Missing sound for event: minecraft:block.soul_soil.place
[28Sep2026 01:52:20.012] [Render thread/WARN] [net.minecraft.client.sounds.SoundEngine/]: Missing sound for event: minecraft:block.soul_soil.hit
[28Sep2026 01:52:20.012] [Render thread/WARN] [net.minecraft.client.sounds.SoundEngine/]: Missing sound for event: minecraft:block.soul_soil.fall
[28Sep2026 01:52:20.012] [Render thread/WARN] [net.minecraft.client.sounds.SoundEngine/]: Missing sound for event: minecraft:particle.soul_escape
[28Sep2026 01:52:20.012] [Render thread/WARN] [net.minecraft.client.sounds.SoundEngine/]: Missing sound for event: minecraft:block.spawner.break
[28Sep2026 01:52:20.012] [Render thread/WARN] [net.minecraft.client.sounds.SoundEngine/]: Missing sound for event: minecraft:block.spawner.fall
[28Sep2026 01:52:20.012] [Render thread/WARN] [net.minecraft.client.sounds.SoundEngine/]: Missing sound for event: minecraft:block.spawner.hit
[28Sep2026 01:52:20.012] [Render thread/WARN] [net.minecraft.client.sounds.SoundEngine/]: Missing sound for event: minecraft:block.spawner.place
[28Sep2026 01:52:20.012] [Render thread/WARN] [net.minecraft.client.sounds.SoundEngine/]: Missing sound for event: minecraft:block.spawner.step
[28Sep2026 01:52:20.012] [Render thread/WARN] [net.minecraft.client.sounds.SoundEngine/]: Missing sound for event: minecraft:item.spear.use
[28Sep2026 01:52:20.012] [Render thread/WARN] [net.minecraft.client.sounds.SoundEngine/]: Missing sound for event: minecraft:item.spear.hit
[28Sep2026 01:52:20.012] [Render thread/WARN] [net.minecraft.client.sounds.SoundEngine/]: Missing sound for event: minecraft:item.spear.attack
[28Sep2026 01:52:20.012] [Render thread/WARN] [net.minecraft.client.sounds.SoundEngine/]: Missing sound for event: minecraft:item.spear_wood.use
[28Sep2026 01:52:20.012] [Render thread/WARN] [net.minecraft.client.sounds.SoundEngine/]: Missing sound for event: minecraft:item.spear_wood.hit
[28Sep2026 01:52:20.013] [Render thread/WARN] [net.minecraft.client.sounds.SoundEngine/]: Missing sound for event: minecraft:item.spear_wood.attack
[28Sep2026 01:52:20.013] [Render thread/WARN] [net.minecraft.client.sounds.SoundEngine/]: Missing sound for event: minecraft:block.spore_blossom.break
[28Sep2026 01:52:20.013] [Render thread/WARN] [net.minecraft.client.sounds.SoundEngine/]: Missing sound for event: minecraft:block.spore_blossom.fall
[28Sep2026 01:52:20.013] [Render thread/WARN] [net.minecraft.client.sounds.SoundEngine/]: Missing sound for event: minecraft:block.spore_blossom.hit
[28Sep2026 01:52:20.013] [Render thread/WARN] [net.minecraft.client.sounds.SoundEngine/]: Missing sound for event: minecraft:block.spore_blossom.place
[28Sep2026 01:52:20.013] [Render thread/WARN] [net.minecraft.client.sounds.SoundEngine/]: Missing sound for event: minecraft:block.spore_blossom.step
[28Sep2026 01:52:20.013] [Render thread/WARN] [net.minecraft.client.sounds.SoundEngine/]: Missing sound for event: minecraft:entity.strider.ambient
[28Sep2026 01:52:20.013] [Render thread/WARN] [net.minecraft.client.sounds.SoundEngine/]: Missing sound for event: minecraft:entity.strider.happy
[28Sep2026 01:52:20.013] [Render thread/WARN] [net.minecraft.client.sounds.SoundEngine/]: Missing sound for event: minecraft:entity.strider.retreat
[28Sep2026 01:52:20.013] [Render thread/WARN] [net.minecraft.client.sounds.SoundEngine/]: Missing sound for event: minecraft:entity.strider.death
[28Sep2026 01:52:20.013] [Render thread/WARN] [net.minecraft.client.sounds.SoundEngine/]: Missing sound for event: minecraft:entity.strider.hurt
[28Sep2026 01:52:20.013] [Render thread/WARN] [net.minecraft.client.sounds.SoundEngine/]: Missing sound for event: minecraft:entity.strider.step
[28Sep2026 01:52:20.013] [Render thread/WARN] [net.minecraft.client.sounds.SoundEngine/]: Missing sound for event: minecraft:entity.strider.step_lava
[28Sep2026 01:52:20.013] [Render thread/WARN] [net.minecraft.client.sounds.SoundEngine/]: Missing sound for event: minecraft:entity.strider.eat
[28Sep2026 01:52:20.013] [Render thread/WARN] [net.minecraft.client.sounds.SoundEngine/]: Missing sound for event: minecraft:entity.strider.saddle
[28Sep2026 01:52:20.013] [Render thread/WARN] [net.minecraft.client.sounds.SoundEngine/]: Missing sound for event: minecraft:entity.slime.death_small
[28Sep2026 01:52:20.013] [Render thread/WARN] [net.minecraft.client.sounds.SoundEngine/]: Missing sound for event: minecraft:entity.slime.hurt_small
[28Sep2026 01:52:20.013] [Render thread/WARN] [net.minecraft.client.sounds.SoundEngine/]: Missing sound for event: minecraft:entity.slime.jump_small
[28Sep2026 01:52:20.013] [Render thread/WARN] [net.minecraft.client.sounds.SoundEngine/]: Missing sound for event: minecraft:entity.slime.squish_small
[28Sep2026 01:52:20.013] [Render thread/WARN] [net.minecraft.client.sounds.SoundEngine/]: Missing sound for event: minecraft:block.smithing_table.use
[28Sep2026 01:52:20.013] [Render thread/WARN] [net.minecraft.client.sounds.SoundEngine/]: Missing sound for event: minecraft:block.smoker.smoke
[28Sep2026 01:52:20.013] [Render thread/WARN] [net.minecraft.client.sounds.SoundEngine/]: Missing sound for event: minecraft:entity.sniffer.step
[28Sep2026 01:52:20.013] [Render thread/WARN] [net.minecraft.client.sounds.SoundEngine/]: Missing sound for event: minecraft:entity.sniffer.eat
[28Sep2026 01:52:20.013] [Render thread/WARN] [net.minecraft.client.sounds.SoundEngine/]: Missing sound for event: minecraft:entity.sniffer.idle
[28Sep2026 01:52:20.013] [Render thread/WARN] [net.minecraft.client.sounds.SoundEngine/]: Missing sound for event: minecraft:entity.sniffer.hurt
[28Sep2026 01:52:20.013] [Render thread/WARN] [net.minecraft.client.sounds.SoundEngine/]: Missing sound for event: minecraft:entity.sniffer.death
[28Sep2026 01:52:20.013] [Render thread/WARN] [net.minecraft.client.sounds.SoundEngine/]: Missing sound for event: minecraft:entity.sniffer.drop_seed
[28Sep2026 01:52:20.013] [Render thread/WARN] [net.minecraft.client.sounds.SoundEngine/]: Missing sound for event: minecraft:entity.sniffer.scenting
[28Sep2026 01:52:20.013] [Render thread/WARN] [net.minecraft.client.sounds.SoundEngine/]: Missing sound for event: minecraft:entity.sniffer.sniffing
[28Sep2026 01:52:20.013] [Render thread/WARN] [net.minecraft.client.sounds.SoundEngine/]: Missing sound for event: minecraft:entity.sniffer.searching
[28Sep2026 01:52:20.013] [Render thread/WARN] [net.minecraft.client.sounds.SoundEngine/]: Missing sound for event: minecraft:entity.sniffer.digging
[28Sep2026 01:52:20.013] [Render thread/WARN] [net.minecraft.client.sounds.SoundEngine/]: Missing sound for event: minecraft:entity.sniffer.digging_stop
[28Sep2026 01:52:20.013] [Render thread/WARN] [net.minecraft.client.sounds.SoundEngine/]: Missing sound for event: minecraft:entity.sniffer.happy
[28Sep2026 01:52:20.013] [Render thread/WARN] [net.minecraft.client.sounds.SoundEngine/]: Missing sound for event: minecraft:block.sniffer_egg.plop
[28Sep2026 01:52:20.013] [Render thread/WARN] [net.minecraft.client.sounds.SoundEngine/]: Missing sound for event: minecraft:block.sniffer_egg.crack
[28Sep2026 01:52:20.013] [Render thread/WARN] [net.minecraft.client.sounds.SoundEngine/]: Missing sound for event: minecraft:block.sniffer_egg.hatch
[28Sep2026 01:52:20.013] [Render thread/WARN] [net.minecraft.client.sounds.SoundEngine/]: Missing sound for event: minecraft:entity.snowball.throw
[28Sep2026 01:52:20.013] [Render thread/WARN] [net.minecraft.client.sounds.SoundEngine/]: Missing sound for event: minecraft:block.snow.break
[28Sep2026 01:52:20.013] [Render thread/WARN] [net.minecraft.client.sounds.SoundEngine/]: Missing sound for event: minecraft:block.snow.fall
[28Sep2026 01:52:20.013] [Render thread/WARN] [net.minecraft.client.sounds.SoundEngine/]: Missing sound for event: minecraft:entity.snow_golem.ambient
[28Sep2026 01:52:20.013] [Render thread/WARN] [net.minecraft.client.sounds.SoundEngine/]: Missing sound for event: minecraft:entity.snow_golem.death
[28Sep2026 01:52:20.013] [Render thread/WARN] [net.minecraft.client.sounds.SoundEngine/]: Missing sound for event: minecraft:entity.snow_golem.hurt
[28Sep2026 01:52:20.013] [Render thread/WARN] [net.minecraft.client.sounds.SoundEngine/]: Missing sound for event: minecraft:entity.snow_golem.shoot
[28Sep2026 01:52:20.013] [Render thread/WARN] [net.minecraft.client.sounds.SoundEngine/]: Missing sound for event: minecraft:entity.snow_golem.shear
[28Sep2026 01:52:20.013] [Render thread/WARN] [net.minecraft.client.sounds.SoundEngine/]: Missing sound for event: minecraft:block.snow.hit
[28Sep2026 01:52:20.013] [Render thread/WARN] [net.minecraft.client.sounds.SoundEngine/]: Missing sound for event: minecraft:block.snow.place
[28Sep2026 01:52:20.013] [Render thread/WARN] [net.minecraft.client.sounds.SoundEngine/]: Missing sound for event: minecraft:block.snow.step
[28Sep2026 01:52:20.013] [Render thread/WARN] [net.minecraft.client.sounds.SoundEngine/]: Missing sound for event: minecraft:entity.spider.ambient
[28Sep2026 01:52:20.013] [Render thread/WARN] [net.minecraft.client.sounds.SoundEngine/]: Missing sound for event: minecraft:entity.spider.death
[28Sep2026 01:52:20.013] [Render thread/WARN] [net.minecraft.client.sounds.SoundEngine/]: Missing sound for event: minecraft:entity.spider.hurt
[28Sep2026 01:52:20.013] [Render thread/WARN] [net.minecraft.client.sounds.SoundEngine/]: Missing sound for event: minecraft:entity.spider.step
[28Sep2026 01:52:20.013] [Render thread/WARN] [net.minecraft.client.sounds.SoundEngine/]: Missing sound for event: minecraft:entity.splash_potion.break
[28Sep2026 01:52:20.013] [Render thread/WARN] [net.minecraft.client.sounds.SoundEngine/]: Missing sound for event: minecraft:entity.splash_potion.throw
[28Sep2026 01:52:20.013] [Render thread/WARN] [net.minecraft.client.sounds.SoundEngine/]: Missing sound for event: minecraft:block.sponge.break
[28Sep2026 01:52:20.013] [Render thread/WARN] [net.minecraft.client.sounds.SoundEngine/]: Missing sound for event: minecraft:block.sponge.fall
[28Sep2026 01:52:20.013] [Render thread/WARN] [net.minecraft.client.sounds.SoundEngine/]: Missing sound for event: minecraft:block.sponge.hit
[28Sep2026 01:52:20.013] [Render thread/WARN] [net.minecraft.client.sounds.SoundEngine/]: Missing sound for event: minecraft:block.sponge.place
[28Sep2026 01:52:20.013] [Render thread/WARN] [net.minecraft.client.sounds.SoundEngine/]: Missing sound for event: minecraft:block.sponge.step
[28Sep2026 01:52:20.014] [Render thread/WARN] [net.minecraft.client.sounds.SoundEngine/]: Missing sound for event: minecraft:block.sponge.absorb
[28Sep2026 01:52:20.014] [Render thread/WARN] [net.minecraft.client.sounds.SoundEngine/]: Missing sound for event: minecraft:item.spyglass.use
[28Sep2026 01:52:20.014] [Render thread/WARN] [net.minecraft.client.sounds.SoundEngine/]: Missing sound for event: minecraft:item.spyglass.stop_using
[28Sep2026 01:52:20.014] [Render thread/WARN] [net.minecraft.client.sounds.SoundEngine/]: Missing sound for event: minecraft:entity.squid.ambient
[28Sep2026 01:52:20.014] [Render thread/WARN] [net.minecraft.client.sounds.SoundEngine/]: Missing sound for event: minecraft:entity.squid.death
[28Sep2026 01:52:20.014] [Render thread/WARN] [net.minecraft.client.sounds.SoundEngine/]: Missing sound for event: minecraft:entity.squid.hurt
[28Sep2026 01:52:20.014] [Render thread/WARN] [net.minecraft.client.sounds.SoundEngine/]: Missing sound for event: minecraft:entity.squid.squirt
[28Sep2026 01:52:20.014] [Render thread/WARN] [net.minecraft.client.sounds.SoundEngine/]: Missing sound for event: minecraft:block.stone.break
[28Sep2026 01:52:20.014] [Render thread/WARN] [net.minecraft.client.sounds.SoundEngine/]: Missing sound for event: minecraft:block.stone_button.click_off
[28Sep2026 01:52:20.014] [Render thread/WARN] [net.minecraft.client.sounds.SoundEngine/]: Missing sound for event: minecraft:block.stone_button.click_on
[28Sep2026 01:52:20.014] [Render thread/WARN] [net.minecraft.client.sounds.SoundEngine/]: Missing sound for event: minecraft:block.stone.fall
[28Sep2026 01:52:20.014] [Render thread/WARN] [net.minecraft.client.sounds.SoundEngine/]: Missing sound for event: minecraft:block.stone.hit
[28Sep2026 01:52:20.014] [Render thread/WARN] [net.minecraft.client.sounds.SoundEngine/]: Missing sound for event: minecraft:block.stone.place
[28Sep2026 01:52:20.014] [Render thread/WARN] [net.minecraft.client.sounds.SoundEngine/]: Missing sound for event: minecraft:block.stone_pressure_plate.click_off
[28Sep2026 01:52:20.014] [Render thread/WARN] [net.minecraft.client.sounds.SoundEngine/]: Missing sound for event: minecraft:block.stone_pressure_plate.click_on
[28Sep2026 01:52:20.014] [Render thread/WARN] [net.minecraft.client.sounds.SoundEngine/]: Missing sound for event: minecraft:block.stone.step
[28Sep2026 01:52:20.014] [Render thread/WARN] [net.minecraft.client.sounds.SoundEngine/]: Missing sound for event: minecraft:entity.stray.ambient
[28Sep2026 01:52:20.014] [Render thread/WARN] [net.minecraft.client.sounds.SoundEngine/]: Missing sound for event: minecraft:entity.stray.death
[28Sep2026 01:52:20.014] [Render thread/WARN] [net.minecraft.client.sounds.SoundEngine/]: Missing sound for event: minecraft:entity.stray.hurt
[28Sep2026 01:52:20.014] [Render thread/WARN] [net.minecraft.client.sounds.SoundEngine/]: Missing sound for event: minecraft:entity.stray.step
[28Sep2026 01:52:20.014] [Render thread/WARN] [net.minecraft.client.sounds.SoundEngine/]: Missing sound for event: minecraft:block.sweet_berry_bush.break
[28Sep2026 01:52:20.014] [Render thread/WARN] [net.minecraft.client.sounds.SoundEngine/]: Missing sound for event: minecraft:block.sweet_berry_bush.place
[28Sep2026 01:52:20.014] [Render thread/WARN] [net.minecraft.client.sounds.SoundEngine/]: Missing sound for event: minecraft:block.sweet_berry_bush.pick_berries
[28Sep2026 01:52:20.014] [Render thread/WARN] [net.minecraft.client.sounds.SoundEngine/]: Missing sound for event: minecraft:entity.tadpole.death
[28Sep2026 01:52:20.014] [Render thread/WARN] [net.minecraft.client.sounds.SoundEngine/]: Missing sound for event: minecraft:entity.tadpole.flop
[28Sep2026 01:52:20.014] [Render thread/WARN] [net.minecraft.client.sounds.SoundEngine/]: Missing sound for event: minecraft:entity.tadpole.grow_up
[28Sep2026 01:52:20.014] [Render thread/WARN] [net.minecraft.client.sounds.SoundEngine/]: Missing sound for event: minecraft:entity.tadpole.hurt
[28Sep2026 01:52:20.014] [Render thread/WARN] [net.minecraft.client.sounds.SoundEngine/]: Missing sound for event: minecraft:enchant.thorns.hit
[28Sep2026 01:52:20.014] [Render thread/WARN] [net.minecraft.client.sounds.SoundEngine/]: Missing sound for event: minecraft:entity.tnt.primed
[28Sep2026 01:52:20.014] [Render thread/WARN] [net.minecraft.client.sounds.SoundEngine/]: Missing sound for event: minecraft:item.totem.use
[28Sep2026 01:52:20.014] [Render thread/WARN] [net.minecraft.client.sounds.SoundEngine/]: Missing sound for event: minecraft:item.trident.hit
[28Sep2026 01:52:20.014] [Render thread/WARN] [net.minecraft.client.sounds.SoundEngine/]: Missing sound for event: minecraft:item.trident.hit_ground
[28Sep2026 01:52:20.014] [Render thread/WARN] [net.minecraft.client.sounds.SoundEngine/]: Missing sound for event: minecraft:item.trident.return
[28Sep2026 01:52:20.014] [Render thread/WARN] [net.minecraft.client.sounds.SoundEngine/]: Missing sound for event: minecraft:item.trident.riptide_1
[28Sep2026 01:52:20.014] [Render thread/WARN] [net.minecraft.client.sounds.SoundEngine/]: Missing sound for event: minecraft:item.trident.riptide_2
[28Sep2026 01:52:20.014] [Render thread/WARN] [net.minecraft.client.sounds.SoundEngine/]: Missing sound for event: minecraft:item.trident.riptide_3
[28Sep2026 01:52:20.014] [Render thread/WARN] [net.minecraft.client.sounds.SoundEngine/]: Missing sound for event: minecraft:item.trident.throw
[28Sep2026 01:52:20.014] [Render thread/WARN] [net.minecraft.client.sounds.SoundEngine/]: Missing sound for event: minecraft:item.trident.thunder
[28Sep2026 01:52:20.014] [Render thread/WARN] [net.minecraft.client.sounds.SoundEngine/]: Missing sound for event: minecraft:block.tripwire.attach
[28Sep2026 01:52:20.014] [Render thread/WARN] [net.minecraft.client.sounds.SoundEngine/]: Missing sound for event: minecraft:block.tripwire.click_off
[28Sep2026 01:52:20.014] [Render thread/WARN] [net.minecraft.client.sounds.SoundEngine/]: Missing sound for event: minecraft:block.tripwire.click_on
[28Sep2026 01:52:20.014] [Render thread/WARN] [net.minecraft.client.sounds.SoundEngine/]: Missing sound for event: minecraft:block.tripwire.detach
[28Sep2026 01:52:20.014] [Render thread/WARN] [net.minecraft.client.sounds.SoundEngine/]: Missing sound for event: minecraft:entity.tropical_fish.ambient
[28Sep2026 01:52:20.014] [Render thread/WARN] [net.minecraft.client.sounds.SoundEngine/]: Missing sound for event: minecraft:entity.tropical_fish.death
[28Sep2026 01:52:20.014] [Render thread/WARN] [net.minecraft.client.sounds.SoundEngine/]: Missing sound for event: minecraft:entity.tropical_fish.flop
[28Sep2026 01:52:20.014] [Render thread/WARN] [net.minecraft.client.sounds.SoundEngine/]: Missing sound for event: minecraft:entity.tropical_fish.hurt
[28Sep2026 01:52:20.014] [Render thread/WARN] [net.minecraft.client.sounds.SoundEngine/]: Missing sound for event: minecraft:block.tuff.break
[28Sep2026 01:52:20.014] [Render thread/WARN] [net.minecraft.client.sounds.SoundEngine/]: Missing sound for event: minecraft:block.tuff.step
[28Sep2026 01:52:20.014] [Render thread/WARN] [net.minecraft.client.sounds.SoundEngine/]: Missing sound for event: minecraft:block.tuff.place
[28Sep2026 01:52:20.014] [Render thread/WARN] [net.minecraft.client.sounds.SoundEngine/]: Missing sound for event: minecraft:block.tuff.hit
[28Sep2026 01:52:20.014] [Render thread/WARN] [net.minecraft.client.sounds.SoundEngine/]: Missing sound for event: minecraft:block.tuff.fall
[28Sep2026 01:52:20.014] [Render thread/WARN] [net.minecraft.client.sounds.SoundEngine/]: Missing sound for event: minecraft:block.tuff_bricks.break
[28Sep2026 01:52:20.014] [Render thread/WARN] [net.minecraft.client.sounds.SoundEngine/]: Missing sound for event: minecraft:block.tuff_bricks.fall
[28Sep2026 01:52:20.014] [Render thread/WARN] [net.minecraft.client.sounds.SoundEngine/]: Missing sound for event: minecraft:block.tuff_bricks.hit
[28Sep2026 01:52:20.014] [Render thread/WARN] [net.minecraft.client.sounds.SoundEngine/]: Missing sound for event: minecraft:block.tuff_bricks.place
[28Sep2026 01:52:20.014] [Render thread/WARN] [net.minecraft.client.sounds.SoundEngine/]: Missing sound for event: minecraft:block.tuff_bricks.step
[28Sep2026 01:52:20.014] [Render thread/WARN] [net.minecraft.client.sounds.SoundEngine/]: Missing sound for event: minecraft:block.polished_tuff.break
[28Sep2026 01:52:20.014] [Render thread/WARN] [net.minecraft.client.sounds.SoundEngine/]: Missing sound for event: minecraft:block.polished_tuff.fall
[28Sep2026 01:52:20.014] [Render thread/WARN] [net.minecraft.client.sounds.SoundEngine/]: Missing sound for event: minecraft:block.polished_tuff.hit
[28Sep2026 01:52:20.014] [Render thread/WARN] [net.minecraft.client.sounds.SoundEngine/]: Missing sound for event: minecraft:block.polished_tuff.place
[28Sep2026 01:52:20.014] [Render thread/WARN] [net.minecraft.client.sounds.SoundEngine/]: Missing sound for event: minecraft:block.polished_tuff.step
[28Sep2026 01:52:20.014] [Render thread/WARN] [net.minecraft.client.sounds.SoundEngine/]: Missing sound for event: minecraft:entity.turtle.ambient_land
[28Sep2026 01:52:20.014] [Render thread/WARN] [net.minecraft.client.sounds.SoundEngine/]: Missing sound for event: minecraft:entity.turtle.death
[28Sep2026 01:52:20.014] [Render thread/WARN] [net.minecraft.client.sounds.SoundEngine/]: Missing sound for event: minecraft:entity.turtle.death_baby
[28Sep2026 01:52:20.014] [Render thread/WARN] [net.minecraft.client.sounds.SoundEngine/]: Missing sound for event: minecraft:entity.turtle.egg_break
[28Sep2026 01:52:20.014] [Render thread/WARN] [net.minecraft.client.sounds.SoundEngine/]: Missing sound for event: minecraft:entity.turtle.egg_crack
[28Sep2026 01:52:20.014] [Render thread/WARN] [net.minecraft.client.sounds.SoundEngine/]: Missing sound for event: minecraft:entity.turtle.egg_hatch
[28Sep2026 01:52:20.014] [Render thread/WARN] [net.minecraft.client.sounds.SoundEngine/]: Missing sound for event: minecraft:entity.turtle.hurt
[28Sep2026 01:52:20.014] [Render thread/WARN] [net.minecraft.client.sounds.SoundEngine/]: Missing sound for event: minecraft:entity.turtle.hurt_baby
[28Sep2026 01:52:20.015] [Render thread/WARN] [net.minecraft.client.sounds.SoundEngine/]: Missing sound for event: minecraft:entity.turtle.lay_egg
[28Sep2026 01:52:20.015] [Render thread/WARN] [net.minecraft.client.sounds.SoundEngine/]: Missing sound for event: minecraft:entity.turtle.shamble
[28Sep2026 01:52:20.015] [Render thread/WARN] [net.minecraft.client.sounds.SoundEngine/]: Missing sound for event: minecraft:entity.turtle.shamble_baby
[28Sep2026 01:52:20.015] [Render thread/WARN] [net.minecraft.client.sounds.SoundEngine/]: Missing sound for event: minecraft:entity.turtle.swim
[28Sep2026 01:52:20.015] [Render thread/WARN] [net.minecraft.client.sounds.SoundEngine/]: Missing sound for event: minecraft:ui.button.click
[28Sep2026 01:52:20.015] [Render thread/WARN] [net.minecraft.client.sounds.SoundEngine/]: Missing sound for event: minecraft:ui.loom.select_pattern
[28Sep2026 01:52:20.015] [Render thread/WARN] [net.minecraft.client.sounds.SoundEngine/]: Missing sound for event: minecraft:ui.loom.take_result
[28Sep2026 01:52:20.015] [Render thread/WARN] [net.minecraft.client.sounds.SoundEngine/]: Missing sound for event: minecraft:ui.cartography_table.take_result
[28Sep2026 01:52:20.015] [Render thread/WARN] [net.minecraft.client.sounds.SoundEngine/]: Missing sound for event: minecraft:ui.stonecutter.take_result
[28Sep2026 01:52:20.015] [Render thread/WARN] [net.minecraft.client.sounds.SoundEngine/]: Missing sound for event: minecraft:ui.stonecutter.select_recipe
[28Sep2026 01:52:20.015] [Render thread/WARN] [net.minecraft.client.sounds.SoundEngine/]: Missing sound for event: minecraft:ui.toast.challenge_complete
[28Sep2026 01:52:20.015] [Render thread/WARN] [net.minecraft.client.sounds.SoundEngine/]: Missing sound for event: minecraft:ui.toast.in
[28Sep2026 01:52:20.015] [Render thread/WARN] [net.minecraft.client.sounds.SoundEngine/]: Missing sound for event: minecraft:ui.toast.out
[28Sep2026 01:52:20.015] [Render thread/WARN] [net.minecraft.client.sounds.SoundEngine/]: Missing sound for event: minecraft:block.vault.activate
[28Sep2026 01:52:20.015] [Render thread/WARN] [net.minecraft.client.sounds.SoundEngine/]: Missing sound for event: minecraft:block.vault.ambient
[28Sep2026 01:52:20.015] [Render thread/WARN] [net.minecraft.client.sounds.SoundEngine/]: Missing sound for event: minecraft:block.vault.break
[28Sep2026 01:52:20.015] [Render thread/WARN] [net.minecraft.client.sounds.SoundEngine/]: Missing sound for event: minecraft:block.vault.close_shutter
[28Sep2026 01:52:20.015] [Render thread/WARN] [net.minecraft.client.sounds.SoundEngine/]: Missing sound for event: minecraft:block.vault.deactivate
[28Sep2026 01:52:20.015] [Render thread/WARN] [net.minecraft.client.sounds.SoundEngine/]: Missing sound for event: minecraft:block.vault.eject_item
[28Sep2026 01:52:20.015] [Render thread/WARN] [net.minecraft.client.sounds.SoundEngine/]: Missing sound for event: minecraft:block.vault.reject_rewarded_player
[28Sep2026 01:52:20.015] [Render thread/WARN] [net.minecraft.client.sounds.SoundEngine/]: Missing sound for event: minecraft:block.vault.fall
[28Sep2026 01:52:20.015] [Render thread/WARN] [net.minecraft.client.sounds.SoundEngine/]: Missing sound for event: minecraft:block.vault.hit
[28Sep2026 01:52:20.015] [Render thread/WARN] [net.minecraft.client.sounds.SoundEngine/]: Missing sound for event: minecraft:block.vault.insert_item
[28Sep2026 01:52:20.015] [Render thread/WARN] [net.minecraft.client.sounds.SoundEngine/]: Missing sound for event: minecraft:block.vault.insert_item_fail
[28Sep2026 01:52:20.015] [Render thread/WARN] [net.minecraft.client.sounds.SoundEngine/]: Missing sound for event: minecraft:block.vault.open_shutter
[28Sep2026 01:52:20.015] [Render thread/WARN] [net.minecraft.client.sounds.SoundEngine/]: Missing sound for event: minecraft:block.vault.place
[28Sep2026 01:52:20.015] [Render thread/WARN] [net.minecraft.client.sounds.SoundEngine/]: Missing sound for event: minecraft:block.vault.step
[28Sep2026 01:52:20.015] [Render thread/WARN] [net.minecraft.client.sounds.SoundEngine/]: Missing sound for event: minecraft:entity.vex.ambient
[28Sep2026 01:52:20.015] [Render thread/WARN] [net.minecraft.client.sounds.SoundEngine/]: Missing sound for event: minecraft:entity.vex.charge
[28Sep2026 01:52:20.015] [Render thread/WARN] [net.minecraft.client.sounds.SoundEngine/]: Missing sound for event: minecraft:entity.vex.death
[28Sep2026 01:52:20.015] [Render thread/WARN] [net.minecraft.client.sounds.SoundEngine/]: Missing sound for event: minecraft:entity.vex.hurt
[28Sep2026 01:52:20.015] [Render thread/WARN] [net.minecraft.client.sounds.SoundEngine/]: Missing sound for event: minecraft:entity.villager.ambient
[28Sep2026 01:52:20.015] [Render thread/WARN] [net.minecraft.client.sounds.SoundEngine/]: Missing sound for event: minecraft:entity.villager.celebrate
[28Sep2026 01:52:20.015] [Render thread/WARN] [net.minecraft.client.sounds.SoundEngine/]: Missing sound for event: minecraft:entity.villager.death
[28Sep2026 01:52:20.015] [Render thread/WARN] [net.minecraft.client.sounds.SoundEngine/]: Missing sound for event: minecraft:entity.villager.hurt
[28Sep2026 01:52:20.015] [Render thread/WARN] [net.minecraft.client.sounds.SoundEngine/]: Missing sound for event: minecraft:entity.villager.no
[28Sep2026 01:52:20.015] [Render thread/WARN] [net.minecraft.client.sounds.SoundEngine/]: Missing sound for event: minecraft:entity.villager.trade
[28Sep2026 01:52:20.015] [Render thread/WARN] [net.minecraft.client.sounds.SoundEngine/]: Missing sound for event: minecraft:entity.villager.yes
[28Sep2026 01:52:20.015] [Render thread/WARN] [net.minecraft.client.sounds.SoundEngine/]: Missing sound for event: minecraft:entity.villager.work_armorer
[28Sep2026 01:52:20.015] [Render thread/WARN] [net.minecraft.client.sounds.SoundEngine/]: Missing sound for event: minecraft:entity.villager.work_butcher
[28Sep2026 01:52:20.015] [Render thread/WARN] [net.minecraft.client.sounds.SoundEngine/]: Missing sound for event: minecraft:entity.villager.work_cartographer
[28Sep2026 01:52:20.015] [Render thread/WARN] [net.minecraft.client.sounds.SoundEngine/]: Missing sound for event: minecraft:entity.villager.work_cleric
[28Sep2026 01:52:20.015] [Render thread/WARN] [net.minecraft.client.sounds.SoundEngine/]: Missing sound for event: minecraft:entity.villager.work_farmer
[28Sep2026 01:52:20.015] [Render thread/WARN] [net.minecraft.client.sounds.SoundEngine/]: Missing sound for event: minecraft:entity.villager.work_fisherman
[28Sep2026 01:52:20.015] [Render thread/WARN] [net.minecraft.client.sounds.SoundEngine/]: Missing sound for event: minecraft:entity.villager.work_fletcher
[28Sep2026 01:52:20.015] [Render thread/WARN] [net.minecraft.client.sounds.SoundEngine/]: Missing sound for event: minecraft:entity.villager.work_leatherworker
[28Sep2026 01:52:20.015] [Render thread/WARN] [net.minecraft.client.sounds.SoundEngine/]: Missing sound for event: minecraft:entity.villager.work_librarian
[28Sep2026 01:52:20.015] [Render thread/WARN] [net.minecraft.client.sounds.SoundEngine/]: Missing sound for event: minecraft:entity.villager.work_mason
[28Sep2026 01:52:20.015] [Render thread/WARN] [net.minecraft.client.sounds.SoundEngine/]: Missing sound for event: minecraft:entity.villager.work_shepherd
[28Sep2026 01:52:20.015] [Render thread/WARN] [net.minecraft.client.sounds.SoundEngine/]: Missing sound for event: minecraft:entity.villager.work_toolsmith
[28Sep2026 01:52:20.015] [Render thread/WARN] [net.minecraft.client.sounds.SoundEngine/]: Missing sound for event: minecraft:entity.villager.work_weaponsmith
[28Sep2026 01:52:20.015] [Render thread/WARN] [net.minecraft.client.sounds.SoundEngine/]: Missing sound for event: minecraft:entity.vindicator.ambient
[28Sep2026 01:52:20.015] [Render thread/WARN] [net.minecraft.client.sounds.SoundEngine/]: Missing sound for event: minecraft:entity.vindicator.celebrate
[28Sep2026 01:52:20.015] [Render thread/WARN] [net.minecraft.client.sounds.SoundEngine/]: Missing sound for event: minecraft:entity.vindicator.death
[28Sep2026 01:52:20.015] [Render thread/WARN] [net.minecraft.client.sounds.SoundEngine/]: Missing sound for event: minecraft:entity.vindicator.hurt
[28Sep2026 01:52:20.015] [Render thread/WARN] [net.minecraft.client.sounds.SoundEngine/]: Missing sound for event: minecraft:block.vine.break
[28Sep2026 01:52:20.015] [Render thread/WARN] [net.minecraft.client.sounds.SoundEngine/]: Missing sound for event: minecraft:block.vine.fall
[28Sep2026 01:52:20.015] [Render thread/WARN] [net.minecraft.client.sounds.SoundEngine/]: Missing sound for event: minecraft:block.vine.hit
[28Sep2026 01:52:20.015] [Render thread/WARN] [net.minecraft.client.sounds.SoundEngine/]: Missing sound for event: minecraft:block.vine.place
[28Sep2026 01:52:20.015] [Render thread/WARN] [net.minecraft.client.sounds.SoundEngine/]: Missing sound for event: minecraft:block.vine.step
[28Sep2026 01:52:20.015] [Render thread/WARN] [net.minecraft.client.sounds.SoundEngine/]: Missing sound for event: minecraft:block.lily_pad.place
[28Sep2026 01:52:20.015] [Render thread/WARN] [net.minecraft.client.sounds.SoundEngine/]: Missing sound for event: minecraft:entity.wandering_trader.ambient
[28Sep2026 01:52:20.015] [Render thread/WARN] [net.minecraft.client.sounds.SoundEngine/]: Missing sound for event: minecraft:entity.wandering_trader.death
[28Sep2026 01:52:20.015] [Render thread/WARN] [net.minecraft.client.sounds.SoundEngine/]: Missing sound for event: minecraft:entity.wandering_trader.disappeared
[28Sep2026 01:52:20.015] [Render thread/WARN] [net.minecraft.client.sounds.SoundEngine/]: Missing sound for event: minecraft:entity.wandering_trader.drink_milk
[28Sep2026 01:52:20.015] [Render thread/WARN] [net.minecraft.client.sounds.SoundEngine/]: Missing sound for event: minecraft:entity.wandering_trader.drink_potion
[28Sep2026 01:52:20.015] [Render thread/WARN] [net.minecraft.client.sounds.SoundEngine/]: Missing sound for event: minecraft:entity.wandering_trader.hurt
[28Sep2026 01:52:20.015] [Render thread/WARN] [net.minecraft.client.sounds.SoundEngine/]: Missing sound for event: minecraft:entity.wandering_trader.no
[28Sep2026 01:52:20.015] [Render thread/WARN] [net.minecraft.client.sounds.SoundEngine/]: Missing sound for event: minecraft:entity.wandering_trader.reappeared
[28Sep2026 01:52:20.015] [Render thread/WARN] [net.minecraft.client.sounds.SoundEngine/]: Missing sound for event: minecraft:entity.wandering_trader.trade
[28Sep2026 01:52:20.015] [Render thread/WARN] [net.minecraft.client.sounds.SoundEngine/]: Missing sound for event: minecraft:entity.wandering_trader.yes
[28Sep2026 01:52:20.015] [Render thread/WARN] [net.minecraft.client.sounds.SoundEngine/]: Missing sound for event: minecraft:entity.warden.agitated
[28Sep2026 01:52:20.015] [Render thread/WARN] [net.minecraft.client.sounds.SoundEngine/]: Missing sound for event: minecraft:entity.warden.ambient
[28Sep2026 01:52:20.015] [Render thread/WARN] [net.minecraft.client.sounds.SoundEngine/]: Missing sound for event: minecraft:entity.warden.angry
[28Sep2026 01:52:20.015] [Render thread/WARN] [net.minecraft.client.sounds.SoundEngine/]: Missing sound for event: minecraft:entity.warden.attack_impact
[28Sep2026 01:52:20.016] [Render thread/WARN] [net.minecraft.client.sounds.SoundEngine/]: Missing sound for event: minecraft:entity.warden.death
[28Sep2026 01:52:20.016] [Render thread/WARN] [net.minecraft.client.sounds.SoundEngine/]: Missing sound for event: minecraft:entity.warden.dig
[28Sep2026 01:52:20.016] [Render thread/WARN] [net.minecraft.client.sounds.SoundEngine/]: Missing sound for event: minecraft:entity.warden.emerge
[28Sep2026 01:52:20.016] [Render thread/WARN] [net.minecraft.client.sounds.SoundEngine/]: Missing sound for event: minecraft:entity.warden.heartbeat
[28Sep2026 01:52:20.016] [Render thread/WARN] [net.minecraft.client.sounds.SoundEngine/]: Missing sound for event: minecraft:entity.warden.hurt
[28Sep2026 01:52:20.016] [Render thread/WARN] [net.minecraft.client.sounds.SoundEngine/]: Missing sound for event: minecraft:entity.warden.listening
[28Sep2026 01:52:20.016] [Render thread/WARN] [net.minecraft.client.sounds.SoundEngine/]: Missing sound for event: minecraft:entity.warden.listening_angry
[28Sep2026 01:52:20.016] [Render thread/WARN] [net.minecraft.client.sounds.SoundEngine/]: Missing sound for event: minecraft:entity.warden.nearby_close
[28Sep2026 01:52:20.016] [Render thread/WARN] [net.minecraft.client.sounds.SoundEngine/]: Missing sound for event: minecraft:entity.warden.nearby_closer
[28Sep2026 01:52:20.016] [Render thread/WARN] [net.minecraft.client.sounds.SoundEngine/]: Missing sound for event: minecraft:entity.warden.nearby_closest
[28Sep2026 01:52:20.016] [Render thread/WARN] [net.minecraft.client.sounds.SoundEngine/]: Missing sound for event: minecraft:entity.warden.roar
[28Sep2026 01:52:20.016] [Render thread/WARN] [net.minecraft.client.sounds.SoundEngine/]: Missing sound for event: minecraft:entity.warden.sniff
[28Sep2026 01:52:20.016] [Render thread/WARN] [net.minecraft.client.sounds.SoundEngine/]: Missing sound for event: minecraft:entity.warden.sonic_boom
[28Sep2026 01:52:20.016] [Render thread/WARN] [net.minecraft.client.sounds.SoundEngine/]: Missing sound for event: minecraft:entity.warden.sonic_charge
[28Sep2026 01:52:20.016] [Render thread/WARN] [net.minecraft.client.sounds.SoundEngine/]: Missing sound for event: minecraft:entity.warden.step
[28Sep2026 01:52:20.016] [Render thread/WARN] [net.minecraft.client.sounds.SoundEngine/]: Missing sound for event: minecraft:entity.warden.tendril_clicks
[28Sep2026 01:52:20.016] [Render thread/WARN] [net.minecraft.client.sounds.SoundEngine/]: Missing sound for event: minecraft:block.hanging_sign.waxed_interact_fail
[28Sep2026 01:52:20.016] [Render thread/WARN] [net.minecraft.client.sounds.SoundEngine/]: Missing sound for event: minecraft:block.sign.waxed_interact_fail
[28Sep2026 01:52:20.016] [Render thread/WARN] [net.minecraft.client.sounds.SoundEngine/]: Missing sound for event: minecraft:block.water.ambient
[28Sep2026 01:52:20.016] [Render thread/WARN] [net.minecraft.client.sounds.SoundEngine/]: Missing sound for event: minecraft:weather.end_flash
[28Sep2026 01:52:20.016] [Render thread/WARN] [net.minecraft.client.sounds.SoundEngine/]: Missing sound for event: minecraft:weather.rain
[28Sep2026 01:52:20.016] [Render thread/WARN] [net.minecraft.client.sounds.SoundEngine/]: Missing sound for event: minecraft:weather.rain.above
[28Sep2026 01:52:20.016] [Render thread/WARN] [net.minecraft.client.sounds.SoundEngine/]: Missing sound for event: minecraft:block.wet_grass.break
[28Sep2026 01:52:20.016] [Render thread/WARN] [net.minecraft.client.sounds.SoundEngine/]: Missing sound for event: minecraft:block.wet_grass.fall
[28Sep2026 01:52:20.016] [Render thread/WARN] [net.minecraft.client.sounds.SoundEngine/]: Missing sound for event: minecraft:block.wet_grass.hit
[28Sep2026 01:52:20.016] [Render thread/WARN] [net.minecraft.client.sounds.SoundEngine/]: Missing sound for event: minecraft:block.wet_grass.place
[28Sep2026 01:52:20.016] [Render thread/WARN] [net.minecraft.client.sounds.SoundEngine/]: Missing sound for event: minecraft:block.wet_grass.step
[28Sep2026 01:52:20.016] [Render thread/WARN] [net.minecraft.client.sounds.SoundEngine/]: Missing sound for event: minecraft:block.wet_sponge.break
[28Sep2026 01:52:20.016] [Render thread/WARN] [net.minecraft.client.sounds.SoundEngine/]: Missing sound for event: minecraft:block.wet_sponge.dries
[28Sep2026 01:52:20.016] [Render thread/WARN] [net.minecraft.client.sounds.SoundEngine/]: Missing sound for event: minecraft:block.wet_sponge.fall
[28Sep2026 01:52:20.016] [Render thread/WARN] [net.minecraft.client.sounds.SoundEngine/]: Missing sound for event: minecraft:block.wet_sponge.hit
[28Sep2026 01:52:20.016] [Render thread/WARN] [net.minecraft.client.sounds.SoundEngine/]: Missing sound for event: minecraft:block.wet_sponge.place
[28Sep2026 01:52:20.016] [Render thread/WARN] [net.minecraft.client.sounds.SoundEngine/]: Missing sound for event: minecraft:block.wet_sponge.step
[28Sep2026 01:52:20.016] [Render thread/WARN] [net.minecraft.client.sounds.SoundEngine/]: Missing sound for event: minecraft:entity.wind_charge.wind_burst
[28Sep2026 01:52:20.016] [Render thread/WARN] [net.minecraft.client.sounds.SoundEngine/]: Missing sound for event: minecraft:entity.wind_charge.throw
[28Sep2026 01:52:20.016] [Render thread/WARN] [net.minecraft.client.sounds.SoundEngine/]: Missing sound for event: minecraft:entity.witch.ambient
[28Sep2026 01:52:20.016] [Render thread/WARN] [net.minecraft.client.sounds.SoundEngine/]: Missing sound for event: minecraft:entity.witch.celebrate
[28Sep2026 01:52:20.016] [Render thread/WARN] [net.minecraft.client.sounds.SoundEngine/]: Missing sound for event: minecraft:entity.witch.death
[28Sep2026 01:52:20.016] [Render thread/WARN] [net.minecraft.client.sounds.SoundEngine/]: Missing sound for event: minecraft:entity.witch.drink
[28Sep2026 01:52:20.016] [Render thread/WARN] [net.minecraft.client.sounds.SoundEngine/]: Missing sound for event: minecraft:entity.witch.hurt
[28Sep2026 01:52:20.016] [Render thread/WARN] [net.minecraft.client.sounds.SoundEngine/]: Missing sound for event: minecraft:entity.witch.throw
[28Sep2026 01:52:20.016] [Render thread/WARN] [net.minecraft.client.sounds.SoundEngine/]: Missing sound for event: minecraft:entity.wither.ambient
[28Sep2026 01:52:20.016] [Render thread/WARN] [net.minecraft.client.sounds.SoundEngine/]: Missing sound for event: minecraft:entity.wither.break_block
[28Sep2026 01:52:20.016] [Render thread/WARN] [net.minecraft.client.sounds.SoundEngine/]: Missing sound for event: minecraft:entity.wither.death
[28Sep2026 01:52:20.016] [Render thread/WARN] [net.minecraft.client.sounds.SoundEngine/]: Missing sound for event: minecraft:entity.wither.hurt
[28Sep2026 01:52:20.016] [Render thread/WARN] [net.minecraft.client.sounds.SoundEngine/]: Missing sound for event: minecraft:entity.wither.shoot
[28Sep2026 01:52:20.016] [Render thread/WARN] [net.minecraft.client.sounds.SoundEngine/]: Missing sound for event: minecraft:entity.wither_skeleton.ambient
[28Sep2026 01:52:20.016] [Render thread/WARN] [net.minecraft.client.sounds.SoundEngine/]: Missing sound for event: minecraft:entity.wither_skeleton.death
[28Sep2026 01:52:20.016] [Render thread/WARN] [net.minecraft.client.sounds.SoundEngine/]: Missing sound for event: minecraft:entity.wither_skeleton.hurt
[28Sep2026 01:52:20.016] [Render thread/WARN] [net.minecraft.client.sounds.SoundEngine/]: Missing sound for event: minecraft:entity.wither_skeleton.step
[28Sep2026 01:52:20.016] [Render thread/WARN] [net.minecraft.client.sounds.SoundEngine/]: Missing sound for event: minecraft:entity.wither.spawn
[28Sep2026 01:52:20.016] [Render thread/WARN] [net.minecraft.client.sounds.SoundEngine/]: Missing sound for event: minecraft:item.wolf_armor.break
[28Sep2026 01:52:20.016] [Render thread/WARN] [net.minecraft.client.sounds.SoundEngine/]: Missing sound for event: minecraft:entity.baby_wolf.ambient
[28Sep2026 01:52:20.016] [Render thread/WARN] [net.minecraft.client.sounds.SoundEngine/]: Missing sound for event: minecraft:item.wolf_armor.crack
[28Sep2026 01:52:20.016] [Render thread/WARN] [net.minecraft.client.sounds.SoundEngine/]: Missing sound for event: minecraft:item.wolf_armor.damage
[28Sep2026 01:52:20.016] [Render thread/WARN] [net.minecraft.client.sounds.SoundEngine/]: Missing sound for event: minecraft:item.wolf_armor.repair
[28Sep2026 01:52:20.016] [Render thread/WARN] [net.minecraft.client.sounds.SoundEngine/]: Missing sound for event: minecraft:entity.baby_wolf.death
[28Sep2026 01:52:20.016] [Render thread/WARN] [net.minecraft.client.sounds.SoundEngine/]: Missing sound for event: minecraft:entity.baby_wolf.growl
[28Sep2026 01:52:20.016] [Render thread/WARN] [net.minecraft.client.sounds.SoundEngine/]: Missing sound for event: minecraft:entity.baby_wolf.hurt
[28Sep2026 01:52:20.016] [Render thread/WARN] [net.minecraft.client.sounds.SoundEngine/]: Missing sound for event: minecraft:entity.baby_wolf.pant
[28Sep2026 01:52:20.016] [Render thread/WARN] [net.minecraft.client.sounds.SoundEngine/]: Missing sound for event: minecraft:entity.wolf.shake
[28Sep2026 01:52:20.016] [Render thread/WARN] [net.minecraft.client.sounds.SoundEngine/]: Missing sound for event: minecraft:entity.wolf.step
[28Sep2026 01:52:20.016] [Render thread/WARN] [net.minecraft.client.sounds.SoundEngine/]: Missing sound for event: minecraft:entity.baby_wolf.step
[28Sep2026 01:52:20.016] [Render thread/WARN] [net.minecraft.client.sounds.SoundEngine/]: Missing sound for event: minecraft:entity.baby_wolf.whine
[28Sep2026 01:52:20.016] [Render thread/WARN] [net.minecraft.client.sounds.SoundEngine/]: Missing sound for event: minecraft:entity.wolf.ambient
[28Sep2026 01:52:20.016] [Render thread/WARN] [net.minecraft.client.sounds.SoundEngine/]: Missing sound for event: minecraft:entity.wolf.death
[28Sep2026 01:52:20.016] [Render thread/WARN] [net.minecraft.client.sounds.SoundEngine/]: Missing sound for event: minecraft:entity.wolf.growl
[28Sep2026 01:52:20.017] [Render thread/WARN] [net.minecraft.client.sounds.SoundEngine/]: Missing sound for event: minecraft:entity.wolf.hurt
[28Sep2026 01:52:20.017] [Render thread/WARN] [net.minecraft.client.sounds.SoundEngine/]: Missing sound for event: minecraft:entity.wolf.pant
[28Sep2026 01:52:20.017] [Render thread/WARN] [net.minecraft.client.sounds.SoundEngine/]: Missing sound for event: minecraft:entity.wolf.whine
[28Sep2026 01:52:20.017] [Render thread/WARN] [net.minecraft.client.sounds.SoundEngine/]: Missing sound for event: minecraft:entity.wolf_puglin.ambient
[28Sep2026 01:52:20.017] [Render thread/WARN] [net.minecraft.client.sounds.SoundEngine/]: Missing sound for event: minecraft:entity.wolf_puglin.death
[28Sep2026 01:52:20.017] [Render thread/WARN] [net.minecraft.client.sounds.SoundEngine/]: Missing sound for event: minecraft:entity.wolf_puglin.growl
[28Sep2026 01:52:20.017] [Render thread/WARN] [net.minecraft.client.sounds.SoundEngine/]: Missing sound for event: minecraft:entity.wolf_puglin.hurt
[28Sep2026 01:52:20.017] [Render thread/WARN] [net.minecraft.client.sounds.SoundEngine/]: Missing sound for event: minecraft:entity.wolf_puglin.pant
[28Sep2026 01:52:20.017] [Render thread/WARN] [net.minecraft.client.sounds.SoundEngine/]: Missing sound for event: minecraft:entity.wolf_puglin.whine
[28Sep2026 01:52:20.017] [Render thread/WARN] [net.minecraft.client.sounds.SoundEngine/]: Missing sound for event: minecraft:entity.wolf_sad.ambient
[28Sep2026 01:52:20.017] [Render thread/WARN] [net.minecraft.client.sounds.SoundEngine/]: Missing sound for event: minecraft:entity.wolf_sad.death
[28Sep2026 01:52:20.017] [Render thread/WARN] [net.minecraft.client.sounds.SoundEngine/]: Missing sound for event: minecraft:entity.wolf_sad.growl
[28Sep2026 01:52:20.017] [Render thread/WARN] [net.minecraft.client.sounds.SoundEngine/]: Missing sound for event: minecraft:entity.wolf_sad.hurt
[28Sep2026 01:52:20.017] [Render thread/WARN] [net.minecraft.client.sounds.SoundEngine/]: Missing sound for event: minecraft:entity.wolf_sad.pant
[28Sep2026 01:52:20.017] [Render thread/WARN] [net.minecraft.client.sounds.SoundEngine/]: Missing sound for event: minecraft:entity.wolf_sad.whine
[28Sep2026 01:52:20.017] [Render thread/WARN] [net.minecraft.client.sounds.SoundEngine/]: Missing sound for event: minecraft:entity.wolf_angry.ambient
[28Sep2026 01:52:20.017] [Render thread/WARN] [net.minecraft.client.sounds.SoundEngine/]: Missing sound for event: minecraft:entity.wolf_angry.death
[28Sep2026 01:52:20.017] [Render thread/WARN] [net.minecraft.client.sounds.SoundEngine/]: Missing sound for event: minecraft:entity.wolf_angry.growl
[28Sep2026 01:52:20.017] [Render thread/WARN] [net.minecraft.client.sounds.SoundEngine/]: Missing sound for event: minecraft:entity.wolf_angry.hurt
[28Sep2026 01:52:20.017] [Render thread/WARN] [net.minecraft.client.sounds.SoundEngine/]: Missing sound for event: minecraft:entity.wolf_angry.pant
[28Sep2026 01:52:20.017] [Render thread/WARN] [net.minecraft.client.sounds.SoundEngine/]: Missing sound for event: minecraft:entity.wolf_angry.whine
[28Sep2026 01:52:20.017] [Render thread/WARN] [net.minecraft.client.sounds.SoundEngine/]: Missing sound for event: minecraft:entity.wolf_grumpy.ambient
[28Sep2026 01:52:20.017] [Render thread/WARN] [net.minecraft.client.sounds.SoundEngine/]: Missing sound for event: minecraft:entity.wolf_grumpy.death
[28Sep2026 01:52:20.017] [Render thread/WARN] [net.minecraft.client.sounds.SoundEngine/]: Missing sound for event: minecraft:entity.wolf_grumpy.growl
[28Sep2026 01:52:20.017] [Render thread/WARN] [net.minecraft.client.sounds.SoundEngine/]: Missing sound for event: minecraft:entity.wolf_grumpy.hurt
[28Sep2026 01:52:20.017] [Render thread/WARN] [net.minecraft.client.sounds.SoundEngine/]: Missing sound for event: minecraft:entity.wolf_grumpy.pant
[28Sep2026 01:52:20.017] [Render thread/WARN] [net.minecraft.client.sounds.SoundEngine/]: Missing sound for event: minecraft:entity.wolf_grumpy.whine
[28Sep2026 01:52:20.017] [Render thread/WARN] [net.minecraft.client.sounds.SoundEngine/]: Missing sound for event: minecraft:entity.wolf_big.ambient
[28Sep2026 01:52:20.017] [Render thread/WARN] [net.minecraft.client.sounds.SoundEngine/]: Missing sound for event: minecraft:entity.wolf_big.death
[28Sep2026 01:52:20.017] [Render thread/WARN] [net.minecraft.client.sounds.SoundEngine/]: Missing sound for event: minecraft:entity.wolf_big.growl
[28Sep2026 01:52:20.017] [Render thread/WARN] [net.minecraft.client.sounds.SoundEngine/]: Missing sound for event: minecraft:entity.wolf_big.hurt
[28Sep2026 01:52:20.017] [Render thread/WARN] [net.minecraft.client.sounds.SoundEngine/]: Missing sound for event: minecraft:entity.wolf_big.pant
[28Sep2026 01:52:20.017] [Render thread/WARN] [net.minecraft.client.sounds.SoundEngine/]: Missing sound for event: minecraft:entity.wolf_big.whine
[28Sep2026 01:52:20.017] [Render thread/WARN] [net.minecraft.client.sounds.SoundEngine/]: Missing sound for event: minecraft:entity.wolf_cute.ambient
[28Sep2026 01:52:20.017] [Render thread/WARN] [net.minecraft.client.sounds.SoundEngine/]: Missing sound for event: minecraft:entity.wolf_cute.death
[28Sep2026 01:52:20.017] [Render thread/WARN] [net.minecraft.client.sounds.SoundEngine/]: Missing sound for event: minecraft:entity.wolf_cute.growl
[28Sep2026 01:52:20.017] [Render thread/WARN] [net.minecraft.client.sounds.SoundEngine/]: Missing sound for event: minecraft:entity.wolf_cute.hurt
[28Sep2026 01:52:20.017] [Render thread/WARN] [net.minecraft.client.sounds.SoundEngine/]: Missing sound for event: minecraft:entity.wolf_cute.pant
[28Sep2026 01:52:20.017] [Render thread/WARN] [net.minecraft.client.sounds.SoundEngine/]: Missing sound for event: minecraft:entity.wolf_cute.whine
[28Sep2026 01:52:20.017] [Render thread/WARN] [net.minecraft.client.sounds.SoundEngine/]: Missing sound for event: minecraft:block.wooden_door.close
[28Sep2026 01:52:20.017] [Render thread/WARN] [net.minecraft.client.sounds.SoundEngine/]: Missing sound for event: minecraft:block.wooden_door.open
[28Sep2026 01:52:20.017] [Render thread/WARN] [net.minecraft.client.sounds.SoundEngine/]: Missing sound for event: minecraft:block.wooden_trapdoor.close
[28Sep2026 01:52:20.017] [Render thread/WARN] [net.minecraft.client.sounds.SoundEngine/]: Missing sound for event: minecraft:block.wooden_trapdoor.open
[28Sep2026 01:52:20.017] [Render thread/WARN] [net.minecraft.client.sounds.SoundEngine/]: Missing sound for event: minecraft:block.wooden_button.click_off
[28Sep2026 01:52:20.017] [Render thread/WARN] [net.minecraft.client.sounds.SoundEngine/]: Missing sound for event: minecraft:block.wooden_button.click_on
[28Sep2026 01:52:20.017] [Render thread/WARN] [net.minecraft.client.sounds.SoundEngine/]: Missing sound for event: minecraft:block.wooden_pressure_plate.click_off
[28Sep2026 01:52:20.017] [Render thread/WARN] [net.minecraft.client.sounds.SoundEngine/]: Missing sound for event: minecraft:block.wooden_pressure_plate.click_on
[28Sep2026 01:52:20.017] [Render thread/WARN] [net.minecraft.client.sounds.SoundEngine/]: Missing sound for event: minecraft:block.wood.break
[28Sep2026 01:52:20.017] [Render thread/WARN] [net.minecraft.client.sounds.SoundEngine/]: Missing sound for event: minecraft:block.wood.fall
[28Sep2026 01:52:20.017] [Render thread/WARN] [net.minecraft.client.sounds.SoundEngine/]: Missing sound for event: minecraft:block.wood.hit
[28Sep2026 01:52:20.017] [Render thread/WARN] [net.minecraft.client.sounds.SoundEngine/]: Missing sound for event: minecraft:block.wood.place
[28Sep2026 01:52:20.017] [Render thread/WARN] [net.minecraft.client.sounds.SoundEngine/]: Missing sound for event: minecraft:block.wood.step
[28Sep2026 01:52:20.017] [Render thread/WARN] [net.minecraft.client.sounds.SoundEngine/]: Missing sound for event: minecraft:block.wool.break
[28Sep2026 01:52:20.017] [Render thread/WARN] [net.minecraft.client.sounds.SoundEngine/]: Missing sound for event: minecraft:block.wool.fall
[28Sep2026 01:52:20.017] [Render thread/WARN] [net.minecraft.client.sounds.SoundEngine/]: Missing sound for event: minecraft:block.wool.hit
[28Sep2026 01:52:20.017] [Render thread/WARN] [net.minecraft.client.sounds.SoundEngine/]: Missing sound for event: minecraft:block.wool.place
[28Sep2026 01:52:20.017] [Render thread/WARN] [net.minecraft.client.sounds.SoundEngine/]: Missing sound for event: minecraft:block.wool.step
[28Sep2026 01:52:20.017] [Render thread/WARN] [net.minecraft.client.sounds.SoundEngine/]: Missing sound for event: minecraft:entity.zoglin.ambient
[28Sep2026 01:52:20.017] [Render thread/WARN] [net.minecraft.client.sounds.SoundEngine/]: Missing sound for event: minecraft:entity.zoglin.angry
[28Sep2026 01:52:20.017] [Render thread/WARN] [net.minecraft.client.sounds.SoundEngine/]: Missing sound for event: minecraft:entity.zoglin.attack
[28Sep2026 01:52:20.017] [Render thread/WARN] [net.minecraft.client.sounds.SoundEngine/]: Missing sound for event: minecraft:entity.zoglin.death
[28Sep2026 01:52:20.017] [Render thread/WARN] [net.minecraft.client.sounds.SoundEngine/]: Missing sound for event: minecraft:entity.zoglin.hurt
[28Sep2026 01:52:20.017] [Render thread/WARN] [net.minecraft.client.sounds.SoundEngine/]: Missing sound for event: minecraft:entity.zoglin.step
[28Sep2026 01:52:20.017] [Render thread/WARN] [net.minecraft.client.sounds.SoundEngine/]: Missing sound for event: minecraft:entity.zombie.ambient
[28Sep2026 01:52:20.017] [Render thread/WARN] [net.minecraft.client.sounds.SoundEngine/]: Missing sound for event: minecraft:entity.zombie.attack_wooden_door
[28Sep2026 01:52:20.017] [Render thread/WARN] [net.minecraft.client.sounds.SoundEngine/]: Missing sound for event: minecraft:entity.zombie.attack_iron_door
[28Sep2026 01:52:20.017] [Render thread/WARN] [net.minecraft.client.sounds.SoundEngine/]: Missing sound for event: minecraft:entity.zombie.break_wooden_door
[28Sep2026 01:52:20.018] [Render thread/WARN] [net.minecraft.client.sounds.SoundEngine/]: Missing sound for event: minecraft:entity.zombie.converted_to_drowned
[28Sep2026 01:52:20.018] [Render thread/WARN] [net.minecraft.client.sounds.SoundEngine/]: Missing sound for event: minecraft:entity.zombie.death
[28Sep2026 01:52:20.018] [Render thread/WARN] [net.minecraft.client.sounds.SoundEngine/]: Missing sound for event: minecraft:entity.zombie.destroy_egg
[28Sep2026 01:52:20.018] [Render thread/WARN] [net.minecraft.client.sounds.SoundEngine/]: Missing sound for event: minecraft:entity.zombie_horse.ambient
[28Sep2026 01:52:20.018] [Render thread/WARN] [net.minecraft.client.sounds.SoundEngine/]: Missing sound for event: minecraft:entity.zombie_horse.angry
[28Sep2026 01:52:20.018] [Render thread/WARN] [net.minecraft.client.sounds.SoundEngine/]: Missing sound for event: minecraft:entity.zombie_horse.death
[28Sep2026 01:52:20.018] [Render thread/WARN] [net.minecraft.client.sounds.SoundEngine/]: Missing sound for event: minecraft:entity.zombie_horse.eat
[28Sep2026 01:52:20.018] [Render thread/WARN] [net.minecraft.client.sounds.SoundEngine/]: Missing sound for event: minecraft:entity.zombie_horse.hurt
[28Sep2026 01:52:20.018] [Render thread/WARN] [net.minecraft.client.sounds.SoundEngine/]: Missing sound for event: minecraft:entity.zombie.hurt
[28Sep2026 01:52:20.018] [Render thread/WARN] [net.minecraft.client.sounds.SoundEngine/]: Missing sound for event: minecraft:entity.zombie.infect
[28Sep2026 01:52:20.018] [Render thread/WARN] [net.minecraft.client.sounds.SoundEngine/]: Missing sound for event: minecraft:entity.zombie_nautilus.ambient
[28Sep2026 01:52:20.018] [Render thread/WARN] [net.minecraft.client.sounds.SoundEngine/]: Missing sound for event: minecraft:entity.zombie_nautilus.ambient_land
[28Sep2026 01:52:20.018] [Render thread/WARN] [net.minecraft.client.sounds.SoundEngine/]: Missing sound for event: minecraft:entity.zombie_nautilus.dash
[28Sep2026 01:52:20.018] [Render thread/WARN] [net.minecraft.client.sounds.SoundEngine/]: Missing sound for event: minecraft:entity.zombie_nautilus.dash_land
[28Sep2026 01:52:20.018] [Render thread/WARN] [net.minecraft.client.sounds.SoundEngine/]: Missing sound for event: minecraft:entity.zombie_nautilus.dash_ready
[28Sep2026 01:52:20.018] [Render thread/WARN] [net.minecraft.client.sounds.SoundEngine/]: Missing sound for event: minecraft:entity.zombie_nautilus.dash_ready_land
[28Sep2026 01:52:20.018] [Render thread/WARN] [net.minecraft.client.sounds.SoundEngine/]: Missing sound for event: minecraft:entity.zombie_nautilus.death
[28Sep2026 01:52:20.018] [Render thread/WARN] [net.minecraft.client.sounds.SoundEngine/]: Missing sound for event: minecraft:entity.zombie_nautilus.death_land
[28Sep2026 01:52:20.018] [Render thread/WARN] [net.minecraft.client.sounds.SoundEngine/]: Missing sound for event: minecraft:entity.zombie_nautilus.eat
[28Sep2026 01:52:20.018] [Render thread/WARN] [net.minecraft.client.sounds.SoundEngine/]: Missing sound for event: minecraft:entity.zombie_nautilus.hurt
[28Sep2026 01:52:20.018] [Render thread/WARN] [net.minecraft.client.sounds.SoundEngine/]: Missing sound for event: minecraft:entity.zombie_nautilus.hurt_land
[28Sep2026 01:52:20.018] [Render thread/WARN] [net.minecraft.client.sounds.SoundEngine/]: Missing sound for event: minecraft:entity.zombie_nautilus.swim
[28Sep2026 01:52:20.018] [Render thread/WARN] [net.minecraft.client.sounds.SoundEngine/]: Missing sound for event: minecraft:entity.zombified_piglin.ambient
[28Sep2026 01:52:20.018] [Render thread/WARN] [net.minecraft.client.sounds.SoundEngine/]: Missing sound for event: minecraft:entity.zombified_piglin.angry
[28Sep2026 01:52:20.018] [Render thread/WARN] [net.minecraft.client.sounds.SoundEngine/]: Missing sound for event: minecraft:entity.zombified_piglin.death
[28Sep2026 01:52:20.018] [Render thread/WARN] [net.minecraft.client.sounds.SoundEngine/]: Missing sound for event: minecraft:entity.zombified_piglin.hurt
[28Sep2026 01:52:20.018] [Render thread/WARN] [net.minecraft.client.sounds.SoundEngine/]: Missing sound for event: minecraft:entity.zombie.step
[28Sep2026 01:52:20.018] [Render thread/WARN] [net.minecraft.client.sounds.SoundEngine/]: Missing sound for event: minecraft:entity.zombie_villager.ambient
[28Sep2026 01:52:20.018] [Render thread/WARN] [net.minecraft.client.sounds.SoundEngine/]: Missing sound for event: minecraft:entity.zombie_villager.converted
[28Sep2026 01:52:20.018] [Render thread/WARN] [net.minecraft.client.sounds.SoundEngine/]: Missing sound for event: minecraft:entity.zombie_villager.cure
[28Sep2026 01:52:20.018] [Render thread/WARN] [net.minecraft.client.sounds.SoundEngine/]: Missing sound for event: minecraft:entity.zombie_villager.death
[28Sep2026 01:52:20.018] [Render thread/WARN] [net.minecraft.client.sounds.SoundEngine/]: Missing sound for event: minecraft:entity.zombie_villager.hurt
[28Sep2026 01:52:20.018] [Render thread/WARN] [net.minecraft.client.sounds.SoundEngine/]: Missing sound for event: minecraft:entity.zombie_villager.step
[28Sep2026 01:52:20.018] [Render thread/WARN] [net.minecraft.client.sounds.SoundEngine/]: Missing sound for event: minecraft:event.mob_effect.bad_omen
[28Sep2026 01:52:20.018] [Render thread/WARN] [net.minecraft.client.sounds.SoundEngine/]: Missing sound for event: minecraft:event.mob_effect.trial_omen
[28Sep2026 01:52:20.018] [Render thread/WARN] [net.minecraft.client.sounds.SoundEngine/]: Missing sound for event: minecraft:event.mob_effect.raid_omen
[28Sep2026 01:52:20.018] [Render thread/WARN] [net.minecraft.client.sounds.SoundEngine/]: Missing sound for event: minecraft:item.saddle.unequip
[28Sep2026 01:52:20.018] [Render thread/WARN] [net.minecraft.client.sounds.SoundEngine/]: Missing sound for event: minecraft:item.nautilus_saddle_underwater_equip
[28Sep2026 01:52:20.018] [Render thread/WARN] [net.minecraft.client.sounds.SoundEngine/]: Missing sound for event: minecraft:item.nautilus_saddle_equip
[28Sep2026 01:52:20.037] [Render thread/ERROR] [net.minecraft.client.sounds.SoundEngine/SOUNDS]: Error starting SoundSystem. Turning off sounds & music
java.lang.IllegalStateException: Failed to open OpenAL device
	at TRANSFORMER/minecraft@26.1.2/com.mojang.blaze3d.audio.Library.openDeviceOrFallback(Library.java:183) ~[minecraft-client-patched-26.1.2.111.jar:?]
	at TRANSFORMER/minecraft@26.1.2/com.mojang.blaze3d.audio.Library.init(Library.java:66) ~[minecraft-client-patched-26.1.2.111.jar:?]
	at TRANSFORMER/minecraft@26.1.2/net.minecraft.client.sounds.SoundEngine.loadLibrary(SoundEngine.java:111) ~[minecraft-client-patched-26.1.2.111.jar:?]
	at TRANSFORMER/minecraft@26.1.2/net.minecraft.client.sounds.SoundEngine.reload(SoundEngine.java:102) ~[minecraft-client-patched-26.1.2.111.jar:?]
	at TRANSFORMER/minecraft@26.1.2/net.minecraft.client.sounds.SoundManager.apply(SoundManager.java:121) ~[minecraft-client-patched-26.1.2.111.jar:?]
	at TRANSFORMER/minecraft@26.1.2/net.minecraft.client.sounds.SoundManager.apply(SoundManager.java:44) ~[minecraft-client-patched-26.1.2.111.jar:?]
	at TRANSFORMER/minecraft@26.1.2/net.minecraft.server.packs.resources.SimplePreparableReloadListener.lambda$reload$1(SimplePreparableReloadListener.java:19) ~[minecraft-client-patched-26.1.2.111.jar:?]
	at java.base/java.util.concurrent.CompletableFuture$UniAccept.tryFire(CompletableFuture.java:739) ~[?:?]
	at java.base/java.util.concurrent.CompletableFuture$Completion.run(CompletableFuture.java:503) ~[?:?]
	at TRANSFORMER/minecraft@26.1.2/net.minecraft.server.packs.resources.SimpleReloadInstance.lambda$prepareTasks$3(SimpleReloadInstance.java:75) ~[minecraft-client-patched-26.1.2.111.jar:?]
	at TRANSFORMER/minecraft@26.1.2/net.minecraft.util.thread.BlockableEventLoop.doRunTask(BlockableEventLoop.java:163) ~[minecraft-client-patched-26.1.2.111.jar:?]
	at TRANSFORMER/minecraft@26.1.2/net.minecraft.util.thread.ReentrantBlockableEventLoop.doRunTask(ReentrantBlockableEventLoop.java:24) ~[minecraft-client-patched-26.1.2.111.jar:?]
	at TRANSFORMER/minecraft@26.1.2/net.minecraft.util.thread.BlockableEventLoop.pollTask(BlockableEventLoop.java:137) ~[minecraft-client-patched-26.1.2.111.jar:?]
	at TRANSFORMER/minecraft@26.1.2/net.minecraft.util.thread.BlockableEventLoop.runAllTasks(BlockableEventLoop.java:121) ~[minecraft-client-patched-26.1.2.111.jar:?]
	at TRANSFORMER/minecraft@26.1.2/net.minecraft.client.Minecraft.runTick(Minecraft.java:1293) [minecraft-client-patched-26.1.2.111.jar:?]
	at TRANSFORMER/minecraft@26.1.2/net.minecraft.client.Minecraft.run(Minecraft.java:937) [minecraft-client-patched-26.1.2.111.jar:?]
	at TRANSFORMER/minecraft@26.1.2/net.minecraft.client.main.Main.main(Main.java:246) [minecraft-client-patched-26.1.2.111.jar:?]
	at net.neoforged.fml.startup.Client.main(Client.java:19) [loader-11.0.15.jar:11.0]
[28Sep2026 01:52:20.040] [Render thread/INFO] [net.minecraft.client.renderer.texture.TextureAtlas/]: Created: 512x256x0 minecraft:textures/atlas/particles.png-atlas
[28Sep2026 01:52:20.113] [Render thread/INFO] [net.minecraft.client.renderer.texture.TextureAtlas/]: Created: 128x128x0 minecraft:textures/atlas/decorated_pot.png-atlas
[28Sep2026 01:52:20.115] [Render thread/INFO] [net.minecraft.client.renderer.texture.TextureAtlas/]: Created: 2048x1024x0 minecraft:textures/atlas/armor_trims.png-atlas
[28Sep2026 01:52:20.134] [Render thread/INFO] [net.minecraft.client.renderer.texture.TextureAtlas/]: Created: 512x256x0 minecraft:textures/atlas/paintings.png-atlas
[28Sep2026 01:52:20.151] [Render thread/INFO] [net.minecraft.client.renderer.texture.TextureAtlas/]: Created: 1024x512x0 minecraft:textures/atlas/shield_patterns.png-atlas
[28Sep2026 01:52:20.153] [Render thread/INFO] [net.minecraft.client.renderer.texture.TextureAtlas/]: Created: 2048x2048x4 minecraft:textures/atlas/blocks.png-atlas
[28Sep2026 01:52:20.323] [Render thread/INFO] [net.minecraft.client.renderer.texture.TextureAtlas/]: Created: 512x512x0 minecraft:textures/atlas/chest.png-atlas
[28Sep2026 01:52:20.323] [Render thread/INFO] [net.minecraft.client.renderer.texture.TextureAtlas/]: Created: 256x128x0 minecraft:textures/atlas/celestials.png-atlas
[28Sep2026 01:52:20.324] [Render thread/INFO] [net.minecraft.client.renderer.texture.TextureAtlas/]: Created: 1024x512x0 minecraft:textures/atlas/banner_patterns.png-atlas
[28Sep2026 01:52:20.325] [Render thread/INFO] [net.minecraft.client.renderer.texture.TextureAtlas/]: Created: 512x512x0 minecraft:textures/atlas/beds.png-atlas
[28Sep2026 01:52:20.325] [Render thread/INFO] [net.minecraft.client.renderer.texture.TextureAtlas/]: Created: 1024x512x0 minecraft:textures/atlas/items.png-atlas
[28Sep2026 01:52:20.337] [Render thread/INFO] [net.minecraft.client.renderer.texture.TextureAtlas/]: Created: 1024x1024x0 minecraft:textures/atlas/gui.png-atlas
[28Sep2026 01:52:20.347] [Render thread/INFO] [net.minecraft.client.renderer.texture.TextureAtlas/]: Created: 128x64x0 minecraft:textures/atlas/map_decorations.png-atlas
[28Sep2026 01:52:20.349] [Render thread/INFO] [net.minecraft.client.renderer.texture.TextureAtlas/]: Created: 512x256x0 minecraft:textures/atlas/signs.png-atlas
[28Sep2026 01:52:20.350] [Render thread/INFO] [net.minecraft.client.renderer.texture.TextureAtlas/]: Created: 512x512x0 minecraft:textures/atlas/shulker_boxes.png-atlas
[28Sep2026 01:52:20.365] [Render thread/INFO] [net.neoforged.neoforge.client.entity.animation.json.AnimationLoader/]: Loaded 0 entity animations
[28Sep2026 01:52:20.511] [Render thread/INFO] [net.minecraft.client.Minecraft/]: Waiting for overlay to disappear...
[28Sep2026 01:52:20.511] [Render thread/INFO] [net.minecraft.client.Minecraft/]: Waiting for player to load...
[28Sep2026 01:52:20.535] [Render thread/INFO] [net.minecraft.client.Minecraft/]: Waiting for overlay to disappear...
[28Sep2026 01:52:20.535] [Render thread/INFO] [net.minecraft.client.Minecraft/]: Waiting for player to load...
[28Sep2026 01:52:20.536] [Render thread/INFO] [net.minecraft.client.Minecraft/]: Waiting for overlay to disappear...
[28Sep2026 01:52:20.536] [Render thread/INFO] [net.minecraft.client.Minecraft/]: Waiting for player to load...
[28Sep2026 01:52:20.536] [Render thread/INFO] [net.minecraft.client.Minecraft/]: Waiting for overlay to disappear...
[28Sep2026 01:52:20.536] [Render thread/INFO] [net.minecraft.client.Minecraft/]: Waiting for player to load...
[28Sep2026 01:52:20.536] [Render thread/INFO] [net.minecraft.client.Minecraft/]: Waiting for overlay to disappear...
[28Sep2026 01:52:20.536] [Render thread/INFO] [net.minecraft.client.Minecraft/]: Waiting for player to load...
[28Sep2026 01:52:20.536] [Render thread/INFO] [net.minecraft.client.Minecraft/]: Waiting for overlay to disappear...
[28Sep2026 01:52:20.536] [Render thread/INFO] [net.minecraft.client.Minecraft/]: Waiting for player to load...
[28Sep2026 01:52:20.536] [Render thread/INFO] [net.minecraft.client.Minecraft/]: Waiting for overlay to disappear...
[28Sep2026 01:52:20.536] [Render thread/INFO] [net.minecraft.client.Minecraft/]: Waiting for player to load...
[28Sep2026 01:52:20.536] [Render thread/INFO] [net.minecraft.client.Minecraft/]: Waiting for overlay to disappear...
[28Sep2026 01:52:20.536] [Render thread/INFO] [net.minecraft.client.Minecraft/]: Waiting for player to load...
[28Sep2026 01:52:20.536] [Render thread/INFO] [net.minecraft.client.Minecraft/]: Waiting for overlay to disappear...
[28Sep2026 01:52:20.536] [Render thread/INFO] [net.minecraft.client.Minecraft/]: Waiting for player to load...
[28Sep2026 01:52:20.536] [Render thread/INFO] [net.minecraft.client.Minecraft/]: Waiting for overlay to disappear...
[28Sep2026 01:52:20.536] [Render thread/INFO] [net.minecraft.client.Minecraft/]: Waiting for player to load...
[28Sep2026 01:52:20.536] [Render thread/INFO] [net.minecraft.client.Minecraft/]: Waiting for overlay to disappear...
[28Sep2026 01:52:20.536] [Render thread/INFO] [net.minecraft.client.Minecraft/]: Waiting for player to load...
[28Sep2026 01:52:20.551] [IO-Worker-1/INFO] [com.mojang.realmsclient.client.RealmsClient/]: Could not authorize you against Realms server: javax.ws.rs.BadRequestException: Invalid session
[28Sep2026 01:52:20.551] [IO-Worker-1/ERROR] [com.mojang.realmsclient.RealmsAvailability/]: Couldn't connect to realms
com.mojang.realmsclient.exception.RealmsServiceException: Realms authentication error with message 'javax.ws.rs.BadRequestException: Invalid session'
	at TRANSFORMER/minecraft@26.1.2/com.mojang.realmsclient.client.RealmsClient.execute(RealmsClient.java:513) ~[minecraft-client-patched-26.1.2.111.jar:?]
	at TRANSFORMER/minecraft@26.1.2/com.mojang.realmsclient.client.RealmsClient.clientCompatible(RealmsClient.java:283) ~[minecraft-client-patched-26.1.2.111.jar:?]
	at TRANSFORMER/minecraft@26.1.2/com.mojang.realmsclient.RealmsAvailability.lambda$check$0(RealmsAvailability.java:50) [minecraft-client-patched-26.1.2.111.jar:?]
	at java.base/java.util.concurrent.CompletableFuture$AsyncSupply.run(CompletableFuture.java:1789) [?:?]
	at java.base/java.util.concurrent.ThreadPoolExecutor.runWorker(ThreadPoolExecutor.java:1090) [?:?]
	at java.base/java.util.concurrent.ThreadPoolExecutor$Worker.run(ThreadPoolExecutor.java:614) [?:?]
	at java.base/java.lang.Thread.run(Thread.java:1474) [?:?]
[28Sep2026 01:52:20.585] [Render thread/INFO] [net.minecraft.client.Minecraft/]: Waiting for overlay to disappear...
[28Sep2026 01:52:20.585] [Render thread/INFO] [net.minecraft.client.Minecraft/]: Waiting for player to load...
[28Sep2026 01:52:20.634] [Render thread/INFO] [net.minecraft.client.Minecraft/]: Waiting for overlay to disappear...
[28Sep2026 01:52:20.634] [Render thread/INFO] [net.minecraft.client.Minecraft/]: Waiting for player to load...
[28Sep2026 01:52:20.684] [Render thread/INFO] [net.minecraft.client.Minecraft/]: Waiting for overlay to disappear...
[28Sep2026 01:52:20.684] [Render thread/INFO] [net.minecraft.client.Minecraft/]: Waiting for player to load...
[28Sep2026 01:52:20.734] [Render thread/INFO] [net.minecraft.client.Minecraft/]: Waiting for overlay to disappear...
[28Sep2026 01:52:20.734] [Render thread/INFO] [net.minecraft.client.Minecraft/]: Waiting for player to load...
[28Sep2026 01:52:20.784] [Render thread/INFO] [net.minecraft.client.Minecraft/]: Waiting for overlay to disappear...
[28Sep2026 01:52:20.784] [Render thread/INFO] [net.minecraft.client.Minecraft/]: Waiting for player to load...
[28Sep2026 01:52:20.834] [Render thread/INFO] [net.minecraft.client.Minecraft/]: Waiting for overlay to disappear...
[28Sep2026 01:52:20.834] [Render thread/INFO] [net.minecraft.client.Minecraft/]: Waiting for player to load...
[28Sep2026 01:52:20.884] [Render thread/INFO] [net.minecraft.client.Minecraft/]: Waiting for overlay to disappear...
[28Sep2026 01:52:20.884] [Render thread/INFO] [net.minecraft.client.Minecraft/]: Waiting for player to load...
[28Sep2026 01:52:20.934] [Render thread/INFO] [net.minecraft.client.Minecraft/]: Waiting for overlay to disappear...
[28Sep2026 01:52:20.934] [Render thread/INFO] [net.minecraft.client.Minecraft/]: Waiting for player to load...
[28Sep2026 01:52:20.983] [Render thread/INFO] [net.minecraft.client.Minecraft/]: Waiting for overlay to disappear...
[28Sep2026 01:52:20.984] [Render thread/INFO] [net.minecraft.client.Minecraft/]: Waiting for player to load...
[28Sep2026 01:52:21.034] [Render thread/INFO] [net.minecraft.client.Minecraft/]: Waiting for overlay to disappear...
[28Sep2026 01:52:21.034] [Render thread/INFO] [net.minecraft.client.Minecraft/]: Waiting for player to load...
[28Sep2026 01:52:21.083] [Render thread/INFO] [net.minecraft.client.Minecraft/]: Waiting for overlay to disappear...
[28Sep2026 01:52:21.084] [Render thread/INFO] [net.minecraft.client.Minecraft/]: Waiting for player to load...
[28Sep2026 01:52:21.134] [Render thread/INFO] [net.minecraft.client.Minecraft/]: Waiting for overlay to disappear...
[28Sep2026 01:52:21.134] [Render thread/INFO] [net.minecraft.client.Minecraft/]: Waiting for player to load...
[28Sep2026 01:52:21.184] [Render thread/INFO] [net.minecraft.client.Minecraft/]: Waiting for overlay to disappear...
[28Sep2026 01:52:21.184] [Render thread/INFO] [net.minecraft.client.Minecraft/]: Waiting for player to load...
[28Sep2026 01:52:21.234] [Render thread/INFO] [net.minecraft.client.Minecraft/]: Waiting for overlay to disappear...
[28Sep2026 01:52:21.234] [Render thread/INFO] [net.minecraft.client.Minecraft/]: Waiting for player to load...
[28Sep2026 01:52:21.283] [Render thread/INFO] [net.minecraft.client.Minecraft/]: Waiting for overlay to disappear...
[28Sep2026 01:52:21.283] [Render thread/INFO] [net.minecraft.client.Minecraft/]: Waiting for player to load...
[28Sep2026 01:52:21.334] [Render thread/INFO] [net.minecraft.client.Minecraft/]: Waiting for overlay to disappear...
[28Sep2026 01:52:21.334] [Render thread/INFO] [net.minecraft.client.Minecraft/]: Waiting for player to load...
[28Sep2026 01:52:21.383] [Render thread/INFO] [net.minecraft.client.Minecraft/]: Waiting for overlay to disappear...
[28Sep2026 01:52:21.384] [Render thread/INFO] [net.minecraft.client.Minecraft/]: Waiting for player to load...
[28Sep2026 01:52:21.434] [Render thread/INFO] [net.minecraft.client.Minecraft/]: Waiting for overlay to disappear...
[28Sep2026 01:52:21.434] [Render thread/INFO] [net.minecraft.client.Minecraft/]: Waiting for player to load...
[28Sep2026 01:52:21.483] [Render thread/INFO] [net.minecraft.client.Minecraft/]: Waiting for overlay to disappear...
[28Sep2026 01:52:21.484] [Render thread/INFO] [net.minecraft.client.Minecraft/]: Waiting for player to load...
[28Sep2026 01:52:21.625] [Render thread/INFO] [net.minecraft.client.Minecraft/]: Waiting for overlay to disappear...
[28Sep2026 01:52:21.625] [Render thread/INFO] [net.minecraft.client.Minecraft/]: Waiting for player to load...
[28Sep2026 01:52:21.626] [Render thread/INFO] [net.minecraft.client.Minecraft/]: Waiting for overlay to disappear...
[28Sep2026 01:52:21.626] [Render thread/INFO] [net.minecraft.client.Minecraft/]: Waiting for player to load...
[28Sep2026 01:52:21.642] [Render thread/INFO] [net.minecraft.client.Minecraft/]: Waiting for overlay to disappear...
[28Sep2026 01:52:21.642] [Render thread/INFO] [net.minecraft.client.Minecraft/]: Waiting for player to load...
[28Sep2026 01:52:21.692] [Render thread/INFO] [net.minecraft.client.Minecraft/]: Waiting for overlay to disappear...
[28Sep2026 01:52:21.692] [Render thread/INFO] [net.minecraft.client.Minecraft/]: Waiting for player to load...
[28Sep2026 01:52:21.742] [Render thread/INFO] [net.minecraft.client.Minecraft/]: Waiting for overlay to disappear...
[28Sep2026 01:52:21.742] [Render thread/INFO] [net.minecraft.client.Minecraft/]: Waiting for player to load...
[28Sep2026 01:52:21.792] [Render thread/INFO] [net.minecraft.client.Minecraft/]: Waiting for overlay to disappear...
[28Sep2026 01:52:21.792] [Render thread/INFO] [net.minecraft.client.Minecraft/]: Waiting for player to load...
[28Sep2026 01:52:21.842] [Render thread/INFO] [net.minecraft.client.Minecraft/]: Waiting for overlay to disappear...
[28Sep2026 01:52:21.842] [Render thread/INFO] [net.minecraft.client.Minecraft/]: Waiting for player to load...
[28Sep2026 01:52:21.893] [Render thread/INFO] [net.minecraft.client.Minecraft/]: Waiting for overlay to disappear...
[28Sep2026 01:52:21.893] [Render thread/INFO] [net.minecraft.client.Minecraft/]: Waiting for player to load...
[28Sep2026 01:52:21.941] [Render thread/INFO] [net.minecraft.client.Minecraft/]: Waiting for overlay to disappear...
[28Sep2026 01:52:21.942] [Render thread/INFO] [net.minecraft.client.Minecraft/]: Waiting for player to load...
[28Sep2026 01:52:21.992] [Render thread/INFO] [net.minecraft.client.Minecraft/]: Waiting for overlay to disappear...
[28Sep2026 01:52:21.992] [Render thread/INFO] [net.minecraft.client.Minecraft/]: Waiting for player to load...
[28Sep2026 01:52:22.041] [Render thread/INFO] [net.minecraft.client.Minecraft/]: Waiting for overlay to disappear...
[28Sep2026 01:52:22.041] [Render thread/INFO] [net.minecraft.client.Minecraft/]: Waiting for player to load...
[28Sep2026 01:52:22.092] [Render thread/INFO] [net.minecraft.client.Minecraft/]: Waiting for overlay to disappear...
[28Sep2026 01:52:22.092] [Render thread/INFO] [net.minecraft.client.Minecraft/]: Waiting for player to load...
[28Sep2026 01:52:22.142] [Render thread/INFO] [net.minecraft.client.Minecraft/]: Waiting for overlay to disappear...
[28Sep2026 01:52:22.142] [Render thread/INFO] [net.minecraft.client.Minecraft/]: Waiting for player to load...
[28Sep2026 01:52:22.192] [Render thread/INFO] [net.minecraft.client.Minecraft/]: Waiting for overlay to disappear...
[28Sep2026 01:52:22.192] [Render thread/INFO] [net.minecraft.client.Minecraft/]: Waiting for player to load...
[28Sep2026 01:52:22.241] [Render thread/INFO] [net.minecraft.client.Minecraft/]: Waiting for overlay to disappear...
[28Sep2026 01:52:22.242] [Render thread/INFO] [net.minecraft.client.Minecraft/]: Waiting for player to load...
[28Sep2026 01:52:22.292] [Render thread/INFO] [net.minecraft.client.Minecraft/]: Waiting for overlay to disappear...
[28Sep2026 01:52:22.292] [Render thread/INFO] [net.minecraft.client.Minecraft/]: Waiting for player to load...
[28Sep2026 01:52:22.342] [Render thread/INFO] [net.minecraft.client.Minecraft/]: Waiting for overlay to disappear...
[28Sep2026 01:52:22.342] [Render thread/INFO] [net.minecraft.client.Minecraft/]: Waiting for player to load...
[28Sep2026 01:52:22.392] [Render thread/INFO] [net.minecraft.client.Minecraft/]: Waiting for overlay to disappear...
[28Sep2026 01:52:22.392] [Render thread/INFO] [net.minecraft.client.Minecraft/]: Waiting for player to load...
[28Sep2026 01:52:22.442] [Render thread/INFO] [net.minecraft.client.Minecraft/]: Waiting for overlay to disappear...
[28Sep2026 01:52:22.442] [Render thread/INFO] [net.minecraft.client.Minecraft/]: Waiting for player to load...
[28Sep2026 01:52:22.492] [Render thread/INFO] [net.minecraft.client.Minecraft/]: Waiting for overlay to disappear...
[28Sep2026 01:52:22.492] [Render thread/INFO] [net.minecraft.client.Minecraft/]: Waiting for player to load...
[28Sep2026 01:52:24.509] [Render thread/INFO] [net.minecraft.world.item.crafting.RecipeManager/]: Loaded 1515 recipes
[28Sep2026 01:52:24.519] [Render thread/INFO] [net.minecraft.advancements.AdvancementTree/]: Loaded 1617 advancements
[28Sep2026 01:52:24.521] [Render thread/INFO] [net.neoforged.neoforge.common.crafting.RecipePriorityManager/]: Loaded 0 recipe priority overrides
[28Sep2026 01:52:24.561] [Render thread/INFO] [net.minecraft.client.Minecraft/]: Waiting for player to load...
[28Sep2026 01:52:25.158] [Server thread/INFO] [net.minecraft.client.server.IntegratedServer/]: Starting integrated minecraft server version 26.1.2
[28Sep2026 01:52:25.158] [Server thread/INFO] [net.minecraft.server.MinecraftServer/]: Generating keypair
[28Sep2026 01:52:25.645] [Server thread/INFO] [net.minecraft.server.level.progress.LoggingLevelLoadListener/]: Selecting global world spawn...
[28Sep2026 01:52:30.208] [Server thread/INFO] [net.minecraft.server.level.progress.LoggingLevelLoadListener/]: Loading 0 persistent chunks...
[28Sep2026 01:52:30.209] [Server thread/INFO] [net.minecraft.server.level.progress.LoggingLevelLoadListener/]: Preparing spawn area: 16%
[28Sep2026 01:52:30.210] [Server thread/INFO] [net.minecraft.server.MinecraftServer/]: Saving chunks for level 'ServerLevel[New World]'/minecraft:overworld
[28Sep2026 01:52:30.290] [Server thread/INFO] [net.minecraft.server.MinecraftServer/]: Saving chunks for level 'ServerLevel[New World]'/minecraft:the_nether
[28Sep2026 01:52:30.295] [Server thread/INFO] [net.minecraft.server.MinecraftServer/]: Saving chunks for level 'ServerLevel[New World]'/minecraft:the_end
[28Sep2026 01:52:30.321] [Server thread/INFO] [net.minecraft.server.MinecraftServer/]: ThreadedAnvilChunkStorage (world): All chunks are saved
[28Sep2026 01:52:30.321] [Server thread/INFO] [net.minecraft.server.MinecraftServer/]: ThreadedAnvilChunkStorage (DIM-1): All chunks are saved
[28Sep2026 01:52:30.321] [Server thread/INFO] [net.minecraft.server.MinecraftServer/]: ThreadedAnvilChunkStorage (DIM1): All chunks are saved
[28Sep2026 01:52:30.321] [Server thread/INFO] [net.minecraft.server.MinecraftServer/]: ThreadedAnvilChunkStorage: All dimensions are saved
[28Sep2026 01:52:30.323] [Server thread/INFO] [net.neoforged.neoforge.server.permission.PermissionAPI/]: Successfully initialized permission handler neoforge:default_handler
[28Sep2026 01:52:30.503] [Render thread/INFO] [net.minecraft.client.Minecraft/]: Waiting for player to load...
[28Sep2026 01:52:30.550] [Render thread/INFO] [net.minecraft.client.Minecraft/]: Waiting for player to load...
[28Sep2026 01:52:30.552] [Render thread/INFO] [net.minecraft.client.Minecraft/]: Waiting for player to load...
[28Sep2026 01:52:30.553] [Render thread/INFO] [net.minecraft.client.Minecraft/]: Waiting for player to load...
[28Sep2026 01:52:30.553] [Render thread/INFO] [net.minecraft.client.Minecraft/]: Waiting for player to load...
[28Sep2026 01:52:30.553] [Render thread/INFO] [net.minecraft.client.Minecraft/]: Waiting for player to load...
[28Sep2026 01:52:30.553] [Render thread/INFO] [net.minecraft.client.Minecraft/]: Waiting for player to load...
[28Sep2026 01:52:30.553] [Render thread/INFO] [net.minecraft.client.Minecraft/]: Waiting for player to load...
[28Sep2026 01:52:30.553] [Render thread/INFO] [net.minecraft.client.Minecraft/]: Waiting for player to load...
[28Sep2026 01:52:30.553] [Render thread/INFO] [net.minecraft.client.Minecraft/]: Waiting for player to load...
[28Sep2026 01:52:30.553] [Render thread/INFO] [net.minecraft.client.Minecraft/]: Waiting for player to load...
[28Sep2026 01:52:30.591] [Render thread/INFO] [net.minecraft.client.Minecraft/]: Waiting for player to load...
[28Sep2026 01:52:30.634] [Render thread/INFO] [net.minecraft.client.Minecraft/]: Waiting for player to load...
[28Sep2026 01:52:30.725] [Render thread/INFO] [net.minecraft.client.Minecraft/]: Waiting for player to load...
[28Sep2026 01:52:30.776] [Render thread/INFO] [net.minecraft.client.Minecraft/]: Waiting for player to load...
[28Sep2026 01:52:30.831] [Render thread/INFO] [net.minecraft.client.Minecraft/]: Waiting for player to load...
[28Sep2026 01:52:30.832] [Render thread/INFO] [net.minecraft.client.Minecraft/]: Waiting for player to load...
[28Sep2026 01:52:30.944] [Render thread/INFO] [net.minecraft.client.Minecraft/]: Waiting for player to load...
[28Sep2026 01:52:30.945] [Render thread/INFO] [net.minecraft.client.Minecraft/]: Waiting for player to load...
[28Sep2026 01:52:31.023] [Render thread/INFO] [net.minecraft.client.Minecraft/]: Waiting for player to load...
[28Sep2026 01:52:31.102] [Render thread/INFO] [net.minecraft.client.Minecraft/]: Waiting for player to load...
[28Sep2026 01:52:31.103] [Render thread/INFO] [net.minecraft.client.Minecraft/]: Waiting for player to load...
[28Sep2026 01:52:31.192] [Render thread/INFO] [net.minecraft.client.Minecraft/]: Waiting for player to load...
[28Sep2026 01:52:31.193] [Render thread/INFO] [net.minecraft.client.Minecraft/]: Waiting for player to load...
[28Sep2026 01:52:31.268] [Render thread/INFO] [net.minecraft.client.Minecraft/]: Waiting for player to load...
[28Sep2026 01:52:31.342] [Render thread/INFO] [net.minecraft.client.Minecraft/]: Waiting for player to load...
[28Sep2026 01:52:31.342] [Render thread/INFO] [net.minecraft.client.Minecraft/]: Waiting for player to load...
[28Sep2026 01:52:31.421] [Render thread/INFO] [net.minecraft.client.Minecraft/]: Waiting for player to load...
[28Sep2026 01:52:31.422] [Server thread/INFO] [net.minecraft.server.level.progress.LoggingLevelLoadListener/]: Loading 47 chunks for player spawn...
[28Sep2026 01:52:31.423] [Server thread/INFO] [net.minecraft.server.level.progress.LoggingLevelLoadListener/]: Preparing spawn area: 16%
[28Sep2026 01:52:31.429] [Server thread/INFO] [net.minecraft.server.level.progress.LoggingLevelLoadListener/]: Preparing spawn area: 16%
[28Sep2026 01:52:31.481] [Server thread/INFO] [net.minecraft.server.level.progress.LoggingLevelLoadListener/]: Preparing spawn area: 16%
[28Sep2026 01:52:31.514] [Render thread/INFO] [net.minecraft.client.Minecraft/]: Waiting for player to load...
[28Sep2026 01:52:31.514] [Render thread/INFO] [net.minecraft.client.Minecraft/]: Waiting for player to load...
[28Sep2026 01:52:31.529] [Server thread/INFO] [net.minecraft.server.level.progress.LoggingLevelLoadListener/]: Preparing spawn area: 16%
[28Sep2026 01:52:31.587] [Server thread/INFO] [net.minecraft.server.level.progress.LoggingLevelLoadListener/]: Preparing spawn area: 16%
[28Sep2026 01:52:31.630] [Server thread/INFO] [net.minecraft.server.level.progress.LoggingLevelLoadListener/]: Preparing spawn area: 16%
[28Sep2026 01:52:31.654] [Render thread/INFO] [net.minecraft.client.Minecraft/]: Waiting for player to load...
[28Sep2026 01:52:31.654] [Render thread/INFO] [net.minecraft.client.Minecraft/]: Waiting for player to load...
[28Sep2026 01:52:31.657] [Render thread/INFO] [net.minecraft.client.Minecraft/]: Waiting for player to load...
[28Sep2026 01:52:31.681] [Server thread/INFO] [net.minecraft.server.level.progress.LoggingLevelLoadListener/]: Preparing spawn area: 16%
[28Sep2026 01:52:31.729] [Server thread/INFO] [net.minecraft.server.level.progress.LoggingLevelLoadListener/]: Preparing spawn area: 16%
[28Sep2026 01:52:31.758] [Render thread/INFO] [net.minecraft.client.Minecraft/]: Waiting for player to load...
[28Sep2026 01:52:31.759] [Render thread/INFO] [net.minecraft.client.Minecraft/]: Waiting for player to load...
[28Sep2026 01:52:31.779] [Server thread/INFO] [net.minecraft.server.level.progress.LoggingLevelLoadListener/]: Preparing spawn area: 16%
[28Sep2026 01:52:31.829] [Server thread/INFO] [net.minecraft.server.level.progress.LoggingLevelLoadListener/]: Preparing spawn area: 16%
[28Sep2026 01:52:31.836] [Render thread/INFO] [net.minecraft.client.Minecraft/]: Waiting for player to load...
[28Sep2026 01:52:31.837] [Render thread/INFO] [net.minecraft.client.Minecraft/]: Waiting for player to load...
[28Sep2026 01:52:31.879] [Server thread/INFO] [net.minecraft.server.level.progress.LoggingLevelLoadListener/]: Preparing spawn area: 16%
[28Sep2026 01:52:31.924] [Render thread/INFO] [net.minecraft.client.Minecraft/]: Waiting for player to load...
[28Sep2026 01:52:31.929] [Server thread/INFO] [net.minecraft.server.level.progress.LoggingLevelLoadListener/]: Preparing spawn area: 16%
[28Sep2026 01:52:32.020] [Render thread/INFO] [net.minecraft.client.Minecraft/]: Waiting for player to load...
[28Sep2026 01:52:32.020] [Render thread/INFO] [net.minecraft.client.Minecraft/]: Waiting for player to load...
[28Sep2026 01:52:32.120] [Render thread/INFO] [net.minecraft.client.Minecraft/]: Waiting for player to load...
[28Sep2026 01:52:32.120] [Render thread/INFO] [net.minecraft.client.Minecraft/]: Waiting for player to load...
[28Sep2026 01:52:32.187] [Server thread/INFO] [net.minecraft.server.level.progress.LoggingLevelLoadListener/]: Preparing spawn area: 16%
[28Sep2026 01:52:32.243] [Render thread/INFO] [net.minecraft.client.Minecraft/]: Waiting for player to load...
[28Sep2026 01:52:32.243] [Render thread/INFO] [net.minecraft.client.Minecraft/]: Waiting for player to load...
[28Sep2026 01:52:32.243] [Render thread/INFO] [net.minecraft.client.Minecraft/]: Waiting for player to load...
[28Sep2026 01:52:32.341] [Render thread/INFO] [net.minecraft.client.Minecraft/]: Waiting for player to load...
[28Sep2026 01:52:32.341] [Render thread/INFO] [net.minecraft.client.Minecraft/]: Waiting for player to load...
[28Sep2026 01:52:32.427] [Render thread/INFO] [net.minecraft.client.Minecraft/]: Waiting for player to load...
[28Sep2026 01:52:32.493] [Render thread/INFO] [net.minecraft.client.Minecraft/]: Waiting for player to load...
[28Sep2026 01:52:32.494] [Render thread/INFO] [net.minecraft.client.Minecraft/]: Waiting for player to load...
[28Sep2026 01:52:32.556] [Render thread/INFO] [net.minecraft.client.Minecraft/]: Waiting for player to load...
[28Sep2026 01:52:32.654] [Render thread/INFO] [net.minecraft.client.Minecraft/]: Waiting for player to load...
[28Sep2026 01:52:32.655] [Render thread/INFO] [net.minecraft.client.Minecraft/]: Waiting for player to load...
[28Sep2026 01:52:32.679] [Server thread/INFO] [net.minecraft.server.level.progress.LoggingLevelLoadListener/]: Preparing spawn area: 29%
[28Sep2026 01:52:32.730] [Render thread/INFO] [net.minecraft.client.Minecraft/]: Waiting for player to load...
[28Sep2026 01:52:32.731] [Render thread/INFO] [net.minecraft.client.Minecraft/]: Waiting for player to load...
[28Sep2026 01:52:32.802] [Render thread/INFO] [net.minecraft.client.Minecraft/]: Waiting for player to load...
[28Sep2026 01:52:32.863] [Render thread/INFO] [net.minecraft.client.Minecraft/]: Waiting for player to load...
[28Sep2026 01:52:32.933] [Render thread/INFO] [net.minecraft.client.Minecraft/]: Waiting for player to load...
[28Sep2026 01:52:32.936] [Render thread/INFO] [net.minecraft.client.Minecraft/]: Waiting for player to load...
[28Sep2026 01:52:33.017] [Render thread/INFO] [net.minecraft.client.Minecraft/]: Waiting for player to load...
[28Sep2026 01:52:33.085] [Render thread/INFO] [net.minecraft.client.Minecraft/]: Waiting for player to load...
[28Sep2026 01:52:33.086] [Render thread/INFO] [net.minecraft.client.Minecraft/]: Waiting for player to load...
[28Sep2026 01:52:33.130] [Render thread/INFO] [net.minecraft.client.Minecraft/]: Waiting for player to load...
[28Sep2026 01:52:33.179] [Server thread/INFO] [net.minecraft.server.level.progress.LoggingLevelLoadListener/]: Preparing spawn area: 29%
[28Sep2026 01:52:33.197] [Render thread/INFO] [net.minecraft.client.Minecraft/]: Waiting for player to load...
[28Sep2026 01:52:33.267] [Render thread/INFO] [net.minecraft.client.Minecraft/]: Waiting for player to load...
[28Sep2026 01:52:33.378] [Render thread/INFO] [net.minecraft.client.Minecraft/]: Waiting for player to load...
[28Sep2026 01:52:33.380] [Render thread/INFO] [net.minecraft.client.Minecraft/]: Waiting for player to load...
[28Sep2026 01:52:33.380] [Render thread/INFO] [net.minecraft.client.Minecraft/]: Waiting for player to load...
[28Sep2026 01:52:33.489] [Render thread/INFO] [net.minecraft.client.Minecraft/]: Waiting for player to load...
[28Sep2026 01:52:33.490] [Render thread/INFO] [net.minecraft.client.Minecraft/]: Waiting for player to load...
[28Sep2026 01:52:33.584] [Render thread/INFO] [net.minecraft.client.Minecraft/]: Waiting for player to load...
[28Sep2026 01:52:33.585] [Render thread/INFO] [net.minecraft.client.Minecraft/]: Waiting for player to load...
[28Sep2026 01:52:33.679] [Server thread/INFO] [net.minecraft.server.level.progress.LoggingLevelLoadListener/]: Preparing spawn area: 57%
[28Sep2026 01:52:33.687] [Render thread/INFO] [net.minecraft.client.Minecraft/]: Waiting for player to load...
[28Sep2026 01:52:33.689] [Render thread/INFO] [net.minecraft.client.Minecraft/]: Waiting for player to load...
[28Sep2026 01:52:33.834] [Render thread/INFO] [net.minecraft.client.Minecraft/]: Waiting for player to load...
[28Sep2026 01:52:33.834] [Render thread/INFO] [net.minecraft.client.Minecraft/]: Waiting for player to load...
[28Sep2026 01:52:33.834] [Render thread/INFO] [net.minecraft.client.Minecraft/]: Waiting for player to load...
[28Sep2026 01:52:33.959] [Render thread/INFO] [net.minecraft.client.Minecraft/]: Waiting for player to load...
[28Sep2026 01:52:33.961] [Render thread/INFO] [net.minecraft.client.Minecraft/]: Waiting for player to load...
[28Sep2026 01:52:34.042] [Render thread/INFO] [net.minecraft.client.Minecraft/]: Waiting for player to load...
[28Sep2026 01:52:34.043] [Render thread/INFO] [net.minecraft.client.Minecraft/]: Waiting for player to load...
[28Sep2026 01:52:34.090] [Render thread/INFO] [net.minecraft.client.Minecraft/]: Waiting for player to load...
[28Sep2026 01:52:34.179] [Server thread/INFO] [net.minecraft.server.level.progress.LoggingLevelLoadListener/]: Preparing spawn area: 57%
[28Sep2026 01:52:34.179] [Render thread/INFO] [net.minecraft.client.Minecraft/]: Waiting for player to load...
[28Sep2026 01:52:34.180] [Render thread/INFO] [net.minecraft.client.Minecraft/]: Waiting for player to load...
[28Sep2026 01:52:34.273] [Render thread/INFO] [net.minecraft.client.Minecraft/]: Waiting for player to load...
[28Sep2026 01:52:34.370] [Render thread/INFO] [net.minecraft.client.Minecraft/]: Waiting for player to load...
[28Sep2026 01:52:34.371] [Render thread/INFO] [net.minecraft.client.Minecraft/]: Waiting for player to load...
[28Sep2026 01:52:34.462] [Render thread/INFO] [net.minecraft.client.Minecraft/]: Waiting for player to load...
[28Sep2026 01:52:34.462] [Render thread/INFO] [net.minecraft.client.Minecraft/]: Waiting for player to load...
[28Sep2026 01:52:34.558] [Render thread/INFO] [net.minecraft.client.Minecraft/]: Waiting for player to load...
[28Sep2026 01:52:34.559] [Render thread/INFO] [net.minecraft.client.Minecraft/]: Waiting for player to load...
[28Sep2026 01:52:34.651] [Render thread/INFO] [net.minecraft.client.Minecraft/]: Waiting for player to load...
[28Sep2026 01:52:34.651] [Render thread/INFO] [net.minecraft.client.Minecraft/]: Waiting for player to load...
[28Sep2026 01:52:34.682] [Server thread/INFO] [net.minecraft.server.level.progress.LoggingLevelLoadListener/]: Preparing spawn area: 57%
[28Sep2026 01:52:34.745] [Render thread/INFO] [net.minecraft.client.Minecraft/]: Waiting for player to load...
[28Sep2026 01:52:34.745] [Render thread/INFO] [net.minecraft.client.Minecraft/]: Waiting for player to load...
[28Sep2026 01:52:34.824] [Render thread/INFO] [net.minecraft.client.Minecraft/]: Waiting for player to load...
[28Sep2026 01:52:34.829] [Server thread/INFO] [net.minecraft.server.level.progress.LoggingLevelLoadListener/]: Time elapsed: 9185 ms
[28Sep2026 01:52:35.018] [Render thread/INFO] [net.minecraft.client.Minecraft/]: Waiting for player to load...
[28Sep2026 01:52:35.018] [Render thread/INFO] [net.minecraft.client.Minecraft/]: Waiting for player to load...
[28Sep2026 01:52:35.081] [Render thread/INFO] [net.minecraft.client.Minecraft/]: Waiting for player to load...
[28Sep2026 01:52:35.081] [Render thread/INFO] [net.minecraft.client.Minecraft/]: Waiting for player to load...
[28Sep2026 01:52:35.081] [Render thread/INFO] [net.minecraft.client.Minecraft/]: Waiting for player to load...
[28Sep2026 01:52:35.081] [Render thread/INFO] [net.minecraft.client.Minecraft/]: Waiting for player to load...
[28Sep2026 01:52:35.087] [Server thread/INFO] [net.minecraft.server.players.PlayerList/]: Offline[local:E:94261776] logged in with entity id 5 at (1.5, 104.0, -9.5)
[28Sep2026 01:52:35.127] [Server thread/INFO] [net.minecraft.server.MinecraftServer/]: Offline joined the game
[28Sep2026 01:52:35.246] [Server thread/INFO] [net.minecraft.client.server.IntegratedServer/]: Changing view distance to 12, from 10
[28Sep2026 01:52:35.248] [Server thread/INFO] [net.minecraft.client.server.IntegratedServer/]: Changing simulation distance to 12, from 0
[28Sep2026 01:52:35.289] [Render thread/INFO] [net.minecraft.advancements.AdvancementTree/]: Loaded 2 advancements
[28Sep2026 01:52:35.326] [Render thread/INFO] [net.minecraft.client.Minecraft/]: Screen not yet null: net.minecraft.client.gui.screens.LevelLoadingScreen@2eb9c7ad
[28Sep2026 01:52:35.501] [Render thread/INFO] [net.minecraft.client.renderer.DynamicUniformStorage/]: Resizing Dynamic Transforms UBO, capacity limit of 2 reached during a single frame. New capacity will be 4.
[28Sep2026 01:52:36.058] [Render thread/INFO] [net.minecraft.client.renderer.DynamicUniformStorage/]: Resizing Dynamic Transforms UBO, capacity limit of 4 reached during a single frame. New capacity will be 8.
[28Sep2026 01:52:36.168] [Render thread/INFO] [net.minecraft.client.Minecraft/]: Screen not yet null: net.minecraft.client.gui.screens.LevelLoadingScreen@2eb9c7ad
[28Sep2026 01:52:36.176] [Render thread/INFO] [net.minecraft.client.Minecraft/]: Screen not yet null: net.minecraft.client.gui.screens.LevelLoadingScreen@2eb9c7ad
[28Sep2026 01:52:36.184] [Render thread/INFO] [net.minecraft.client.Minecraft/]: Screen not yet null: net.minecraft.client.gui.screens.LevelLoadingScreen@2eb9c7ad
[28Sep2026 01:52:36.188] [Render thread/INFO] [net.minecraft.client.Minecraft/]: Screen not yet null: net.minecraft.client.gui.screens.LevelLoadingScreen@2eb9c7ad
[28Sep2026 01:52:36.191] [Render thread/INFO] [net.minecraft.client.Minecraft/]: Screen not yet null: net.minecraft.client.gui.screens.LevelLoadingScreen@2eb9c7ad
[28Sep2026 01:52:36.193] [Render thread/INFO] [net.minecraft.client.Minecraft/]: Screen not yet null: net.minecraft.client.gui.screens.LevelLoadingScreen@2eb9c7ad
[28Sep2026 01:52:36.195] [Render thread/INFO] [net.minecraft.client.Minecraft/]: Screen not yet null: net.minecraft.client.gui.screens.LevelLoadingScreen@2eb9c7ad
[28Sep2026 01:52:36.197] [Render thread/INFO] [net.minecraft.client.Minecraft/]: Screen not yet null: net.minecraft.client.gui.screens.LevelLoadingScreen@2eb9c7ad
[28Sep2026 01:52:36.201] [Render thread/INFO] [net.minecraft.client.Minecraft/]: Screen not yet null: net.minecraft.client.gui.screens.LevelLoadingScreen@2eb9c7ad
[28Sep2026 01:52:36.203] [Render thread/INFO] [net.minecraft.client.Minecraft/]: Screen not yet null: net.minecraft.client.gui.screens.LevelLoadingScreen@2eb9c7ad
[28Sep2026 01:52:36.226] [Render thread/INFO] [net.minecraft.client.renderer.DynamicUniformStorage/]: Resizing Chunk Sections UBO, capacity limit of 2 reached during a single frame. New capacity will be 4.
[28Sep2026 01:52:36.809] [Render thread/INFO] [net.minecraft.client.Minecraft/]: Screen not yet null: net.minecraft.client.gui.screens.LevelLoadingScreen@2eb9c7ad
[28Sep2026 01:52:36.819] [Render thread/INFO] [net.minecraft.client.Minecraft/]: Screen not yet null: net.minecraft.client.gui.screens.LevelLoadingScreen@2eb9c7ad
[28Sep2026 01:52:36.824] [Render thread/INFO] [net.minecraft.client.Minecraft/]: Screen not yet null: net.minecraft.client.gui.screens.LevelLoadingScreen@2eb9c7ad
[28Sep2026 01:52:36.831] [Render thread/INFO] [net.minecraft.client.Minecraft/]: Screen not yet null: net.minecraft.client.gui.screens.LevelLoadingScreen@2eb9c7ad
[28Sep2026 01:52:36.833] [Render thread/INFO] [net.minecraft.client.Minecraft/]: Screen not yet null: net.minecraft.client.gui.screens.LevelLoadingScreen@2eb9c7ad
[28Sep2026 01:52:36.843] [Render thread/INFO] [net.minecraft.client.Minecraft/]: Screen not yet null: net.minecraft.client.gui.screens.LevelLoadingScreen@2eb9c7ad
[28Sep2026 01:52:36.848] [Render thread/INFO] [net.minecraft.client.Minecraft/]: Screen not yet null: net.minecraft.client.gui.screens.LevelLoadingScreen@2eb9c7ad
[28Sep2026 01:52:36.850] [Render thread/INFO] [net.minecraft.client.Minecraft/]: Screen not yet null: net.minecraft.client.gui.screens.LevelLoadingScreen@2eb9c7ad
[28Sep2026 01:52:36.855] [Render thread/INFO] [net.minecraft.client.Minecraft/]: Screen not yet null: net.minecraft.client.gui.screens.LevelLoadingScreen@2eb9c7ad
[28Sep2026 01:52:36.860] [Render thread/INFO] [net.minecraft.client.Minecraft/]: Screen not yet null: net.minecraft.client.gui.screens.LevelLoadingScreen@2eb9c7ad
[28Sep2026 01:52:36.888] [Render thread/INFO] [net.minecraft.client.renderer.DynamicUniformStorage/]: Resizing Chunk Sections UBO, capacity limit of 4 reached during a single frame. New capacity will be 8.
[28Sep2026 01:52:37.092] [Render thread/INFO] [net.minecraft.client.Minecraft/]: Screen not yet null: net.minecraft.client.gui.screens.LevelLoadingScreen@2eb9c7ad
[28Sep2026 01:52:37.098] [Render thread/INFO] [net.minecraft.client.Minecraft/]: Screen not yet null: net.minecraft.client.gui.screens.LevelLoadingScreen@2eb9c7ad
[28Sep2026 01:52:37.102] [Render thread/INFO] [net.minecraft.client.Minecraft/]: Screen not yet null: net.minecraft.client.gui.screens.LevelLoadingScreen@2eb9c7ad
[28Sep2026 01:52:37.108] [Render thread/INFO] [net.minecraft.client.Minecraft/]: Screen not yet null: net.minecraft.client.gui.screens.LevelLoadingScreen@2eb9c7ad
[28Sep2026 01:52:37.113] [Render thread/INFO] [net.minecraft.client.Minecraft/]: Screen not yet null: net.minecraft.client.gui.screens.LevelLoadingScreen@2eb9c7ad
[28Sep2026 01:52:37.133] [Render thread/INFO] [net.minecraft.client.renderer.DynamicUniformStorage/]: Resizing Chunk Sections UBO, capacity limit of 8 reached during a single frame. New capacity will be 16.
[28Sep2026 01:52:37.306] [Render thread/INFO] [net.minecraft.client.Minecraft/]: Screen not yet null: net.minecraft.client.gui.screens.LevelLoadingScreen@2eb9c7ad
[28Sep2026 01:52:37.309] [Render thread/INFO] [net.minecraft.client.Minecraft/]: Screen not yet null: net.minecraft.client.gui.screens.LevelLoadingScreen@2eb9c7ad
[28Sep2026 01:52:37.320] [Render thread/INFO] [net.minecraft.client.Minecraft/]: Waiting 72 ticks before testing...
[28Sep2026 01:52:37.322] [Render thread/INFO] [net.minecraft.client.Minecraft/]: Waiting 71 ticks before testing...
[28Sep2026 01:52:37.324] [Render thread/INFO] [net.minecraft.client.Minecraft/]: Waiting 70 ticks before testing...
[28Sep2026 01:52:37.428] [Render thread/INFO] [net.minecraft.client.Minecraft/]: Waiting 69 ticks before testing...
[28Sep2026 01:52:37.432] [Render thread/INFO] [net.minecraft.client.Minecraft/]: Waiting 68 ticks before testing...
[28Sep2026 01:52:37.450] [Render thread/INFO] [net.minecraft.client.renderer.DynamicUniformStorage/]: Resizing Chunk Sections UBO, capacity limit of 16 reached during a single frame. New capacity will be 32.
[28Sep2026 01:52:37.506] [Render thread/INFO] [net.minecraft.client.Minecraft/]: Waiting 67 ticks before testing...
[28Sep2026 01:52:37.513] [Render thread/INFO] [net.minecraft.client.Minecraft/]: Waiting 66 ticks before testing...
[28Sep2026 01:52:37.712] [Render thread/INFO] [net.minecraft.client.Minecraft/]: Waiting 65 ticks before testing...
[28Sep2026 01:52:37.716] [Render thread/INFO] [net.minecraft.client.Minecraft/]: Waiting 64 ticks before testing...
[28Sep2026 01:52:37.718] [Render thread/INFO] [net.minecraft.client.Minecraft/]: Waiting 63 ticks before testing...
[28Sep2026 01:52:37.720] [Render thread/INFO] [net.minecraft.client.Minecraft/]: Waiting 62 ticks before testing...
[28Sep2026 01:52:37.786] [Render thread/INFO] [net.minecraft.client.Minecraft/]: Waiting 61 ticks before testing...
[28Sep2026 01:52:37.790] [Render thread/INFO] [Crossblades/]: [self-test] starting
[28Sep2026 01:52:37.807] [Server thread/INFO] [net.minecraft.server.MinecraftServer/]: The difficulty did not change; it is already set to normal
[28Sep2026 01:52:37.815] [Server thread/INFO] [net.minecraft.server.MinecraftServer/]: Successfully filled 169 block(s)
[28Sep2026 01:52:37.816] [Server thread/INFO] [net.minecraft.server.MinecraftServer/]: No blocks were filled
[28Sep2026 01:52:37.822] [Server thread/INFO] [net.minecraft.server.MinecraftServer/]: Teleported Offline to 1.500000, 200.000000, -9.500000
[28Sep2026 01:52:37.830] [Server thread/INFO] [net.minecraft.server.MinecraftServer/]: Summoned new Husk
[28Sep2026 01:52:37.837] [Render thread/INFO] [Crossblades/]: [self-test] ok: a husk was summoned in front of the player
[28Sep2026 01:52:37.837] [Render thread/INFO] [net.minecraft.client.Minecraft/]: Waiting 60 ticks before testing...
[28Sep2026 01:52:37.872] [Render thread/INFO] [net.minecraft.client.renderer.DynamicUniformStorage/]: Resizing Chunk Sections UBO, capacity limit of 32 reached during a single frame. New capacity will be 64.
[28Sep2026 01:52:37.925] [Render thread/INFO] [net.minecraft.client.Minecraft/]: Waiting 59 ticks before testing...
[28Sep2026 01:52:37.930] [Render thread/INFO] [net.minecraft.client.Minecraft/]: Waiting 58 ticks before testing...
[28Sep2026 01:52:38.062] [Render thread/INFO] [net.minecraft.client.renderer.DynamicUniformStorage/]: Resizing Dynamic Transforms UBO, capacity limit of 8 reached during a single frame. New capacity will be 16.
[28Sep2026 01:52:38.155] [Render thread/INFO] [net.minecraft.client.Minecraft/]: Waiting 57 ticks before testing...
[28Sep2026 01:52:38.159] [Render thread/INFO] [net.minecraft.client.Minecraft/]: Waiting 56 ticks before testing...
[28Sep2026 01:52:38.161] [Render thread/INFO] [net.minecraft.client.Minecraft/]: Waiting 55 ticks before testing...
[28Sep2026 01:52:38.163] [Render thread/INFO] [net.minecraft.client.Minecraft/]: Waiting 54 ticks before testing...
[28Sep2026 01:52:38.165] [Render thread/INFO] [net.minecraft.client.Minecraft/]: Waiting 53 ticks before testing...
[28Sep2026 01:52:38.205] [Render thread/INFO] [net.minecraft.client.Minecraft/]: Waiting 52 ticks before testing...
[28Sep2026 01:52:38.245] [Render thread/INFO] [net.minecraft.client.Minecraft/]: Waiting 51 ticks before testing...
[28Sep2026 01:52:38.286] [Render thread/INFO] [net.minecraft.client.Minecraft/]: Waiting 50 ticks before testing...
[28Sep2026 01:52:38.327] [Render thread/INFO] [net.minecraft.client.Minecraft/]: Waiting 49 ticks before testing...
[28Sep2026 01:52:38.415] [Render thread/INFO] [net.minecraft.client.Minecraft/]: Waiting 48 ticks before testing...
[28Sep2026 01:52:38.465] [Render thread/INFO] [net.minecraft.client.Minecraft/]: Waiting 47 ticks before testing...
[28Sep2026 01:52:38.508] [Render thread/INFO] [net.minecraft.client.Minecraft/]: Waiting 46 ticks before testing...
[28Sep2026 01:52:38.562] [Render thread/INFO] [net.minecraft.client.Minecraft/]: Waiting 45 ticks before testing...
[28Sep2026 01:52:38.639] [Render thread/INFO] [net.minecraft.client.Minecraft/]: Waiting 44 ticks before testing...
[28Sep2026 01:52:38.647] [Render thread/INFO] [net.minecraft.client.Minecraft/]: Waiting 43 ticks before testing...
[28Sep2026 01:52:38.709] [Render thread/INFO] [net.minecraft.client.Minecraft/]: Waiting 42 ticks before testing...
[28Sep2026 01:52:38.761] [Render thread/INFO] [net.minecraft.client.Minecraft/]: Waiting 41 ticks before testing...
[28Sep2026 01:52:38.804] [Render thread/INFO] [net.minecraft.client.Minecraft/]: Waiting 40 ticks before testing...
[28Sep2026 01:52:38.808] [Render thread/INFO] [Crossblades/]: [self-test] ok: all animations loaded (missing: [])
[28Sep2026 01:52:38.808] [Render thread/INFO] [Crossblades/]: [self-test] ok: combat stance is active with a sword
[28Sep2026 01:52:38.842] [Render thread/INFO] [net.minecraft.client.Minecraft/]: Waiting 40 ticks before testing...
[28Sep2026 01:52:38.878] [Render thread/INFO] [net.minecraft.client.Minecraft/]: Waiting 40 ticks before testing...
[28Sep2026 01:52:38.948] [Render thread/INFO] [net.minecraft.client.Minecraft/]: Waiting 40 ticks before testing...
[28Sep2026 01:52:38.986] [Render thread/INFO] [net.minecraft.client.Minecraft/]: Waiting 40 ticks before testing...
[28Sep2026 01:52:39.063] [Render thread/INFO] [net.minecraft.client.Minecraft/]: Waiting 40 ticks before testing...
[28Sep2026 01:52:39.101] [Render thread/INFO] [net.minecraft.client.Minecraft/]: Waiting 40 ticks before testing...
[28Sep2026 01:52:39.142] [Render thread/INFO] [net.minecraft.client.Minecraft/]: Waiting 40 ticks before testing...
[28Sep2026 01:52:39.205] [Render thread/INFO] [net.minecraft.client.Minecraft/]: Waiting 40 ticks before testing...
[28Sep2026 01:52:39.208] [Render thread/INFO] [Crossblades/]: [self-test] ok: flick right then re-aim loads a right slash (got RIGHT)
[28Sep2026 01:52:39.248] [Render thread/INFO] [net.minecraft.client.Minecraft/]: Waiting 40 ticks before testing...
[28Sep2026 01:52:39.302] [Render thread/INFO] [net.minecraft.client.Minecraft/]: Waiting 40 ticks before testing...
[28Sep2026 01:52:39.306] [Render thread/INFO] [Crossblades/]: [self-test] ok: clicking starts a wind-up right away
[28Sep2026 01:52:39.306] [Render thread/INFO] [Crossblades/]: [self-test] ok: the wind-up animation is playing
[28Sep2026 01:52:39.346] [Render thread/INFO] [net.minecraft.client.Minecraft/]: Waiting 40 ticks before testing...
[28Sep2026 01:52:39.379] [Render thread/INFO] [net.minecraft.client.Minecraft/]: Waiting 40 ticks before testing...
[28Sep2026 01:52:39.454] [Render thread/INFO] [net.minecraft.client.Minecraft/]: Waiting 40 ticks before testing...
[28Sep2026 01:52:39.490] [Render thread/INFO] [net.minecraft.client.Minecraft/]: Waiting 40 ticks before testing...
[28Sep2026 01:52:39.562] [Render thread/INFO] [net.minecraft.client.Minecraft/]: Waiting 40 ticks before testing...
[28Sep2026 01:52:39.602] [Render thread/INFO] [net.minecraft.client.Minecraft/]: Waiting 40 ticks before testing...
[28Sep2026 01:52:39.640] [Render thread/INFO] [net.minecraft.client.Minecraft/]: Waiting 40 ticks before testing...
[28Sep2026 01:52:39.703] [Render thread/INFO] [net.minecraft.client.Minecraft/]: Waiting 40 ticks before testing...
[28Sep2026 01:52:39.740] [Render thread/INFO] [net.minecraft.client.Minecraft/]: Waiting 40 ticks before testing...
[28Sep2026 01:52:39.793] [Render thread/INFO] [net.minecraft.client.Minecraft/]: Waiting 40 ticks before testing...
[28Sep2026 01:52:39.833] [Render thread/INFO] [net.minecraft.client.Minecraft/]: Waiting 40 ticks before testing...
[28Sep2026 01:52:39.888] [Render thread/INFO] [net.minecraft.client.Minecraft/]: Waiting 40 ticks before testing...
[28Sep2026 01:52:39.942] [Render thread/INFO] [net.minecraft.client.Minecraft/]: Waiting 40 ticks before testing...
[28Sep2026 01:52:40.006] [Render thread/INFO] [net.minecraft.client.Minecraft/]: Waiting 40 ticks before testing...
[28Sep2026 01:52:40.042] [Render thread/INFO] [net.minecraft.client.Minecraft/]: Waiting 40 ticks before testing...
[28Sep2026 01:52:40.106] [Render thread/INFO] [net.minecraft.client.Minecraft/]: Waiting 40 ticks before testing...
[28Sep2026 01:52:40.142] [Render thread/INFO] [net.minecraft.client.Minecraft/]: Waiting 40 ticks before testing...
[28Sep2026 01:52:40.144] [Render thread/INFO] [Crossblades/]: [self-test] ok: a diamond-sword slash hits the husk once for about 7 (dealt 6.8880005)
[28Sep2026 01:52:40.196] [Render thread/INFO] [net.minecraft.client.Minecraft/]: Waiting 40 ticks before testing...
[28Sep2026 01:52:40.233] [Render thread/INFO] [net.minecraft.client.Minecraft/]: Waiting 40 ticks before testing...
[28Sep2026 01:52:40.292] [Render thread/INFO] [net.minecraft.client.Minecraft/]: Waiting 40 ticks before testing...
[28Sep2026 01:52:40.354] [Render thread/INFO] [net.minecraft.client.Minecraft/]: Waiting 40 ticks before testing...
[28Sep2026 01:52:40.390] [Render thread/INFO] [net.minecraft.client.Minecraft/]: Waiting 40 ticks before testing...
[28Sep2026 01:52:40.480] [Render thread/INFO] [net.minecraft.client.Minecraft/]: Waiting 40 ticks before testing...
[28Sep2026 01:52:40.530] [Render thread/INFO] [net.minecraft.client.Minecraft/]: Waiting 40 ticks before testing...
[28Sep2026 01:52:40.534] [Render thread/INFO] [Crossblades/]: [self-test] ok: flick left sets the guard left (got LEFT)
[28Sep2026 01:52:40.535] [Render thread/INFO] [net.minecraft.client.Minecraft/]: Waiting 40 ticks before testing...
[28Sep2026 01:52:40.608] [Render thread/INFO] [net.minecraft.client.Minecraft/]: Waiting 40 ticks before testing...
[28Sep2026 01:52:40.644] [Render thread/INFO] [net.minecraft.client.Minecraft/]: Waiting 40 ticks before testing...
[28Sep2026 01:52:40.680] [Render thread/INFO] [net.minecraft.client.Minecraft/]: Waiting 40 ticks before testing...
[28Sep2026 01:52:40.753] [Render thread/INFO] [net.minecraft.client.Minecraft/]: Waiting 40 ticks before testing...
[28Sep2026 01:52:40.780] [Render thread/INFO] [net.minecraft.client.Minecraft/]: Waiting 40 ticks before testing...
[28Sep2026 01:52:40.844] [Render thread/INFO] [net.minecraft.client.Minecraft/]: Waiting 40 ticks before testing...
[28Sep2026 01:52:40.903] [Render thread/INFO] [net.minecraft.client.Minecraft/]: Waiting 40 ticks before testing...
[28Sep2026 01:52:40.933] [Render thread/INFO] [net.minecraft.client.Minecraft/]: Waiting 40 ticks before testing...
[28Sep2026 01:52:40.996] [Render thread/INFO] [net.minecraft.client.Minecraft/]: Waiting 40 ticks before testing...
[28Sep2026 01:52:41.043] [Render thread/INFO] [net.minecraft.client.Minecraft/]: Waiting 40 ticks before testing...
[28Sep2026 01:52:41.096] [Render thread/INFO] [net.minecraft.client.Minecraft/]: Waiting 40 ticks before testing...
[28Sep2026 01:52:41.156] [Render thread/INFO] [net.minecraft.client.Minecraft/]: Waiting 40 ticks before testing...
[28Sep2026 01:52:41.188] [Render thread/INFO] [net.minecraft.client.Minecraft/]: Waiting 40 ticks before testing...
[28Sep2026 01:52:41.232] [Render thread/INFO] [net.minecraft.client.Minecraft/]: Waiting 40 ticks before testing...
[28Sep2026 01:52:41.234] [Render thread/INFO] [Crossblades/]: [self-test] ok: holding use with a sword guards
[28Sep2026 01:52:41.289] [Render thread/INFO] [net.minecraft.client.Minecraft/]: Waiting 40 ticks before testing...
[28Sep2026 01:52:41.360] [Render thread/INFO] [net.minecraft.client.Minecraft/]: Waiting 40 ticks before testing...
[28Sep2026 01:52:41.406] [Render thread/INFO] [net.minecraft.client.Minecraft/]: Waiting 40 ticks before testing...
[28Sep2026 01:52:41.434] [Render thread/INFO] [net.minecraft.client.Minecraft/]: Waiting 40 ticks before testing...
[28Sep2026 01:52:41.495] [Render thread/INFO] [net.minecraft.client.Minecraft/]: Waiting 40 ticks before testing...
[28Sep2026 01:52:41.534] [Render thread/INFO] [net.minecraft.client.Minecraft/]: Waiting 40 ticks before testing...
[28Sep2026 01:52:41.584] [Render thread/INFO] [net.minecraft.client.Minecraft/]: Waiting 40 ticks before testing...
[28Sep2026 01:52:41.656] [Render thread/INFO] [net.minecraft.client.Minecraft/]: Waiting 40 ticks before testing...
[28Sep2026 01:52:41.693] [Render thread/INFO] [net.minecraft.client.Minecraft/]: Waiting 40 ticks before testing...
[28Sep2026 01:52:41.746] [Render thread/INFO] [net.minecraft.client.Minecraft/]: Waiting 40 ticks before testing...
[28Sep2026 01:52:41.811] [Render thread/INFO] [net.minecraft.client.Minecraft/]: Waiting 40 ticks before testing...
[28Sep2026 01:52:41.851] [Render thread/INFO] [net.minecraft.client.Minecraft/]: Waiting 40 ticks before testing...
[28Sep2026 01:52:41.898] [Render thread/INFO] [net.minecraft.client.Minecraft/]: Waiting 40 ticks before testing...
[28Sep2026 01:52:41.947] [Render thread/INFO] [net.minecraft.client.Minecraft/]: Waiting 40 ticks before testing...
[28Sep2026 01:52:42.013] [Render thread/INFO] [net.minecraft.client.Minecraft/]: Waiting 40 ticks before testing...
[28Sep2026 01:52:42.061] [Render thread/INFO] [net.minecraft.client.Minecraft/]: Waiting 40 ticks before testing...
[28Sep2026 01:52:42.099] [Render thread/INFO] [net.minecraft.client.Minecraft/]: Waiting 40 ticks before testing...
[28Sep2026 01:52:42.103] [Render thread/INFO] [Crossblades/]: [self-test] ok: an early guard on the right side blocks 20% (got LastClash[kind=BLOCK, damageTaken=0.8, damageDealt=8.0, serial=2])
[28Sep2026 01:52:42.103] [Render thread/INFO] [Crossblades/]: [self-test] ok: and the player takes 80% of 10 (took 8.0)
[28Sep2026 01:52:42.107] [Server thread/INFO] [net.minecraft.server.MinecraftServer/]: Teleported Offline to 1.500000, 200.000000, -9.500000
[28Sep2026 01:52:42.162] [Render thread/INFO] [net.minecraft.client.Minecraft/]: Waiting 40 ticks before testing...
[28Sep2026 01:52:42.208] [Render thread/INFO] [net.minecraft.client.Minecraft/]: Waiting 40 ticks before testing...
[28Sep2026 01:52:42.244] [Render thread/INFO] [net.minecraft.client.Minecraft/]: Waiting 40 ticks before testing...
[28Sep2026 01:52:42.283] [Render thread/INFO] [net.minecraft.client.Minecraft/]: Waiting 40 ticks before testing...
[28Sep2026 01:52:42.353] [Render thread/INFO] [net.minecraft.client.Minecraft/]: Waiting 40 ticks before testing...
[28Sep2026 01:52:42.386] [Render thread/INFO] [net.minecraft.client.Minecraft/]: Waiting 40 ticks before testing...
[28Sep2026 01:52:42.430] [Render thread/INFO] [net.minecraft.client.Minecraft/]: Waiting 40 ticks before testing...
[28Sep2026 01:52:42.523] [Render thread/INFO] [net.minecraft.client.Minecraft/]: Waiting 40 ticks before testing...
[28Sep2026 01:52:42.574] [Render thread/INFO] [net.minecraft.client.Minecraft/]: Waiting 40 ticks before testing...
[28Sep2026 01:52:42.626] [Render thread/INFO] [net.minecraft.client.Minecraft/]: Waiting 40 ticks before testing...
[28Sep2026 01:52:42.630] [Render thread/INFO] [Crossblades/]: [self-test] ok: flick right moves the guard right
[28Sep2026 01:52:42.687] [Render thread/INFO] [net.minecraft.client.Minecraft/]: Waiting 40 ticks before testing...
[28Sep2026 01:52:42.689] [Render thread/INFO] [net.minecraft.client.Minecraft/]: Waiting 40 ticks before testing...
[28Sep2026 01:52:42.743] [Render thread/INFO] [net.minecraft.client.Minecraft/]: Waiting 40 ticks before testing...
[28Sep2026 01:52:42.779] [Render thread/INFO] [net.minecraft.client.Minecraft/]: Waiting 40 ticks before testing...
[28Sep2026 01:52:42.838] [Render thread/INFO] [net.minecraft.client.Minecraft/]: Waiting 40 ticks before testing...
[28Sep2026 01:52:42.898] [Render thread/INFO] [net.minecraft.client.Minecraft/]: Waiting 40 ticks before testing...
[28Sep2026 01:52:42.932] [Render thread/INFO] [net.minecraft.client.Minecraft/]: Waiting 40 ticks before testing...
[28Sep2026 01:52:42.982] [Render thread/INFO] [net.minecraft.client.Minecraft/]: Waiting 40 ticks before testing...
[28Sep2026 01:52:43.029] [Render thread/INFO] [net.minecraft.client.Minecraft/]: Waiting 40 ticks before testing...
[28Sep2026 01:52:43.084] [Render thread/INFO] [net.minecraft.client.Minecraft/]: Waiting 40 ticks before testing...
[28Sep2026 01:52:43.146] [Render thread/INFO] [net.minecraft.client.Minecraft/]: Waiting 40 ticks before testing...
[28Sep2026 01:52:43.186] [Render thread/INFO] [net.minecraft.client.Minecraft/]: Waiting 40 ticks before testing...
[28Sep2026 01:52:43.248] [Render thread/INFO] [net.minecraft.client.Minecraft/]: Waiting 40 ticks before testing...
[28Sep2026 01:52:43.281] [Render thread/INFO] [net.minecraft.client.Minecraft/]: Waiting 40 ticks before testing...
[28Sep2026 01:52:43.352] [Render thread/INFO] [net.minecraft.client.Minecraft/]: Waiting 40 ticks before testing...
[28Sep2026 01:52:43.381] [Render thread/INFO] [net.minecraft.client.Minecraft/]: Waiting 40 ticks before testing...
[28Sep2026 01:52:43.458] [Render thread/INFO] [net.minecraft.client.Minecraft/]: Waiting 40 ticks before testing...
[28Sep2026 01:52:43.462] [Render thread/INFO] [Crossblades/]: [self-test] ok: guarding the wrong side does not block (got LastClash[kind=HIT, damageTaken=1.0, damageDealt=10.0, serial=3])
[28Sep2026 01:52:43.462] [Render thread/INFO] [Crossblades/]: [self-test] ok: and the player takes full damage (took 10.0)
[28Sep2026 01:52:43.463] [Server thread/INFO] [net.minecraft.server.MinecraftServer/]: Teleported Offline to 1.500000, 200.000000, -9.500000
[28Sep2026 01:52:43.492] [Render thread/INFO] [net.minecraft.client.Minecraft/]: Waiting 40 ticks before testing...
[28Sep2026 01:52:43.547] [Render thread/INFO] [net.minecraft.client.Minecraft/]: Waiting 40 ticks before testing...
[28Sep2026 01:52:43.596] [Render thread/INFO] [net.minecraft.client.Minecraft/]: Waiting 40 ticks before testing...
[28Sep2026 01:52:43.637] [Render thread/INFO] [net.minecraft.client.Minecraft/]: Waiting 40 ticks before testing...
[28Sep2026 01:52:43.691] [Render thread/INFO] [net.minecraft.client.Minecraft/]: Waiting 40 ticks before testing...
[28Sep2026 01:52:43.732] [Render thread/INFO] [net.minecraft.client.Minecraft/]: Waiting 40 ticks before testing...
[28Sep2026 01:52:43.803] [Render thread/INFO] [net.minecraft.client.Minecraft/]: Waiting 40 ticks before testing...
[28Sep2026 01:52:43.841] [Render thread/INFO] [net.minecraft.client.Minecraft/]: Waiting 40 ticks before testing...
[28Sep2026 01:52:43.898] [Render thread/INFO] [net.minecraft.client.Minecraft/]: Waiting 40 ticks before testing...
[28Sep2026 01:52:43.931] [Render thread/INFO] [net.minecraft.client.Minecraft/]: Waiting 40 ticks before testing...
[28Sep2026 01:52:43.994] [Render thread/INFO] [net.minecraft.client.Minecraft/]: Waiting 40 ticks before testing...
[28Sep2026 01:52:44.029] [Render thread/INFO] [net.minecraft.client.Minecraft/]: Waiting 40 ticks before testing...
[28Sep2026 01:52:44.097] [Render thread/INFO] [net.minecraft.client.Minecraft/]: Waiting 40 ticks before testing...
[28Sep2026 01:52:44.131] [Render thread/INFO] [net.minecraft.client.Minecraft/]: Waiting 40 ticks before testing...
[28Sep2026 01:52:44.192] [Render thread/INFO] [net.minecraft.client.Minecraft/]: Waiting 40 ticks before testing...
[28Sep2026 01:52:44.237] [Render thread/INFO] [net.minecraft.client.Minecraft/]: Waiting 40 ticks before testing...
[28Sep2026 01:52:44.300] [Render thread/INFO] [net.minecraft.client.Minecraft/]: Waiting 40 ticks before testing...
[28Sep2026 01:52:44.334] [Render thread/INFO] [net.minecraft.client.Minecraft/]: Waiting 40 ticks before testing...
[28Sep2026 01:52:44.387] [Render thread/INFO] [net.minecraft.client.Minecraft/]: Waiting 40 ticks before testing...
[28Sep2026 01:52:44.428] [Render thread/INFO] [net.minecraft.client.Minecraft/]: Waiting 40 ticks before testing...
[28Sep2026 01:52:44.433] [Render thread/INFO] [Crossblades/]: [self-test] ok: releasing use stops guarding
[28Sep2026 01:52:44.490] [Render thread/INFO] [net.minecraft.client.Minecraft/]: Waiting 40 ticks before testing...
[28Sep2026 01:52:44.546] [Render thread/INFO] [net.minecraft.client.Minecraft/]: Waiting 40 ticks before testing...
[28Sep2026 01:52:44.588] [Render thread/INFO] [net.minecraft.client.Minecraft/]: Waiting 40 ticks before testing...
[28Sep2026 01:52:44.651] [Render thread/INFO] [net.minecraft.client.Minecraft/]: Waiting 40 ticks before testing...
[28Sep2026 01:52:44.686] [Render thread/INFO] [net.minecraft.client.Minecraft/]: Waiting 40 ticks before testing...
[28Sep2026 01:52:44.762] [Render thread/INFO] [net.minecraft.client.Minecraft/]: Waiting 40 ticks before testing...
[28Sep2026 01:52:44.810] [Render thread/INFO] [net.minecraft.client.Minecraft/]: Waiting 40 ticks before testing...
[28Sep2026 01:52:44.843] [Render thread/INFO] [net.minecraft.client.Minecraft/]: Waiting 40 ticks before testing...
[28Sep2026 01:52:44.907] [Render thread/INFO] [net.minecraft.client.Minecraft/]: Waiting 40 ticks before testing...
[28Sep2026 01:52:44.966] [Render thread/INFO] [net.minecraft.client.Minecraft/]: Waiting 40 ticks before testing...
[28Sep2026 01:52:45.013] [Render thread/INFO] [net.minecraft.client.Minecraft/]: Waiting 40 ticks before testing...
[28Sep2026 01:52:45.040] [Render thread/INFO] [net.minecraft.client.Minecraft/]: Waiting 40 ticks before testing...
[28Sep2026 01:52:45.100] [Render thread/INFO] [net.minecraft.client.Minecraft/]: Waiting 40 ticks before testing...
[28Sep2026 01:52:45.157] [Render thread/INFO] [net.minecraft.client.Minecraft/]: Waiting 40 ticks before testing...
[28Sep2026 01:52:45.189] [Render thread/INFO] [net.minecraft.client.Minecraft/]: Waiting 40 ticks before testing...
[28Sep2026 01:52:45.249] [Render thread/INFO] [net.minecraft.client.Minecraft/]: Waiting 40 ticks before testing...
[28Sep2026 01:52:45.296] [Render thread/INFO] [net.minecraft.client.Minecraft/]: Waiting 40 ticks before testing...
[28Sep2026 01:52:45.329] [Render thread/INFO] [net.minecraft.client.Minecraft/]: Waiting 40 ticks before testing...
[28Sep2026 01:52:45.335] [Render thread/INFO] [Crossblades/]: [self-test] ok: a guard raised just before the hit blocks most or all damage (got LastClash[kind=PERFECT_BLOCK, damageTaken=0.0, damageDealt=0.0, serial=4])
[28Sep2026 01:52:45.335] [Render thread/INFO] [Crossblades/]: [self-test] ok: and damage matches the tier (took 0.0)
[28Sep2026 01:52:45.339] [Render thread/INFO] [Crossblades/]: [self-test] late guard result: PERFECT_BLOCK, took 0%
[28Sep2026 01:52:45.343] [Server thread/INFO] [net.minecraft.server.MinecraftServer/]: Teleported Offline to 1.500000, 200.000000, -9.500000
[28Sep2026 01:52:45.346] [Server thread/INFO] [net.minecraft.server.MinecraftServer/]: parryWindowMs needs a number, not "fast"
[28Sep2026 01:52:45.346] [Render thread/INFO] [Crossblades/]: [self-test] ok: /crossblades set refuses a value that isn't a number
[28Sep2026 01:52:45.349] [Server thread/INFO] [net.minecraft.server.MinecraftServer/]: [Crossblades] Server set parryWindowMs to 400ms (was 100ms)
[28Sep2026 01:52:45.351] [Server thread/INFO] [net.minecraft.server.MinecraftServer/]: [Crossblades] Server set parryWindowMs to 400ms (was 100ms)
[28Sep2026 01:52:45.351] [Render thread/INFO] [Crossblades/]: [self-test] ok: /crossblades set changes a setting right away
[28Sep2026 01:52:45.351] [Render thread/INFO] [Crossblades/]: [self-test] ok: and saves it to the config file
[28Sep2026 01:52:45.392] [Render thread/INFO] [net.minecraft.client.gui.components.ChatComponent/]: [System] [CHAT] [Crossblades] Server set parryWindowMs to 400ms (was 100ms)
[28Sep2026 01:52:45.397] [Render thread/INFO] [net.minecraft.client.Minecraft/]: Waiting 40 ticks before testing...
[28Sep2026 01:52:45.463] [Render thread/INFO] [net.minecraft.client.Minecraft/]: Waiting 40 ticks before testing...
[28Sep2026 01:52:45.514] [Render thread/INFO] [net.minecraft.client.Minecraft/]: Waiting 40 ticks before testing...
[28Sep2026 01:52:45.570] [Render thread/INFO] [net.minecraft.client.Minecraft/]: Waiting 40 ticks before testing...
[28Sep2026 01:52:45.620] [Render thread/INFO] [net.minecraft.client.Minecraft/]: Waiting 40 ticks before testing...
[28Sep2026 01:52:45.668] [Render thread/INFO] [net.minecraft.client.Minecraft/]: Waiting 40 ticks before testing...
[28Sep2026 01:52:45.720] [Render thread/INFO] [net.minecraft.client.Minecraft/]: Waiting 40 ticks before testing...
[28Sep2026 01:52:45.749] [Render thread/INFO] [net.minecraft.client.Minecraft/]: Waiting 40 ticks before testing...
[28Sep2026 01:52:45.787] [Render thread/INFO] [net.minecraft.client.Minecraft/]: Waiting 40 ticks before testing...
[28Sep2026 01:52:45.832] [Render thread/INFO] [net.minecraft.client.Minecraft/]: Waiting 40 ticks before testing...
[28Sep2026 01:52:45.885] [Render thread/INFO] [net.minecraft.client.Minecraft/]: Waiting 40 ticks before testing...
[28Sep2026 01:52:45.945] [Render thread/INFO] [net.minecraft.client.Minecraft/]: Waiting 40 ticks before testing...
[28Sep2026 01:52:45.977] [Render thread/INFO] [net.minecraft.client.Minecraft/]: Waiting 40 ticks before testing...
[28Sep2026 01:52:45.980] [Render thread/INFO] [Crossblades/]: [self-test] ok: the last flick (left) also loaded a left slash
[28Sep2026 01:52:46.052] [Render thread/INFO] [net.minecraft.client.Minecraft/]: Waiting 40 ticks before testing...
[28Sep2026 01:52:46.088] [Render thread/INFO] [net.minecraft.client.Minecraft/]: Waiting 40 ticks before testing...
[28Sep2026 01:52:46.143] [Render thread/INFO] [net.minecraft.client.Minecraft/]: Waiting 40 ticks before testing...
[28Sep2026 01:52:46.192] [Render thread/INFO] [net.minecraft.client.Minecraft/]: Waiting 40 ticks before testing...
[28Sep2026 01:52:46.247] [Render thread/INFO] [net.minecraft.client.Minecraft/]: Waiting 40 ticks before testing...
[28Sep2026 01:52:46.285] [Render thread/INFO] [net.minecraft.client.Minecraft/]: Waiting 40 ticks before testing...
[28Sep2026 01:52:46.342] [Render thread/INFO] [net.minecraft.client.Minecraft/]: Waiting 40 ticks before testing...
[28Sep2026 01:52:46.383] [Render thread/INFO] [net.minecraft.client.Minecraft/]: Waiting 40 ticks before testing...
[28Sep2026 01:52:46.447] [Render thread/INFO] [net.minecraft.client.Minecraft/]: Waiting 40 ticks before testing...
[28Sep2026 01:52:46.486] [Render thread/INFO] [net.minecraft.client.Minecraft/]: Waiting 40 ticks before testing...
[28Sep2026 01:52:46.549] [Render thread/INFO] [net.minecraft.client.Minecraft/]: Waiting 40 ticks before testing...
[28Sep2026 01:52:46.605] [Render thread/INFO] [net.minecraft.client.Minecraft/]: Waiting 40 ticks before testing...
[28Sep2026 01:52:46.637] [Render thread/INFO] [net.minecraft.client.Minecraft/]: Waiting 40 ticks before testing...
[28Sep2026 01:52:46.677] [Render thread/INFO] [net.minecraft.client.Minecraft/]: Waiting 40 ticks before testing...
[28Sep2026 01:52:46.754] [Render thread/INFO] [net.minecraft.client.Minecraft/]: Waiting 40 ticks before testing...
[28Sep2026 01:52:46.768] [Render thread/INFO] [Crossblades/]: [self-test] ok: attacking into the swing parries it (got LastClash[kind=PARRY, damageTaken=0.0, damageDealt=0.0, serial=5])
[28Sep2026 01:52:46.769] [Render thread/INFO] [Crossblades/]: [self-test] ok: a parry takes no damage (took 0.0)
[28Sep2026 01:52:46.769] [Render thread/INFO] [Crossblades/]: [self-test] ok: the parried attacker is staggered
[28Sep2026 01:52:46.772] [Server thread/INFO] [net.minecraft.server.MinecraftServer/]: [Crossblades] Server set parryWindowMs to 100ms (was 400ms)
[28Sep2026 01:52:46.773] [Server thread/INFO] [net.minecraft.server.MinecraftServer/]: [Crossblades] Server set parryWindowMs to 100ms (was 400ms)
[28Sep2026 01:52:46.773] [Render thread/INFO] [Crossblades/]: [self-test] ok: /crossblades reset puts a setting back to its default
[28Sep2026 01:52:46.819] [Render thread/INFO] [net.minecraft.client.gui.components.ChatComponent/]: [System] [CHAT] [Crossblades] Server set parryWindowMs to 100ms (was 400ms)
[28Sep2026 01:52:46.824] [Render thread/INFO] [net.minecraft.client.Minecraft/]: Waiting 40 ticks before testing...
[28Sep2026 01:52:46.866] [Render thread/INFO] [net.minecraft.client.Minecraft/]: Waiting 40 ticks before testing...
[28Sep2026 01:52:46.903] [Render thread/INFO] [net.minecraft.client.Minecraft/]: Waiting 40 ticks before testing...
[28Sep2026 01:52:46.938] [Render thread/INFO] [net.minecraft.client.Minecraft/]: Waiting 40 ticks before testing...
[28Sep2026 01:52:46.990] [Render thread/INFO] [net.minecraft.client.Minecraft/]: Waiting 40 ticks before testing...
[28Sep2026 01:52:47.036] [Render thread/INFO] [net.minecraft.client.Minecraft/]: Waiting 40 ticks before testing...
[28Sep2026 01:52:47.090] [Render thread/INFO] [net.minecraft.client.Minecraft/]: Waiting 40 ticks before testing...
[28Sep2026 01:52:47.148] [Render thread/INFO] [net.minecraft.client.Minecraft/]: Waiting 40 ticks before testing...
[28Sep2026 01:52:47.207] [Render thread/INFO] [net.minecraft.client.Minecraft/]: Waiting 40 ticks before testing...
[28Sep2026 01:52:47.241] [Render thread/INFO] [net.minecraft.client.Minecraft/]: Waiting 40 ticks before testing...
[28Sep2026 01:52:47.293] [Render thread/INFO] [net.minecraft.client.Minecraft/]: Waiting 40 ticks before testing...
[28Sep2026 01:52:47.342] [Render thread/INFO] [net.minecraft.client.Minecraft/]: Waiting 40 ticks before testing...
[28Sep2026 01:52:47.394] [Render thread/INFO] [net.minecraft.client.Minecraft/]: Waiting 40 ticks before testing...
[28Sep2026 01:52:47.450] [Render thread/INFO] [net.minecraft.client.Minecraft/]: Waiting 40 ticks before testing...
[28Sep2026 01:52:47.492] [Render thread/INFO] [net.minecraft.client.Minecraft/]: Waiting 40 ticks before testing...
[28Sep2026 01:52:47.542] [Render thread/INFO] [net.minecraft.client.Minecraft/]: Waiting 40 ticks before testing...
[28Sep2026 01:52:47.580] [Render thread/INFO] [net.minecraft.client.Minecraft/]: Waiting 40 ticks before testing...
[28Sep2026 01:52:47.635] [Render thread/INFO] [net.minecraft.client.Minecraft/]: Waiting 40 ticks before testing...
[28Sep2026 01:52:47.700] [Render thread/INFO] [net.minecraft.client.Minecraft/]: Waiting 40 ticks before testing...
[28Sep2026 01:52:47.748] [Render thread/INFO] [net.minecraft.client.Minecraft/]: Waiting 40 ticks before testing...
[28Sep2026 01:52:47.802] [Render thread/INFO] [net.minecraft.client.Minecraft/]: Waiting 40 ticks before testing...
[28Sep2026 01:52:47.810] [Server thread/INFO] [net.minecraft.server.MinecraftServer/]: [Crossblades] Server set flick.thresholdDegrees to 30° (was 15°)
[28Sep2026 01:52:47.810] [Server thread/INFO] [net.minecraft.server.MinecraftServer/]: [Crossblades] Server set flick.thresholdDegrees to 30° (was 15°)
[28Sep2026 01:52:47.813] [Render thread/INFO] [Crossblades/]: [self-test] ok: /crossblades set changes the flick threshold
[28Sep2026 01:52:47.813] [Server thread/INFO] [net.minecraft.server.MinecraftServer/]: Crossblades settings
[28Sep2026 01:52:47.813] [Server thread/INFO] [net.minecraft.server.MinecraftServer/]:  /crossblades list [group]  show settings (try flick, parry, changed)
[28Sep2026 01:52:47.814] [Server thread/INFO] [net.minecraft.server.MinecraftServer/]:  /crossblades get <setting>  one value and what it does
[28Sep2026 01:52:47.814] [Server thread/INFO] [net.minecraft.server.MinecraftServer/]:  /crossblades set <setting> <value>  change it for everyone, saved right away
[28Sep2026 01:52:47.814] [Server thread/INFO] [net.minecraft.server.MinecraftServer/]:  /crossblades reset <setting>|all  back to the default
[28Sep2026 01:52:47.814] [Server thread/INFO] [net.minecraft.server.MinecraftServer/]:  /crossblades reload  read config/crossblades.json again
[28Sep2026 01:52:47.814] [Render thread/INFO] [Crossblades/]: [self-test] ok: /crossblades shows help
[28Sep2026 01:52:47.814] [Server thread/INFO] [net.minecraft.server.MinecraftServer/]: Crossblades settings: pick a group
[28Sep2026 01:52:47.814] [Server thread/INFO] [net.minecraft.server.MinecraftServer/]:  [flick] [overhead] [slash] [poke] [blocking] [parry] [other] [changed] [all] 
[28Sep2026 01:52:47.814] [Render thread/INFO] [Crossblades/]: [self-test] ok: /crossblades list shows the groups
[28Sep2026 01:52:47.817] [Server thread/INFO] [net.minecraft.server.MinecraftServer/]: Crossblades: flick (click one to change it)
[28Sep2026 01:52:47.818] [Server thread/INFO] [net.minecraft.server.MinecraftServer/]:   flick.thresholdDegrees = 30°  (default 15°)
[28Sep2026 01:52:47.818] [Server thread/INFO] [net.minecraft.server.MinecraftServer/]:   flick.windowMs = 100ms
[28Sep2026 01:52:47.818] [Server thread/INFO] [net.minecraft.server.MinecraftServer/]:   flick.dominance = 1.5
[28Sep2026 01:52:47.818] [Server thread/INFO] [net.minecraft.server.MinecraftServer/]:   flick.returnGraceMs = 400ms
[28Sep2026 01:52:47.818] [Server thread/INFO] [net.minecraft.server.MinecraftServer/]:   flick.returnOverride = 2
[28Sep2026 01:52:47.818] [Render thread/INFO] [Crossblades/]: [self-test] ok: /crossblades list flick shows the 5 flick settings
[28Sep2026 01:52:47.835] [Server thread/INFO] [net.minecraft.server.MinecraftServer/]: Crossblades: changed (click one to change it)
[28Sep2026 01:52:47.836] [Server thread/INFO] [net.minecraft.server.MinecraftServer/]:   flick.thresholdDegrees = 30°  (default 15°)
[28Sep2026 01:52:47.836] [Render thread/INFO] [Crossblades/]: [self-test] ok: /crossblades list changed shows the one changed setting
[28Sep2026 01:52:47.864] [Server thread/INFO] [net.minecraft.server.MinecraftServer/]:   flick.thresholdDegrees = 30°  (default 15°)
[28Sep2026 01:52:47.865] [Server thread/INFO] [net.minecraft.server.MinecraftServer/]:   Flicks: how far the camera must turn quickly to count as a flick. Lower = easier to flick.
[28Sep2026 01:52:47.865] [Render thread/INFO] [Crossblades/]: [self-test] ok: /crossblades get works and ignores case
[28Sep2026 01:52:47.866] [Server thread/INFO] [net.minecraft.server.MinecraftServer/]: There is no setting called "nothing.here". Try /crossblades list all
[28Sep2026 01:52:47.866] [Render thread/INFO] [Crossblades/]: [self-test] ok: /crossblades get refuses an unknown setting
[28Sep2026 01:52:47.895] [Render thread/INFO] [net.minecraft.client.gui.components.ChatComponent/]: [System] [CHAT] [Crossblades] Server set flick.thresholdDegrees to 30° (was 15°)
[28Sep2026 01:52:47.901] [Render thread/INFO] [net.minecraft.client.Minecraft/]: Waiting 40 ticks before testing...
[28Sep2026 01:52:47.906] [Render thread/INFO] [net.minecraft.client.Minecraft/]: Waiting 40 ticks before testing...
[28Sep2026 01:52:47.955] [Render thread/INFO] [net.minecraft.client.Minecraft/]: Waiting 40 ticks before testing...
[28Sep2026 01:52:47.998] [Render thread/INFO] [net.minecraft.client.Minecraft/]: Waiting 40 ticks before testing...
[28Sep2026 01:52:48.034] [Render thread/INFO] [net.minecraft.client.Minecraft/]: Waiting 40 ticks before testing...
[28Sep2026 01:52:48.113] [Render thread/INFO] [net.minecraft.client.Minecraft/]: Waiting 40 ticks before testing...
[28Sep2026 01:52:48.169] [Render thread/INFO] [net.minecraft.client.Minecraft/]: Waiting 40 ticks before testing...
[28Sep2026 01:52:48.171] [Render thread/INFO] [Crossblades/]: [self-test] ok: with a 30 degree threshold a 20 degree flick doesn't count (got LEFT)
[28Sep2026 01:52:48.176] [Server thread/INFO] [net.minecraft.server.MinecraftServer/]: [Crossblades] Server set flick.thresholdDegrees to 15° (was 30°)
[28Sep2026 01:52:48.176] [Server thread/INFO] [net.minecraft.server.MinecraftServer/]: [Crossblades] Server set flick.thresholdDegrees to 15° (was 30°)
[28Sep2026 01:52:48.178] [Render thread/INFO] [Crossblades/]: [self-test] ok: /crossblades reset puts the flick threshold back
[28Sep2026 01:52:48.233] [Render thread/INFO] [net.minecraft.client.gui.components.ChatComponent/]: [System] [CHAT] [Crossblades] Server set flick.thresholdDegrees to 15° (was 30°)
[28Sep2026 01:52:48.238] [Render thread/INFO] [net.minecraft.client.Minecraft/]: Waiting 40 ticks before testing...
[28Sep2026 01:52:48.241] [Render thread/INFO] [net.minecraft.client.Minecraft/]: Waiting 40 ticks before testing...
[28Sep2026 01:52:48.299] [Render thread/INFO] [net.minecraft.client.Minecraft/]: Waiting 40 ticks before testing...
[28Sep2026 01:52:48.356] [Render thread/INFO] [net.minecraft.client.Minecraft/]: Waiting 40 ticks before testing...
[28Sep2026 01:52:48.389] [Render thread/INFO] [net.minecraft.client.Minecraft/]: Waiting 40 ticks before testing...
[28Sep2026 01:52:48.473] [Render thread/INFO] [net.minecraft.client.Minecraft/]: Waiting 40 ticks before testing...
[28Sep2026 01:52:48.510] [Render thread/INFO] [net.minecraft.client.Minecraft/]: Waiting 40 ticks before testing...
[28Sep2026 01:52:48.513] [Render thread/INFO] [Crossblades/]: [self-test] ok: after the reset the same flick counts again (got RIGHT)
[28Sep2026 01:52:48.544] [Render thread/INFO] [net.minecraft.client.Minecraft/]: Waiting 40 ticks before testing...
[28Sep2026 01:52:48.581] [Render thread/INFO] [net.minecraft.client.Minecraft/]: Waiting 40 ticks before testing...
[28Sep2026 01:52:48.671] [Render thread/INFO] [net.minecraft.client.Minecraft/]: Waiting 40 ticks before testing...
[28Sep2026 01:52:48.720] [Render thread/INFO] [net.minecraft.client.Minecraft/]: Waiting 40 ticks before testing...
[28Sep2026 01:52:48.753] [Render thread/INFO] [net.minecraft.client.Minecraft/]: Waiting 40 ticks before testing...
[28Sep2026 01:52:48.787] [Render thread/INFO] [net.minecraft.client.Minecraft/]: Waiting 40 ticks before testing...
[28Sep2026 01:52:48.799] [Server thread/INFO] [net.minecraft.server.MinecraftServer/]: Teleported Offline to 1.500000, 200.000000, -9.500000
[28Sep2026 01:52:48.843] [Render thread/INFO] [net.minecraft.client.Minecraft/]: Waiting 40 ticks before testing...
[28Sep2026 01:52:48.886] [Render thread/INFO] [net.minecraft.client.Minecraft/]: Waiting 40 ticks before testing...
[28Sep2026 01:52:48.950] [Render thread/INFO] [net.minecraft.client.Minecraft/]: Waiting 40 ticks before testing...
[28Sep2026 01:52:48.983] [Render thread/INFO] [net.minecraft.client.Minecraft/]: Waiting 40 ticks before testing...
[28Sep2026 01:52:49.053] [Render thread/INFO] [net.minecraft.client.Minecraft/]: Waiting 40 ticks before testing...
[28Sep2026 01:52:49.087] [Render thread/INFO] [net.minecraft.client.Minecraft/]: Waiting 40 ticks before testing...
[28Sep2026 01:52:49.130] [Render thread/INFO] [net.minecraft.client.Minecraft/]: Waiting 40 ticks before testing...
[28Sep2026 01:52:49.197] [Render thread/INFO] [net.minecraft.client.Minecraft/]: Waiting 40 ticks before testing...
[28Sep2026 01:52:49.234] [Render thread/INFO] [net.minecraft.client.Minecraft/]: Waiting 40 ticks before testing...
[28Sep2026 01:52:49.285] [Render thread/INFO] [net.minecraft.client.Minecraft/]: Waiting 40 ticks before testing...
[28Sep2026 01:52:49.337] [Render thread/INFO] [net.minecraft.client.Minecraft/]: Waiting 40 ticks before testing...
[28Sep2026 01:52:49.412] [Render thread/INFO] [net.minecraft.client.Minecraft/]: Waiting 40 ticks before testing...
[28Sep2026 01:52:49.451] [Render thread/INFO] [net.minecraft.client.Minecraft/]: Waiting 40 ticks before testing...
[28Sep2026 01:52:49.505] [Render thread/INFO] [net.minecraft.client.Minecraft/]: Waiting 40 ticks before testing...
[28Sep2026 01:52:49.563] [Render thread/INFO] [net.minecraft.client.Minecraft/]: Waiting 40 ticks before testing...
[28Sep2026 01:52:49.605] [Render thread/INFO] [net.minecraft.client.Minecraft/]: Waiting 40 ticks before testing...
[28Sep2026 01:52:49.641] [Render thread/INFO] [net.minecraft.client.Minecraft/]: Waiting 40 ticks before testing...
[28Sep2026 01:52:49.746] [Render thread/INFO] [net.minecraft.client.Minecraft/]: Waiting 40 ticks before testing...
[28Sep2026 01:52:49.749] [Render thread/INFO] [net.minecraft.client.Minecraft/]: Waiting 40 ticks before testing...
[28Sep2026 01:52:49.793] [Render thread/INFO] [net.minecraft.client.Minecraft/]: Waiting 40 ticks before testing...
[28Sep2026 01:52:49.839] [Render thread/INFO] [net.minecraft.client.Minecraft/]: Waiting 40 ticks before testing...
[28Sep2026 01:52:49.901] [Render thread/INFO] [net.minecraft.client.Minecraft/]: Waiting 40 ticks before testing...
[28Sep2026 01:52:49.951] [Render thread/INFO] [net.minecraft.client.Minecraft/]: Waiting 40 ticks before testing...
[28Sep2026 01:52:50.015] [Render thread/INFO] [net.minecraft.client.Minecraft/]: Waiting 40 ticks before testing...
[28Sep2026 01:52:50.084] [Render thread/INFO] [net.minecraft.client.Minecraft/]: Waiting 40 ticks before testing...
[28Sep2026 01:52:50.093] [Render thread/INFO] [net.minecraft.client.Minecraft/]: Waiting 40 ticks before testing...
[28Sep2026 01:52:50.154] [Render thread/INFO] [net.minecraft.client.Minecraft/]: Waiting 40 ticks before testing...
[28Sep2026 01:52:50.201] [Render thread/INFO] [net.minecraft.client.Minecraft/]: Waiting 40 ticks before testing...
[28Sep2026 01:52:50.238] [Render thread/INFO] [net.minecraft.client.Minecraft/]: Waiting 40 ticks before testing...
[28Sep2026 01:52:50.302] [Render thread/INFO] [net.minecraft.client.Minecraft/]: Waiting 40 ticks before testing...
[28Sep2026 01:52:50.335] [Render thread/INFO] [net.minecraft.client.Minecraft/]: Waiting 40 ticks before testing...
[28Sep2026 01:52:50.380] [Render thread/INFO] [net.minecraft.client.Minecraft/]: Waiting 40 ticks before testing...
[28Sep2026 01:52:50.445] [Render thread/INFO] [net.minecraft.client.Minecraft/]: Waiting 40 ticks before testing...
[28Sep2026 01:52:50.497] [Render thread/INFO] [net.minecraft.client.Minecraft/]: Waiting 40 ticks before testing...
[28Sep2026 01:52:50.538] [Render thread/INFO] [net.minecraft.client.Minecraft/]: Waiting 40 ticks before testing...
[28Sep2026 01:52:50.608] [Render thread/INFO] [net.minecraft.client.Minecraft/]: Waiting 40 ticks before testing...
[28Sep2026 01:52:50.659] [Render thread/INFO] [net.minecraft.client.Minecraft/]: Waiting 40 ticks before testing...
[28Sep2026 01:52:50.713] [Render thread/INFO] [net.minecraft.client.Minecraft/]: Waiting 40 ticks before testing...
[28Sep2026 01:52:50.746] [Render thread/INFO] [net.minecraft.client.Minecraft/]: Waiting 40 ticks before testing...
[28Sep2026 01:52:50.803] [Render thread/INFO] [net.minecraft.client.Minecraft/]: Waiting 40 ticks before testing...
[28Sep2026 01:52:50.889] [Render thread/INFO] [net.minecraft.client.Minecraft/]: Waiting 40 ticks before testing...
[28Sep2026 01:52:50.892] [Render thread/INFO] [net.minecraft.client.Minecraft/]: Waiting 40 ticks before testing...
[28Sep2026 01:52:50.935] [Render thread/INFO] [net.minecraft.client.Minecraft/]: Waiting 40 ticks before testing...
[28Sep2026 01:52:50.980] [Render thread/INFO] [net.minecraft.client.Minecraft/]: Waiting 40 ticks before testing...
[28Sep2026 01:52:51.086] [Render thread/INFO] [net.minecraft.client.Minecraft/]: Waiting 40 ticks before testing...
[28Sep2026 01:52:51.094] [Render thread/INFO] [net.minecraft.client.Minecraft/]: Waiting 40 ticks before testing...
[28Sep2026 01:52:51.164] [Render thread/INFO] [net.minecraft.client.Minecraft/]: Waiting 40 ticks before testing...
[28Sep2026 01:52:51.231] [Render thread/INFO] [net.minecraft.client.Minecraft/]: Waiting 40 ticks before testing...
[28Sep2026 01:52:51.234] [Render thread/INFO] [net.minecraft.client.Minecraft/]: Waiting 40 ticks before testing...
[28Sep2026 01:52:51.292] [Render thread/INFO] [net.minecraft.client.Minecraft/]: Waiting 40 ticks before testing...
[28Sep2026 01:52:51.354] [Render thread/INFO] [net.minecraft.client.Minecraft/]: Waiting 40 ticks before testing...
[28Sep2026 01:52:51.390] [Render thread/INFO] [net.minecraft.client.Minecraft/]: Waiting 40 ticks before testing...
[28Sep2026 01:52:51.429] [Render thread/INFO] [net.minecraft.client.Minecraft/]: Waiting 40 ticks before testing...
[28Sep2026 01:52:51.519] [Render thread/INFO] [net.minecraft.client.Minecraft/]: Waiting 40 ticks before testing...
[28Sep2026 01:52:51.570] [Render thread/INFO] [net.minecraft.client.Minecraft/]: Waiting 40 ticks before testing...
[28Sep2026 01:52:51.622] [Render thread/INFO] [net.minecraft.client.Minecraft/]: Waiting 40 ticks before testing...
[28Sep2026 01:52:51.664] [Render thread/INFO] [net.minecraft.client.Minecraft/]: Waiting 40 ticks before testing...
[28Sep2026 01:52:51.703] [Render thread/INFO] [net.minecraft.client.Minecraft/]: Waiting 40 ticks before testing...
[28Sep2026 01:52:51.747] [Render thread/INFO] [net.minecraft.client.Minecraft/]: Waiting 40 ticks before testing...
[28Sep2026 01:52:51.787] [Render thread/INFO] [net.minecraft.client.Minecraft/]: Waiting 40 ticks before testing...
[28Sep2026 01:52:51.839] [Render thread/INFO] [net.minecraft.client.Minecraft/]: Waiting 40 ticks before testing...
[28Sep2026 01:52:51.884] [Render thread/INFO] [net.minecraft.client.Minecraft/]: Waiting 40 ticks before testing...
[28Sep2026 01:52:51.928] [Render thread/INFO] [net.minecraft.client.Minecraft/]: Waiting 40 ticks before testing...
[28Sep2026 01:52:51.983] [Render thread/INFO] [net.minecraft.client.Minecraft/]: Waiting 40 ticks before testing...
[28Sep2026 01:52:52.065] [Render thread/INFO] [net.minecraft.client.Minecraft/]: Waiting 40 ticks before testing...
[28Sep2026 01:52:52.109] [Render thread/INFO] [net.minecraft.client.Minecraft/]: Waiting 40 ticks before testing...
[28Sep2026 01:52:52.160] [Render thread/INFO] [net.minecraft.client.Minecraft/]: Waiting 40 ticks before testing...
[28Sep2026 01:52:52.250] [Render thread/INFO] [net.minecraft.client.Minecraft/]: Waiting 40 ticks before testing...
[28Sep2026 01:52:52.255] [Render thread/INFO] [net.minecraft.client.Minecraft/]: Waiting 40 ticks before testing...
[28Sep2026 01:52:52.337] [Render thread/INFO] [net.minecraft.client.Minecraft/]: Waiting 40 ticks before testing...
[28Sep2026 01:52:52.339] [Render thread/INFO] [net.minecraft.client.Minecraft/]: Waiting 40 ticks before testing...
[28Sep2026 01:52:52.352] [Render thread/INFO] [net.minecraft.client.renderer.DynamicUniformStorage/]: Resizing Chunk Sections UBO, capacity limit of 64 reached during a single frame. New capacity will be 128.
[28Sep2026 01:52:52.405] [Render thread/INFO] [net.minecraft.client.Minecraft/]: Waiting 40 ticks before testing...
[28Sep2026 01:52:52.451] [Render thread/INFO] [net.minecraft.client.Minecraft/]: Waiting 40 ticks before testing...
[28Sep2026 01:52:52.500] [Render thread/INFO] [net.minecraft.client.Minecraft/]: Waiting 40 ticks before testing...
[28Sep2026 01:52:52.547] [Render thread/INFO] [net.minecraft.client.Minecraft/]: Waiting 40 ticks before testing...
[28Sep2026 01:52:52.609] [Render thread/INFO] [net.minecraft.client.Minecraft/]: Waiting 40 ticks before testing...
[28Sep2026 01:52:52.688] [Render thread/INFO] [net.minecraft.client.Minecraft/]: Waiting 40 ticks before testing...
[28Sep2026 01:52:52.692] [Render thread/INFO] [net.minecraft.client.Minecraft/]: Waiting 40 ticks before testing...
[28Sep2026 01:52:52.752] [Render thread/INFO] [net.minecraft.client.Minecraft/]: Waiting 40 ticks before testing...
[28Sep2026 01:52:52.809] [Render thread/INFO] [net.minecraft.client.Minecraft/]: Waiting 40 ticks before testing...
[28Sep2026 01:52:52.860] [Render thread/INFO] [net.minecraft.client.Minecraft/]: Waiting 40 ticks before testing...
[28Sep2026 01:52:52.912] [Render thread/INFO] [net.minecraft.client.Minecraft/]: Waiting 40 ticks before testing...
[28Sep2026 01:52:52.961] [Render thread/INFO] [net.minecraft.client.Minecraft/]: Waiting 40 ticks before testing...
[28Sep2026 01:52:53.018] [Render thread/INFO] [net.minecraft.client.Minecraft/]: Waiting 40 ticks before testing...
[28Sep2026 01:52:53.050] [Render thread/INFO] [net.minecraft.client.Minecraft/]: Waiting 40 ticks before testing...
[28Sep2026 01:52:53.092] [Render thread/INFO] [net.minecraft.client.Minecraft/]: Waiting 40 ticks before testing...
[28Sep2026 01:52:53.157] [Render thread/INFO] [net.minecraft.client.Minecraft/]: Waiting 40 ticks before testing...
[28Sep2026 01:52:53.198] [Render thread/INFO] [net.minecraft.client.Minecraft/]: Waiting 40 ticks before testing...
[28Sep2026 01:52:53.253] [Render thread/INFO] [net.minecraft.client.Minecraft/]: Waiting 40 ticks before testing...
[28Sep2026 01:52:53.281] [Render thread/INFO] [net.minecraft.client.Minecraft/]: Waiting 40 ticks before testing...
[28Sep2026 01:52:53.329] [Render thread/INFO] [net.minecraft.client.Minecraft/]: Waiting 40 ticks before testing...
[28Sep2026 01:52:53.387] [Render thread/INFO] [net.minecraft.client.Minecraft/]: Waiting 40 ticks before testing...
[28Sep2026 01:52:53.456] [Render thread/INFO] [net.minecraft.client.Minecraft/]: Waiting 40 ticks before testing...
[28Sep2026 01:52:53.500] [Render thread/INFO] [net.minecraft.client.Minecraft/]: Waiting 40 ticks before testing...
[28Sep2026 01:52:53.530] [Render thread/INFO] [net.minecraft.client.Minecraft/]: Waiting 40 ticks before testing...
[28Sep2026 01:52:53.613] [Render thread/INFO] [net.minecraft.client.Minecraft/]: Waiting 40 ticks before testing...
[28Sep2026 01:52:53.659] [Render thread/INFO] [net.minecraft.client.Minecraft/]: Waiting 40 ticks before testing...
[28Sep2026 01:52:53.707] [Render thread/INFO] [net.minecraft.client.Minecraft/]: Waiting 40 ticks before testing...
[28Sep2026 01:52:53.748] [Render thread/INFO] [net.minecraft.client.Minecraft/]: Waiting 40 ticks before testing...
[28Sep2026 01:52:53.786] [Render thread/INFO] [net.minecraft.client.Minecraft/]: Waiting 40 ticks before testing...
[28Sep2026 01:52:53.830] [Render thread/INFO] [net.minecraft.client.Minecraft/]: Waiting 40 ticks before testing...
[28Sep2026 01:52:53.885] [Render thread/INFO] [net.minecraft.client.Minecraft/]: Waiting 40 ticks before testing...
[28Sep2026 01:52:53.963] [Render thread/INFO] [net.minecraft.client.Minecraft/]: Waiting 40 ticks before testing...
[28Sep2026 01:52:54.037] [Render thread/INFO] [net.minecraft.client.Minecraft/]: Waiting 40 ticks before testing...
[28Sep2026 01:52:54.038] [Render thread/INFO] [net.minecraft.client.Minecraft/]: Waiting 40 ticks before testing...
[28Sep2026 01:52:54.108] [Render thread/INFO] [net.minecraft.client.Minecraft/]: Waiting 40 ticks before testing...
[28Sep2026 01:52:54.174] [Render thread/INFO] [net.minecraft.client.Minecraft/]: Waiting 40 ticks before testing...
[28Sep2026 01:52:54.211] [Render thread/INFO] [net.minecraft.client.Minecraft/]: Waiting 40 ticks before testing...
[28Sep2026 01:52:54.254] [Render thread/INFO] [net.minecraft.client.Minecraft/]: Waiting 40 ticks before testing...
[28Sep2026 01:52:54.306] [Render thread/INFO] [net.minecraft.client.Minecraft/]: Waiting 40 ticks before testing...
[28Sep2026 01:52:54.353] [Render thread/INFO] [net.minecraft.client.Minecraft/]: Waiting 40 ticks before testing...
[28Sep2026 01:52:54.428] [Render thread/INFO] [net.minecraft.client.Minecraft/]: Waiting 40 ticks before testing...
[28Sep2026 01:52:54.490] [Render thread/INFO] [net.minecraft.client.Minecraft/]: Waiting 40 ticks before testing...
[28Sep2026 01:52:54.493] [Render thread/INFO] [net.minecraft.client.Minecraft/]: Waiting 40 ticks before testing...
[28Sep2026 01:52:54.545] [Render thread/INFO] [net.minecraft.client.Minecraft/]: Waiting 40 ticks before testing...
[28Sep2026 01:52:54.592] [Render thread/INFO] [net.minecraft.client.Minecraft/]: Waiting 40 ticks before testing...
[28Sep2026 01:52:54.640] [Render thread/INFO] [net.minecraft.client.Minecraft/]: Waiting 40 ticks before testing...
[28Sep2026 01:52:54.688] [Render thread/INFO] [net.minecraft.client.Minecraft/]: Waiting 40 ticks before testing...
[28Sep2026 01:52:54.754] [Render thread/INFO] [net.minecraft.client.Minecraft/]: Waiting 40 ticks before testing...
[28Sep2026 01:52:54.796] [Render thread/INFO] [net.minecraft.client.Minecraft/]: Waiting 40 ticks before testing...
[28Sep2026 01:52:54.843] [Render thread/INFO] [net.minecraft.client.Minecraft/]: Waiting 40 ticks before testing...
[28Sep2026 01:52:54.894] [Render thread/INFO] [net.minecraft.client.Minecraft/]: Waiting 40 ticks before testing...
[28Sep2026 01:52:54.940] [Render thread/INFO] [net.minecraft.client.Minecraft/]: Waiting 40 ticks before testing...
[28Sep2026 01:52:55.020] [Render thread/INFO] [net.minecraft.client.Minecraft/]: Waiting 40 ticks before testing...
[28Sep2026 01:52:55.082] [Render thread/INFO] [net.minecraft.client.Minecraft/]: Waiting 40 ticks before testing...
[28Sep2026 01:52:55.146] [Render thread/INFO] [net.minecraft.client.Minecraft/]: Waiting 40 ticks before testing...
[28Sep2026 01:52:55.147] [Render thread/INFO] [net.minecraft.client.Minecraft/]: Waiting 40 ticks before testing...
[28Sep2026 01:52:55.232] [Render thread/INFO] [net.minecraft.client.Minecraft/]: Waiting 40 ticks before testing...
[28Sep2026 01:52:55.291] [Render thread/INFO] [net.minecraft.client.Minecraft/]: Waiting 40 ticks before testing...
[28Sep2026 01:52:55.293] [Render thread/INFO] [net.minecraft.client.Minecraft/]: Waiting 40 ticks before testing...
[28Sep2026 01:52:55.344] [Render thread/INFO] [net.minecraft.client.Minecraft/]: Waiting 40 ticks before testing...
[28Sep2026 01:52:55.479] [Render thread/INFO] [net.minecraft.client.Minecraft/]: Waiting 40 ticks before testing...
[28Sep2026 01:52:55.482] [Render thread/INFO] [net.minecraft.client.Minecraft/]: Waiting 40 ticks before testing...
[28Sep2026 01:52:55.482] [Render thread/INFO] [net.minecraft.client.Minecraft/]: Waiting 40 ticks before testing...
[28Sep2026 01:52:55.562] [Render thread/INFO] [net.minecraft.client.Minecraft/]: Waiting 40 ticks before testing...
[28Sep2026 01:52:55.619] [Render thread/INFO] [net.minecraft.client.Minecraft/]: Waiting 40 ticks before testing...
[28Sep2026 01:52:55.710] [Render thread/INFO] [net.minecraft.client.Minecraft/]: Waiting 40 ticks before testing...
[28Sep2026 01:52:55.712] [Render thread/INFO] [net.minecraft.client.Minecraft/]: Waiting 40 ticks before testing...
[28Sep2026 01:52:55.766] [Render thread/INFO] [net.minecraft.client.Minecraft/]: Waiting 40 ticks before testing...
[28Sep2026 01:52:55.823] [Render thread/INFO] [net.minecraft.client.Minecraft/]: Waiting 40 ticks before testing...
[28Sep2026 01:52:55.893] [Render thread/INFO] [net.minecraft.client.Minecraft/]: Waiting 40 ticks before testing...
[28Sep2026 01:52:55.896] [Render thread/INFO] [net.minecraft.client.Minecraft/]: Waiting 40 ticks before testing...
[28Sep2026 01:52:55.954] [Render thread/INFO] [net.minecraft.client.Minecraft/]: Waiting 40 ticks before testing...
[28Sep2026 01:52:56.022] [Render thread/INFO] [net.minecraft.client.Minecraft/]: Waiting 40 ticks before testing...
[28Sep2026 01:52:56.077] [Render thread/INFO] [net.minecraft.client.Minecraft/]: Waiting 40 ticks before testing...
[28Sep2026 01:52:56.135] [Render thread/INFO] [net.minecraft.client.Minecraft/]: Waiting 40 ticks before testing...
[28Sep2026 01:52:56.137] [Render thread/INFO] [net.minecraft.client.Minecraft/]: Waiting 40 ticks before testing...
[28Sep2026 01:52:56.189] [Render thread/INFO] [net.minecraft.client.Minecraft/]: Waiting 40 ticks before testing...
[28Sep2026 01:52:56.277] [Render thread/INFO] [net.minecraft.client.Minecraft/]: Waiting 40 ticks before testing...
[28Sep2026 01:52:56.332] [Render thread/INFO] [net.minecraft.client.Minecraft/]: Waiting 40 ticks before testing...
[28Sep2026 01:52:56.334] [Render thread/INFO] [net.minecraft.client.Minecraft/]: Waiting 40 ticks before testing...
[28Sep2026 01:52:56.432] [Render thread/INFO] [net.minecraft.client.Minecraft/]: Waiting 40 ticks before testing...
[28Sep2026 01:52:56.434] [Render thread/INFO] [net.minecraft.client.Minecraft/]: Waiting 40 ticks before testing...
[28Sep2026 01:52:56.484] [Render thread/INFO] [net.minecraft.client.Minecraft/]: Waiting 40 ticks before testing...
[28Sep2026 01:52:56.529] [Render thread/INFO] [net.minecraft.client.Minecraft/]: Waiting 40 ticks before testing...
[28Sep2026 01:52:56.580] [Render thread/INFO] [net.minecraft.client.Minecraft/]: Waiting 40 ticks before testing...
[28Sep2026 01:52:56.647] [Render thread/INFO] [net.minecraft.client.Minecraft/]: Waiting 40 ticks before testing...
[28Sep2026 01:52:56.710] [Render thread/INFO] [net.minecraft.client.Minecraft/]: Waiting 40 ticks before testing...
[28Sep2026 01:52:56.797] [Render thread/INFO] [net.minecraft.client.Minecraft/]: Waiting 40 ticks before testing...
[28Sep2026 01:52:56.801] [Render thread/INFO] [net.minecraft.client.Minecraft/]: Waiting 40 ticks before testing...
[28Sep2026 01:52:56.871] [Render thread/INFO] [net.minecraft.client.Minecraft/]: Waiting 40 ticks before testing...
[28Sep2026 01:52:56.924] [Render thread/INFO] [net.minecraft.client.Minecraft/]: Waiting 40 ticks before testing...
[28Sep2026 01:52:57.011] [Render thread/INFO] [net.minecraft.client.Minecraft/]: Waiting 40 ticks before testing...
[28Sep2026 01:52:57.013] [Render thread/INFO] [net.minecraft.client.Minecraft/]: Waiting 40 ticks before testing...
[28Sep2026 01:52:57.061] [Render thread/INFO] [net.minecraft.client.Minecraft/]: Waiting 40 ticks before testing...
[28Sep2026 01:52:57.114] [Render thread/INFO] [net.minecraft.client.Minecraft/]: Waiting 40 ticks before testing...
[28Sep2026 01:52:57.184] [Render thread/INFO] [net.minecraft.client.Minecraft/]: Waiting 40 ticks before testing...
[28Sep2026 01:52:57.189] [Render thread/INFO] [net.minecraft.client.Minecraft/]: Waiting 40 ticks before testing...
[28Sep2026 01:52:57.248] [Render thread/INFO] [net.minecraft.client.Minecraft/]: Waiting 40 ticks before testing...
[28Sep2026 01:52:57.304] [Render thread/INFO] [net.minecraft.client.Minecraft/]: Waiting 40 ticks before testing...
[28Sep2026 01:52:57.360] [Render thread/INFO] [net.minecraft.client.Minecraft/]: Waiting 40 ticks before testing...
[28Sep2026 01:52:57.403] [Render thread/INFO] [net.minecraft.client.Minecraft/]: Waiting 40 ticks before testing...
[28Sep2026 01:52:57.461] [Render thread/INFO] [net.minecraft.client.Minecraft/]: Waiting 40 ticks before testing...
[28Sep2026 01:52:57.512] [Render thread/INFO] [net.minecraft.client.Minecraft/]: Waiting 40 ticks before testing...
[28Sep2026 01:52:57.563] [Render thread/INFO] [net.minecraft.client.Minecraft/]: Waiting 40 ticks before testing...
[28Sep2026 01:52:57.625] [Render thread/INFO] [net.minecraft.client.Minecraft/]: Waiting 40 ticks before testing...
[28Sep2026 01:52:57.686] [Render thread/INFO] [net.minecraft.client.Minecraft/]: Waiting 40 ticks before testing...
[28Sep2026 01:52:57.688] [Render thread/INFO] [net.minecraft.client.Minecraft/]: Waiting 40 ticks before testing...
[28Sep2026 01:52:57.772] [Render thread/INFO] [net.minecraft.client.Minecraft/]: Waiting 40 ticks before testing...
[28Sep2026 01:52:57.829] [Render thread/INFO] [net.minecraft.client.Minecraft/]: Waiting 40 ticks before testing...
[28Sep2026 01:52:57.832] [Render thread/INFO] [net.minecraft.client.Minecraft/]: Waiting 40 ticks before testing...
[28Sep2026 01:52:57.834] [Render thread/INFO] [net.minecraft.client.renderer.DynamicUniformStorage/]: Resizing Chunk Sections UBO, capacity limit of 128 reached during a single frame. New capacity will be 256.
[28Sep2026 01:52:57.928] [Render thread/INFO] [net.minecraft.client.Minecraft/]: Waiting 40 ticks before testing...
[28Sep2026 01:52:57.929] [Render thread/INFO] [net.minecraft.client.Minecraft/]: Waiting 40 ticks before testing...
[28Sep2026 01:52:58.003] [Render thread/INFO] [net.minecraft.client.Minecraft/]: Waiting 40 ticks before testing...
[28Sep2026 01:52:58.043] [Render thread/INFO] [net.minecraft.client.Minecraft/]: Waiting 40 ticks before testing...
[28Sep2026 01:52:58.113] [Render thread/INFO] [net.minecraft.client.Minecraft/]: Waiting 40 ticks before testing...
[28Sep2026 01:52:58.177] [Render thread/INFO] [net.minecraft.client.Minecraft/]: Waiting 40 ticks before testing...
[28Sep2026 01:52:58.243] [Render thread/INFO] [net.minecraft.client.Minecraft/]: Waiting 40 ticks before testing...
[28Sep2026 01:52:58.244] [Render thread/INFO] [net.minecraft.client.Minecraft/]: Waiting 40 ticks before testing...
[28Sep2026 01:52:58.317] [Render thread/INFO] [net.minecraft.client.Minecraft/]: Waiting 40 ticks before testing...
[28Sep2026 01:52:58.376] [Render thread/INFO] [net.minecraft.client.Minecraft/]: Waiting 40 ticks before testing...
[28Sep2026 01:52:58.436] [Render thread/INFO] [net.minecraft.client.Minecraft/]: Waiting 40 ticks before testing...
[28Sep2026 01:52:58.438] [Render thread/INFO] [net.minecraft.client.Minecraft/]: Waiting 40 ticks before testing...
[28Sep2026 01:52:58.500] [Render thread/INFO] [net.minecraft.client.Minecraft/]: Waiting 40 ticks before testing...
[28Sep2026 01:52:58.588] [Render thread/INFO] [net.minecraft.client.Minecraft/]: Waiting 40 ticks before testing...
[28Sep2026 01:52:58.589] [Render thread/INFO] [net.minecraft.client.Minecraft/]: Waiting 40 ticks before testing...
[28Sep2026 01:52:58.677] [Render thread/INFO] [net.minecraft.client.Minecraft/]: Waiting 40 ticks before testing...
[28Sep2026 01:52:58.753] [Render thread/INFO] [net.minecraft.client.Minecraft/]: Waiting 40 ticks before testing...
[28Sep2026 01:52:58.754] [Render thread/INFO] [net.minecraft.client.Minecraft/]: Waiting 40 ticks before testing...
[28Sep2026 01:52:58.813] [Render thread/INFO] [net.minecraft.client.Minecraft/]: Waiting 40 ticks before testing...
[28Sep2026 01:52:58.869] [Render thread/INFO] [net.minecraft.client.Minecraft/]: Waiting 40 ticks before testing...
[28Sep2026 01:52:58.922] [Render thread/INFO] [net.minecraft.client.Minecraft/]: Waiting 40 ticks before testing...
[28Sep2026 01:52:58.967] [Render thread/INFO] [net.minecraft.client.Minecraft/]: Waiting 40 ticks before testing...
[28Sep2026 01:52:59.028] [Render thread/INFO] [net.minecraft.client.Minecraft/]: Waiting 40 ticks before testing...
[28Sep2026 01:52:59.099] [Render thread/INFO] [net.minecraft.client.Minecraft/]: Waiting 40 ticks before testing...
[28Sep2026 01:52:59.100] [Render thread/INFO] [net.minecraft.client.Minecraft/]: Waiting 40 ticks before testing...
[28Sep2026 01:52:59.146] [Render thread/INFO] [net.minecraft.client.Minecraft/]: Waiting 40 ticks before testing...
[28Sep2026 01:52:59.179] [Render thread/INFO] [net.minecraft.client.Minecraft/]: Waiting 40 ticks before testing...
[28Sep2026 01:52:59.264] [Render thread/INFO] [net.minecraft.client.Minecraft/]: Waiting 40 ticks before testing...
[28Sep2026 01:52:59.325] [Render thread/INFO] [net.minecraft.client.Minecraft/]: Waiting 40 ticks before testing...
[28Sep2026 01:52:59.392] [Render thread/INFO] [net.minecraft.client.Minecraft/]: Waiting 40 ticks before testing...
[28Sep2026 01:52:59.394] [Render thread/INFO] [net.minecraft.client.Minecraft/]: Waiting 40 ticks before testing...
[28Sep2026 01:52:59.448] [Render thread/INFO] [net.minecraft.client.Minecraft/]: Waiting 40 ticks before testing...
[28Sep2026 01:52:59.498] [Render thread/INFO] [net.minecraft.client.Minecraft/]: Waiting 40 ticks before testing...
[28Sep2026 01:52:59.660] [Render thread/INFO] [net.minecraft.client.Minecraft/]: Waiting 40 ticks before testing...
[28Sep2026 01:52:59.661] [Render thread/INFO] [net.minecraft.client.Minecraft/]: Waiting 40 ticks before testing...
[28Sep2026 01:52:59.662] [Render thread/INFO] [net.minecraft.client.Minecraft/]: Waiting 40 ticks before testing...
[28Sep2026 01:52:59.759] [Render thread/INFO] [net.minecraft.client.Minecraft/]: Waiting 40 ticks before testing...
[28Sep2026 01:52:59.763] [Render thread/INFO] [net.minecraft.client.Minecraft/]: Waiting 40 ticks before testing...
[28Sep2026 01:52:59.868] [Render thread/INFO] [net.minecraft.client.Minecraft/]: Waiting 40 ticks before testing...
[28Sep2026 01:52:59.870] [Render thread/INFO] [net.minecraft.client.Minecraft/]: Waiting 40 ticks before testing...
[28Sep2026 01:52:59.995] [Render thread/INFO] [net.minecraft.client.Minecraft/]: Waiting 40 ticks before testing...
[28Sep2026 01:53:00.002] [Render thread/INFO] [net.minecraft.client.Minecraft/]: Waiting 40 ticks before testing...
[28Sep2026 01:53:00.007] [Render thread/INFO] [net.minecraft.client.Minecraft/]: Waiting 40 ticks before testing...
[28Sep2026 01:53:00.120] [Render thread/INFO] [net.minecraft.client.Minecraft/]: Waiting 40 ticks before testing...
[28Sep2026 01:53:00.124] [Render thread/INFO] [net.minecraft.client.Minecraft/]: Waiting 40 ticks before testing...
[28Sep2026 01:53:00.209] [Render thread/INFO] [net.minecraft.client.Minecraft/]: Waiting 40 ticks before testing...
[28Sep2026 01:53:00.211] [Render thread/INFO] [net.minecraft.client.Minecraft/]: Waiting 40 ticks before testing...
[28Sep2026 01:53:00.266] [Render thread/INFO] [net.minecraft.client.Minecraft/]: Waiting 40 ticks before testing...
[28Sep2026 01:53:00.353] [Render thread/INFO] [net.minecraft.client.Minecraft/]: Waiting 40 ticks before testing...
[28Sep2026 01:53:00.354] [Render thread/INFO] [net.minecraft.client.Minecraft/]: Waiting 40 ticks before testing...
[28Sep2026 01:53:00.419] [Render thread/INFO] [net.minecraft.client.Minecraft/]: Waiting 40 ticks before testing...
[28Sep2026 01:53:00.486] [Render thread/INFO] [net.minecraft.client.Minecraft/]: Waiting 40 ticks before testing...
[28Sep2026 01:53:00.488] [Render thread/INFO] [net.minecraft.client.Minecraft/]: Waiting 40 ticks before testing...
[28Sep2026 01:53:00.569] [Render thread/INFO] [net.minecraft.client.Minecraft/]: Waiting 40 ticks before testing...
[28Sep2026 01:53:00.654] [Render thread/INFO] [net.minecraft.client.Minecraft/]: Waiting 40 ticks before testing...
[28Sep2026 01:53:00.657] [Render thread/INFO] [net.minecraft.client.Minecraft/]: Waiting 40 ticks before testing...
[28Sep2026 01:53:00.726] [Render thread/INFO] [net.minecraft.client.Minecraft/]: Waiting 40 ticks before testing...
[28Sep2026 01:53:00.772] [Render thread/INFO] [net.minecraft.client.Minecraft/]: Waiting 40 ticks before testing...
[28Sep2026 01:53:00.842] [Render thread/INFO] [net.minecraft.client.Minecraft/]: Waiting 40 ticks before testing...
[28Sep2026 01:53:00.843] [Render thread/INFO] [net.minecraft.client.Minecraft/]: Waiting 40 ticks before testing...
[28Sep2026 01:53:00.893] [Render thread/INFO] [net.minecraft.client.Minecraft/]: Waiting 40 ticks before testing...
[28Sep2026 01:53:00.946] [Render thread/INFO] [net.minecraft.client.Minecraft/]: Waiting 40 ticks before testing...
[28Sep2026 01:53:01.001] [Render thread/INFO] [net.minecraft.client.Minecraft/]: Waiting 40 ticks before testing...
[28Sep2026 01:53:01.060] [Render thread/INFO] [net.minecraft.client.Minecraft/]: Waiting 40 ticks before testing...
[28Sep2026 01:53:01.113] [Render thread/INFO] [net.minecraft.client.Minecraft/]: Waiting 40 ticks before testing...
[28Sep2026 01:53:01.181] [Render thread/INFO] [net.minecraft.client.Minecraft/]: Waiting 40 ticks before testing...
[28Sep2026 01:53:01.183] [Render thread/INFO] [net.minecraft.client.Minecraft/]: Waiting 40 ticks before testing...
[28Sep2026 01:53:01.247] [Render thread/INFO] [net.minecraft.client.Minecraft/]: Waiting 40 ticks before testing...
[28Sep2026 01:53:01.305] [Render thread/INFO] [net.minecraft.client.Minecraft/]: Waiting 40 ticks before testing...
[28Sep2026 01:53:01.355] [Render thread/INFO] [net.minecraft.client.Minecraft/]: Waiting 40 ticks before testing...
[28Sep2026 01:53:01.420] [Render thread/INFO] [net.minecraft.client.Minecraft/]: Waiting 40 ticks before testing...
[28Sep2026 01:53:01.465] [Render thread/INFO] [net.minecraft.client.Minecraft/]: Waiting 40 ticks before testing...
[28Sep2026 01:53:01.525] [Render thread/INFO] [net.minecraft.client.Minecraft/]: Waiting 40 ticks before testing...
[28Sep2026 01:53:01.604] [Render thread/INFO] [net.minecraft.client.Minecraft/]: Waiting 40 ticks before testing...
[28Sep2026 01:53:01.607] [Render thread/INFO] [net.minecraft.client.Minecraft/]: Waiting 40 ticks before testing...
[28Sep2026 01:53:01.669] [Render thread/INFO] [net.minecraft.client.Minecraft/]: Waiting 40 ticks before testing...
[28Sep2026 01:53:01.735] [Render thread/INFO] [net.minecraft.client.Minecraft/]: Waiting 40 ticks before testing...
[28Sep2026 01:53:01.736] [Render thread/INFO] [net.minecraft.client.Minecraft/]: Waiting 40 ticks before testing...
[28Sep2026 01:53:01.813] [Render thread/INFO] [net.minecraft.client.Minecraft/]: Waiting 40 ticks before testing...
[28Sep2026 01:53:01.878] [Render thread/INFO] [net.minecraft.client.Minecraft/]: Waiting 40 ticks before testing...
[28Sep2026 01:53:01.978] [Render thread/INFO] [net.minecraft.client.Minecraft/]: Waiting 40 ticks before testing...
[28Sep2026 01:53:01.982] [Render thread/INFO] [net.minecraft.client.Minecraft/]: Waiting 40 ticks before testing...
[28Sep2026 01:53:02.057] [Render thread/INFO] [net.minecraft.client.Minecraft/]: Waiting 40 ticks before testing...
[28Sep2026 01:53:02.060] [Render thread/INFO] [net.minecraft.client.Minecraft/]: Waiting 40 ticks before testing...
[28Sep2026 01:53:02.120] [Render thread/INFO] [net.minecraft.client.Minecraft/]: Waiting 40 ticks before testing...
[28Sep2026 01:53:02.186] [Render thread/INFO] [net.minecraft.client.Minecraft/]: Waiting 40 ticks before testing...
[28Sep2026 01:53:02.187] [Render thread/INFO] [net.minecraft.client.Minecraft/]: Waiting 40 ticks before testing...
[28Sep2026 01:53:02.236] [Render thread/INFO] [net.minecraft.client.Minecraft/]: Waiting 40 ticks before testing...
[28Sep2026 01:53:02.283] [Render thread/INFO] [net.minecraft.client.Minecraft/]: Waiting 40 ticks before testing...
[28Sep2026 01:53:02.336] [Render thread/INFO] [net.minecraft.client.Minecraft/]: Waiting 40 ticks before testing...
[28Sep2026 01:53:02.403] [Render thread/INFO] [net.minecraft.client.Minecraft/]: Waiting 40 ticks before testing...
[28Sep2026 01:53:02.487] [Render thread/INFO] [net.minecraft.client.Minecraft/]: Waiting 40 ticks before testing...
[28Sep2026 01:53:02.491] [Render thread/INFO] [net.minecraft.client.Minecraft/]: Waiting 40 ticks before testing...
[28Sep2026 01:53:02.591] [Render thread/INFO] [net.minecraft.client.Minecraft/]: Waiting 40 ticks before testing...
[28Sep2026 01:53:02.593] [Render thread/INFO] [net.minecraft.client.Minecraft/]: Waiting 40 ticks before testing...
[28Sep2026 01:53:02.657] [Render thread/INFO] [net.minecraft.client.Minecraft/]: Waiting 40 ticks before testing...
[28Sep2026 01:53:02.726] [Render thread/INFO] [net.minecraft.client.Minecraft/]: Waiting 40 ticks before testing...
[28Sep2026 01:53:02.801] [Render thread/INFO] [net.minecraft.client.Minecraft/]: Waiting 40 ticks before testing...
[28Sep2026 01:53:02.803] [Render thread/INFO] [net.minecraft.client.Minecraft/]: Waiting 40 ticks before testing...
[28Sep2026 01:53:02.886] [Render thread/INFO] [net.minecraft.client.Minecraft/]: Waiting 40 ticks before testing...
[28Sep2026 01:53:02.888] [Render thread/INFO] [net.minecraft.client.Minecraft/]: Waiting 40 ticks before testing...
[28Sep2026 01:53:02.960] [Render thread/INFO] [net.minecraft.client.Minecraft/]: Waiting 40 ticks before testing...
[28Sep2026 01:53:03.047] [Render thread/INFO] [net.minecraft.client.Minecraft/]: Waiting 40 ticks before testing...
[28Sep2026 01:53:03.051] [Render thread/INFO] [net.minecraft.client.Minecraft/]: Waiting 40 ticks before testing...
[28Sep2026 01:53:03.185] [Render thread/INFO] [net.minecraft.client.Minecraft/]: Waiting 40 ticks before testing...
[28Sep2026 01:53:03.191] [Render thread/INFO] [net.minecraft.client.Minecraft/]: Waiting 40 ticks before testing...
[28Sep2026 01:53:03.192] [Render thread/INFO] [net.minecraft.client.Minecraft/]: Waiting 40 ticks before testing...
[28Sep2026 01:53:03.299] [Render thread/INFO] [net.minecraft.client.Minecraft/]: Waiting 40 ticks before testing...
[28Sep2026 01:53:03.303] [Render thread/INFO] [net.minecraft.client.Minecraft/]: Waiting 40 ticks before testing...
[28Sep2026 01:53:03.410] [Render thread/INFO] [net.minecraft.client.Minecraft/]: Waiting 40 ticks before testing...
[28Sep2026 01:53:03.411] [Render thread/INFO] [net.minecraft.client.Minecraft/]: Waiting 40 ticks before testing...
[28Sep2026 01:53:03.482] [Render thread/INFO] [net.minecraft.client.Minecraft/]: Waiting 40 ticks before testing...
[28Sep2026 01:53:03.487] [Render thread/INFO] [net.minecraft.client.Minecraft/]: Waiting 40 ticks before testing...
[28Sep2026 01:53:03.589] [Render thread/INFO] [net.minecraft.client.Minecraft/]: Waiting 40 ticks before testing...
[28Sep2026 01:53:03.592] [Render thread/INFO] [net.minecraft.client.Minecraft/]: Waiting 40 ticks before testing...
[28Sep2026 01:53:03.701] [Render thread/INFO] [net.minecraft.client.Minecraft/]: Waiting 40 ticks before testing...
[28Sep2026 01:53:03.703] [Render thread/INFO] [net.minecraft.client.Minecraft/]: Waiting 40 ticks before testing...
[28Sep2026 01:53:03.707] [Render thread/INFO] [net.minecraft.client.renderer.DynamicUniformStorage/]: Resizing Chunk Sections UBO, capacity limit of 256 reached during a single frame. New capacity will be 512.
[28Sep2026 01:53:03.890] [Render thread/INFO] [net.minecraft.client.Minecraft/]: Waiting 40 ticks before testing...
[28Sep2026 01:53:03.891] [Render thread/INFO] [net.minecraft.client.Minecraft/]: Waiting 40 ticks before testing...
[28Sep2026 01:53:03.892] [Render thread/INFO] [net.minecraft.client.Minecraft/]: Waiting 40 ticks before testing...
[28Sep2026 01:53:03.893] [Render thread/INFO] [net.minecraft.client.Minecraft/]: Waiting 40 ticks before testing...
[28Sep2026 01:53:03.999] [Render thread/INFO] [net.minecraft.client.Minecraft/]: Waiting 40 ticks before testing...
[28Sep2026 01:53:04.001] [Render thread/INFO] [net.minecraft.client.Minecraft/]: Waiting 40 ticks before testing...
[28Sep2026 01:53:04.079] [Render thread/INFO] [net.minecraft.client.Minecraft/]: Waiting 40 ticks before testing...
[28Sep2026 01:53:04.081] [Render thread/INFO] [net.minecraft.client.Minecraft/]: Waiting 40 ticks before testing...
[28Sep2026 01:53:04.159] [Render thread/INFO] [net.minecraft.client.Minecraft/]: Waiting 40 ticks before testing...
[28Sep2026 01:53:04.225] [Render thread/INFO] [net.minecraft.client.Minecraft/]: Waiting 40 ticks before testing...
[28Sep2026 01:53:04.323] [Render thread/INFO] [net.minecraft.client.Minecraft/]: Waiting 40 ticks before testing...
[28Sep2026 01:53:04.329] [Render thread/INFO] [net.minecraft.client.Minecraft/]: Waiting 40 ticks before testing...
[28Sep2026 01:53:04.409] [Render thread/INFO] [net.minecraft.client.Minecraft/]: Waiting 40 ticks before testing...
[28Sep2026 01:53:04.412] [Render thread/INFO] [net.minecraft.client.Minecraft/]: Waiting 40 ticks before testing...
[28Sep2026 01:53:04.473] [Render thread/INFO] [net.minecraft.client.Minecraft/]: Waiting 40 ticks before testing...
[28Sep2026 01:53:04.543] [Render thread/INFO] [net.minecraft.client.Minecraft/]: Waiting 40 ticks before testing...
[28Sep2026 01:53:04.545] [Render thread/INFO] [net.minecraft.client.Minecraft/]: Waiting 40 ticks before testing...
[28Sep2026 01:53:04.609] [Render thread/INFO] [net.minecraft.client.Minecraft/]: Waiting 40 ticks before testing...
[28Sep2026 01:53:04.611] [Render thread/INFO] [Crossblades/]: [self-test] frame sampling (with speed modifier): 8 frames over 8 ticks (~8 fps); 0 ticks had several frames, the arm moved between frames in 0 of them
[28Sep2026 01:53:04.706] [Render thread/INFO] [net.minecraft.client.Minecraft/]: Waiting 40 ticks before testing...
[28Sep2026 01:53:04.708] [Render thread/INFO] [net.minecraft.client.Minecraft/]: Waiting 40 ticks before testing...
[28Sep2026 01:53:04.793] [Render thread/INFO] [net.minecraft.client.Minecraft/]: Waiting 40 ticks before testing...
[28Sep2026 01:53:04.797] [Render thread/INFO] [net.minecraft.client.Minecraft/]: Waiting 40 ticks before testing...
[28Sep2026 01:53:04.856] [Render thread/INFO] [net.minecraft.client.Minecraft/]: Waiting 40 ticks before testing...
[28Sep2026 01:53:04.918] [Render thread/INFO] [net.minecraft.client.Minecraft/]: Waiting 40 ticks before testing...
[28Sep2026 01:53:04.971] [Render thread/INFO] [net.minecraft.client.Minecraft/]: Waiting 40 ticks before testing...
[28Sep2026 01:53:05.028] [Render thread/INFO] [net.minecraft.client.Minecraft/]: Waiting 40 ticks before testing...
[28Sep2026 01:53:05.029] [Render thread/INFO] [net.minecraft.client.Minecraft/]: Waiting 40 ticks before testing...
[28Sep2026 01:53:05.109] [Render thread/INFO] [net.minecraft.client.Minecraft/]: Waiting 40 ticks before testing...
[28Sep2026 01:53:05.178] [Render thread/INFO] [net.minecraft.client.Minecraft/]: Waiting 40 ticks before testing...
[28Sep2026 01:53:05.233] [Render thread/INFO] [net.minecraft.client.Minecraft/]: Waiting 40 ticks before testing...
[28Sep2026 01:53:05.234] [Render thread/INFO] [net.minecraft.client.Minecraft/]: Waiting 40 ticks before testing...
[28Sep2026 01:53:05.306] [Render thread/INFO] [net.minecraft.client.Minecraft/]: Waiting 40 ticks before testing...
[28Sep2026 01:53:05.351] [Render thread/INFO] [net.minecraft.client.Minecraft/]: Waiting 40 ticks before testing...
[28Sep2026 01:53:05.393] [Render thread/INFO] [net.minecraft.client.Minecraft/]: Waiting 40 ticks before testing...
[28Sep2026 01:53:05.437] [Render thread/INFO] [net.minecraft.client.Minecraft/]: Waiting 40 ticks before testing...
[28Sep2026 01:53:05.518] [Render thread/INFO] [net.minecraft.client.Minecraft/]: Waiting 40 ticks before testing...
[28Sep2026 01:53:05.561] [Render thread/INFO] [net.minecraft.client.Minecraft/]: Waiting 40 ticks before testing...
[28Sep2026 01:53:05.603] [Render thread/INFO] [net.minecraft.client.Minecraft/]: Waiting 40 ticks before testing...
[28Sep2026 01:53:05.647] [Render thread/INFO] [net.minecraft.client.Minecraft/]: Waiting 40 ticks before testing...
[28Sep2026 01:53:05.750] [Render thread/INFO] [net.minecraft.client.Minecraft/]: Waiting 40 ticks before testing...
[28Sep2026 01:53:05.751] [Render thread/INFO] [net.minecraft.client.Minecraft/]: Waiting 40 ticks before testing...
[28Sep2026 01:53:05.805] [Render thread/INFO] [net.minecraft.client.Minecraft/]: Waiting 40 ticks before testing...
[28Sep2026 01:53:05.850] [Render thread/INFO] [net.minecraft.client.Minecraft/]: Waiting 40 ticks before testing...
[28Sep2026 01:53:05.892] [Render thread/INFO] [net.minecraft.client.Minecraft/]: Waiting 40 ticks before testing...
[28Sep2026 01:53:05.933] [Render thread/INFO] [net.minecraft.client.Minecraft/]: Waiting 40 ticks before testing...
[28Sep2026 01:53:06.015] [Render thread/INFO] [net.minecraft.client.Minecraft/]: Waiting 40 ticks before testing...
[28Sep2026 01:53:06.057] [Render thread/INFO] [net.minecraft.client.Minecraft/]: Waiting 40 ticks before testing...
[28Sep2026 01:53:06.098] [Render thread/INFO] [net.minecraft.client.Minecraft/]: Waiting 40 ticks before testing...
[28Sep2026 01:53:06.147] [Render thread/INFO] [net.minecraft.client.Minecraft/]: Waiting 40 ticks before testing...
[28Sep2026 01:53:06.193] [Render thread/INFO] [net.minecraft.client.Minecraft/]: Waiting 40 ticks before testing...
[28Sep2026 01:53:06.238] [Render thread/INFO] [net.minecraft.client.Minecraft/]: Waiting 40 ticks before testing...
[28Sep2026 01:53:06.278] [Render thread/INFO] [net.minecraft.client.Minecraft/]: Waiting 40 ticks before testing...
[28Sep2026 01:53:06.329] [Render thread/INFO] [net.minecraft.client.Minecraft/]: Waiting 40 ticks before testing...
[28Sep2026 01:53:06.411] [Render thread/INFO] [net.minecraft.client.Minecraft/]: Waiting 40 ticks before testing...
[28Sep2026 01:53:06.455] [Render thread/INFO] [net.minecraft.client.Minecraft/]: Waiting 40 ticks before testing...
[28Sep2026 01:53:06.500] [Render thread/INFO] [net.minecraft.client.Minecraft/]: Waiting 40 ticks before testing...
[28Sep2026 01:53:06.541] [Render thread/INFO] [net.minecraft.client.Minecraft/]: Waiting 40 ticks before testing...
[28Sep2026 01:53:06.543] [Render thread/INFO] [Crossblades/]: [self-test] frame sampling (without speed modifier): 15 frames over 13 ticks (~15 fps); 2 ticks had several frames, the arm moved between frames in 2 of them
[28Sep2026 01:53:06.582] [Render thread/INFO] [net.minecraft.client.Minecraft/]: Waiting 40 ticks before testing...
[28Sep2026 01:53:06.664] [Render thread/INFO] [net.minecraft.client.Minecraft/]: Waiting 40 ticks before testing...
[28Sep2026 01:53:06.707] [Render thread/INFO] [net.minecraft.client.Minecraft/]: Waiting 40 ticks before testing...
[28Sep2026 01:53:06.748] [Render thread/INFO] [net.minecraft.client.Minecraft/]: Waiting 40 ticks before testing...
[28Sep2026 01:53:06.790] [Render thread/INFO] [net.minecraft.client.Minecraft/]: Waiting 40 ticks before testing...
[28Sep2026 01:53:06.834] [Render thread/INFO] [net.minecraft.client.Minecraft/]: Waiting 40 ticks before testing...
[28Sep2026 01:53:06.914] [Render thread/INFO] [net.minecraft.client.Minecraft/]: Waiting 40 ticks before testing...
[28Sep2026 01:53:06.961] [Render thread/INFO] [net.minecraft.client.Minecraft/]: Waiting 40 ticks before testing...
[28Sep2026 01:53:07.005] [Render thread/INFO] [net.minecraft.client.Minecraft/]: Waiting 40 ticks before testing...
[28Sep2026 01:53:07.046] [Render thread/INFO] [net.minecraft.client.Minecraft/]: Waiting 40 ticks before testing...
[28Sep2026 01:53:07.097] [Render thread/INFO] [net.minecraft.client.Minecraft/]: Waiting 40 ticks before testing...
[28Sep2026 01:53:07.155] [Render thread/INFO] [net.minecraft.client.Minecraft/]: Waiting 40 ticks before testing...
[28Sep2026 01:53:07.200] [Render thread/INFO] [net.minecraft.client.Minecraft/]: Waiting 40 ticks before testing...
[28Sep2026 01:53:07.249] [Render thread/INFO] [net.minecraft.client.Minecraft/]: Waiting 40 ticks before testing...
[28Sep2026 01:53:07.296] [Render thread/INFO] [net.minecraft.client.Minecraft/]: Waiting 40 ticks before testing...
[28Sep2026 01:53:07.339] [Render thread/INFO] [net.minecraft.client.Minecraft/]: Waiting 40 ticks before testing...
[28Sep2026 01:53:07.378] [Render thread/INFO] [net.minecraft.client.Minecraft/]: Waiting 40 ticks before testing...
[28Sep2026 01:53:07.458] [Render thread/INFO] [net.minecraft.client.Minecraft/]: Waiting 40 ticks before testing...
[28Sep2026 01:53:07.501] [Render thread/INFO] [net.minecraft.client.Minecraft/]: Waiting 40 ticks before testing...
[28Sep2026 01:53:07.550] [Render thread/INFO] [net.minecraft.client.Minecraft/]: Waiting 40 ticks before testing...
[28Sep2026 01:53:07.594] [Render thread/INFO] [net.minecraft.client.Minecraft/]: Waiting 40 ticks before testing...
[28Sep2026 01:53:07.640] [Render thread/INFO] [net.minecraft.client.Minecraft/]: Waiting 40 ticks before testing...
[28Sep2026 01:53:07.714] [Render thread/INFO] [net.minecraft.client.Minecraft/]: Waiting 40 ticks before testing...
[28Sep2026 01:53:07.748] [Render thread/INFO] [net.minecraft.client.Minecraft/]: Waiting 40 ticks before testing...
[28Sep2026 01:53:07.781] [Render thread/INFO] [net.minecraft.client.Minecraft/]: Waiting 40 ticks before testing...
[28Sep2026 01:53:07.848] [Render thread/INFO] [net.minecraft.client.Minecraft/]: Waiting 40 ticks before testing...
[28Sep2026 01:53:07.881] [Render thread/INFO] [net.minecraft.client.Minecraft/]: Waiting 40 ticks before testing...
[28Sep2026 01:53:07.951] [Render thread/INFO] [net.minecraft.client.Minecraft/]: Waiting 40 ticks before testing...
[28Sep2026 01:53:07.987] [Render thread/INFO] [net.minecraft.client.Minecraft/]: Waiting 40 ticks before testing...
[28Sep2026 01:53:08.054] [Render thread/INFO] [net.minecraft.client.Minecraft/]: Waiting 40 ticks before testing...
[28Sep2026 01:53:08.087] [Render thread/INFO] [net.minecraft.client.Minecraft/]: Waiting 40 ticks before testing...
[28Sep2026 01:53:08.154] [Render thread/INFO] [net.minecraft.client.Minecraft/]: Waiting 40 ticks before testing...
[28Sep2026 01:53:08.188] [Render thread/INFO] [net.minecraft.client.Minecraft/]: Waiting 40 ticks before testing...
[28Sep2026 01:53:08.254] [Render thread/INFO] [net.minecraft.client.Minecraft/]: Waiting 40 ticks before testing...
[28Sep2026 01:53:08.287] [Render thread/INFO] [net.minecraft.client.Minecraft/]: Waiting 40 ticks before testing...
[28Sep2026 01:53:08.354] [Render thread/INFO] [net.minecraft.client.Minecraft/]: Waiting 40 ticks before testing...
[28Sep2026 01:53:08.387] [Render thread/INFO] [net.minecraft.client.Minecraft/]: Waiting 40 ticks before testing...
[28Sep2026 01:53:08.455] [Render thread/INFO] [net.minecraft.client.Minecraft/]: Waiting 40 ticks before testing...
[28Sep2026 01:53:08.487] [Render thread/INFO] [net.minecraft.client.Minecraft/]: Waiting 40 ticks before testing...
[28Sep2026 01:53:08.527] [Render thread/INFO] [net.minecraft.client.Minecraft/]: Waiting 40 ticks before testing...
[28Sep2026 01:53:08.594] [Render thread/INFO] [net.minecraft.client.Minecraft/]: Waiting 40 ticks before testing...
[28Sep2026 01:53:08.627] [Render thread/INFO] [net.minecraft.client.Minecraft/]: Waiting 40 ticks before testing...
[28Sep2026 01:53:08.694] [Render thread/INFO] [net.minecraft.client.Minecraft/]: Waiting 40 ticks before testing...
[28Sep2026 01:53:08.727] [Render thread/INFO] [net.minecraft.client.Minecraft/]: Waiting 40 ticks before testing...
[28Sep2026 01:53:08.800] [Render thread/INFO] [net.minecraft.client.Minecraft/]: Waiting 40 ticks before testing...
[28Sep2026 01:53:08.834] [Render thread/INFO] [net.minecraft.client.Minecraft/]: Waiting 40 ticks before testing...
[28Sep2026 01:53:08.900] [Render thread/INFO] [net.minecraft.client.Minecraft/]: Waiting 40 ticks before testing...
[28Sep2026 01:53:08.934] [Render thread/INFO] [net.minecraft.client.Minecraft/]: Waiting 40 ticks before testing...
[28Sep2026 01:53:09.000] [Render thread/INFO] [net.minecraft.client.Minecraft/]: Waiting 40 ticks before testing...
[28Sep2026 01:53:09.034] [Render thread/INFO] [net.minecraft.client.Minecraft/]: Waiting 40 ticks before testing...
[28Sep2026 01:53:09.100] [Render thread/INFO] [net.minecraft.client.Minecraft/]: Waiting 40 ticks before testing...
[28Sep2026 01:53:09.134] [Render thread/INFO] [net.minecraft.client.Minecraft/]: Waiting 40 ticks before testing...
[28Sep2026 01:53:09.200] [Render thread/INFO] [net.minecraft.client.Minecraft/]: Waiting 40 ticks before testing...
[28Sep2026 01:53:09.234] [Render thread/INFO] [net.minecraft.client.Minecraft/]: Waiting 40 ticks before testing...
[28Sep2026 01:53:09.300] [Render thread/INFO] [net.minecraft.client.Minecraft/]: Waiting 40 ticks before testing...
[28Sep2026 01:53:09.334] [Render thread/INFO] [net.minecraft.client.Minecraft/]: Waiting 40 ticks before testing...
[28Sep2026 01:53:09.400] [Render thread/INFO] [net.minecraft.client.Minecraft/]: Waiting 40 ticks before testing...
[28Sep2026 01:53:09.434] [Render thread/INFO] [net.minecraft.client.Minecraft/]: Waiting 40 ticks before testing...
[28Sep2026 01:53:09.500] [Render thread/INFO] [net.minecraft.client.Minecraft/]: Waiting 40 ticks before testing...
[28Sep2026 01:53:09.534] [Render thread/INFO] [net.minecraft.client.Minecraft/]: Waiting 40 ticks before testing...
[28Sep2026 01:53:09.600] [Render thread/INFO] [net.minecraft.client.Minecraft/]: Waiting 40 ticks before testing...
[28Sep2026 01:53:09.634] [Render thread/INFO] [net.minecraft.client.Minecraft/]: Waiting 40 ticks before testing...
[28Sep2026 01:53:09.700] [Render thread/INFO] [net.minecraft.client.Minecraft/]: Waiting 40 ticks before testing...
[28Sep2026 01:53:09.734] [Render thread/INFO] [net.minecraft.client.Minecraft/]: Waiting 40 ticks before testing...
[28Sep2026 01:53:09.800] [Render thread/INFO] [net.minecraft.client.Minecraft/]: Waiting 40 ticks before testing...
[28Sep2026 01:53:09.834] [Render thread/INFO] [net.minecraft.client.Minecraft/]: Waiting 40 ticks before testing...
[28Sep2026 01:53:09.900] [Render thread/INFO] [net.minecraft.client.Minecraft/]: Waiting 40 ticks before testing...
[28Sep2026 01:53:09.934] [Render thread/INFO] [net.minecraft.client.Minecraft/]: Waiting 40 ticks before testing...
[28Sep2026 01:53:10.000] [Render thread/INFO] [net.minecraft.client.Minecraft/]: Waiting 40 ticks before testing...
[28Sep2026 01:53:10.034] [Render thread/INFO] [net.minecraft.client.Minecraft/]: Waiting 40 ticks before testing...
[28Sep2026 01:53:10.100] [Render thread/INFO] [net.minecraft.client.Minecraft/]: Waiting 40 ticks before testing...
[28Sep2026 01:53:10.134] [Render thread/INFO] [net.minecraft.client.Minecraft/]: Waiting 40 ticks before testing...
[28Sep2026 01:53:10.200] [Render thread/INFO] [net.minecraft.client.Minecraft/]: Waiting 40 ticks before testing...
[28Sep2026 01:53:10.233] [Render thread/INFO] [net.minecraft.client.Minecraft/]: Waiting 40 ticks before testing...
[28Sep2026 01:53:10.300] [Render thread/INFO] [net.minecraft.client.Minecraft/]: Waiting 40 ticks before testing...
[28Sep2026 01:53:10.339] [Render thread/INFO] [net.minecraft.client.Minecraft/]: Waiting 40 ticks before testing...
[28Sep2026 01:53:10.405] [Render thread/INFO] [net.minecraft.client.Minecraft/]: Waiting 40 ticks before testing...
[28Sep2026 01:53:10.439] [Render thread/INFO] [net.minecraft.client.Minecraft/]: Waiting 40 ticks before testing...
[28Sep2026 01:53:10.505] [Render thread/INFO] [net.minecraft.client.Minecraft/]: Waiting 40 ticks before testing...
[28Sep2026 01:53:10.539] [Render thread/INFO] [net.minecraft.client.Minecraft/]: Waiting 40 ticks before testing...
[28Sep2026 01:53:10.605] [Render thread/INFO] [net.minecraft.client.Minecraft/]: Waiting 40 ticks before testing...
[28Sep2026 01:53:10.639] [Render thread/INFO] [net.minecraft.client.Minecraft/]: Waiting 40 ticks before testing...
[28Sep2026 01:53:10.705] [Render thread/INFO] [net.minecraft.client.Minecraft/]: Waiting 40 ticks before testing...
[28Sep2026 01:53:10.739] [Render thread/INFO] [net.minecraft.client.Minecraft/]: Waiting 40 ticks before testing...
[28Sep2026 01:53:10.805] [Render thread/INFO] [net.minecraft.client.Minecraft/]: Waiting 40 ticks before testing...
[28Sep2026 01:53:10.839] [Render thread/INFO] [net.minecraft.client.Minecraft/]: Waiting 40 ticks before testing...
[28Sep2026 01:53:10.905] [Render thread/INFO] [net.minecraft.client.Minecraft/]: Waiting 40 ticks before testing...
[28Sep2026 01:53:10.945] [Render thread/INFO] [net.minecraft.client.Minecraft/]: Waiting 40 ticks before testing...
[28Sep2026 01:53:10.978] [Render thread/INFO] [net.minecraft.client.Minecraft/]: Waiting 40 ticks before testing...
[28Sep2026 01:53:11.046] [Render thread/INFO] [net.minecraft.client.Minecraft/]: Waiting 40 ticks before testing...
[28Sep2026 01:53:11.078] [Render thread/INFO] [net.minecraft.client.Minecraft/]: Waiting 40 ticks before testing...
[28Sep2026 01:53:11.145] [Render thread/INFO] [net.minecraft.client.Minecraft/]: Waiting 40 ticks before testing...
[28Sep2026 01:53:11.178] [Render thread/INFO] [net.minecraft.client.Minecraft/]: Waiting 40 ticks before testing...
[28Sep2026 01:53:11.246] [Render thread/INFO] [net.minecraft.client.Minecraft/]: Waiting 40 ticks before testing...
[28Sep2026 01:53:11.278] [Render thread/INFO] [net.minecraft.client.Minecraft/]: Waiting 40 ticks before testing...
[28Sep2026 01:53:11.346] [Render thread/INFO] [net.minecraft.client.Minecraft/]: Waiting 40 ticks before testing...
[28Sep2026 01:53:11.378] [Render thread/INFO] [net.minecraft.client.Minecraft/]: Waiting 40 ticks before testing...
[28Sep2026 01:53:11.445] [Render thread/INFO] [net.minecraft.client.Minecraft/]: Waiting 40 ticks before testing...
[28Sep2026 01:53:11.478] [Render thread/INFO] [net.minecraft.client.Minecraft/]: Waiting 40 ticks before testing...
[28Sep2026 01:53:11.545] [Render thread/INFO] [net.minecraft.client.Minecraft/]: Waiting 40 ticks before testing...
[28Sep2026 01:53:11.578] [Render thread/INFO] [net.minecraft.client.Minecraft/]: Waiting 40 ticks before testing...
[28Sep2026 01:53:11.646] [Render thread/INFO] [net.minecraft.client.Minecraft/]: Waiting 40 ticks before testing...
[28Sep2026 01:53:11.678] [Render thread/INFO] [net.minecraft.client.Minecraft/]: Waiting 40 ticks before testing...
[28Sep2026 01:53:11.745] [Render thread/INFO] [net.minecraft.client.Minecraft/]: Waiting 40 ticks before testing...
[28Sep2026 01:53:11.778] [Render thread/INFO] [net.minecraft.client.Minecraft/]: Waiting 40 ticks before testing...
[28Sep2026 01:53:11.845] [Render thread/INFO] [net.minecraft.client.Minecraft/]: Waiting 40 ticks before testing...
[28Sep2026 01:53:11.878] [Render thread/INFO] [net.minecraft.client.Minecraft/]: Waiting 40 ticks before testing...
[28Sep2026 01:53:11.945] [Render thread/INFO] [net.minecraft.client.Minecraft/]: Waiting 40 ticks before testing...
[28Sep2026 01:53:11.978] [Render thread/INFO] [net.minecraft.client.Minecraft/]: Waiting 40 ticks before testing...
[28Sep2026 01:53:11.985] [Render thread/INFO] [Crossblades/]: [self-test] PASSED (35 checks)
[28Sep2026 01:53:12.045] [Render thread/INFO] [net.minecraft.client.Minecraft/]: Waiting 40 ticks before testing...
[28Sep2026 01:53:12.078] [Render thread/INFO] [net.minecraft.client.Minecraft/]: Waiting 39 ticks before testing...
[28Sep2026 01:53:12.145] [Render thread/INFO] [net.minecraft.client.Minecraft/]: Waiting 38 ticks before testing...
[28Sep2026 01:53:12.178] [Render thread/INFO] [net.minecraft.client.Minecraft/]: Waiting 37 ticks before testing...
[28Sep2026 01:53:12.246] [Render thread/INFO] [net.minecraft.client.Minecraft/]: Waiting 36 ticks before testing...
[28Sep2026 01:53:12.278] [Render thread/INFO] [net.minecraft.client.Minecraft/]: Waiting 35 ticks before testing...
[28Sep2026 01:53:12.345] [Render thread/INFO] [net.minecraft.client.Minecraft/]: Waiting 34 ticks before testing...
[28Sep2026 01:53:12.378] [Render thread/INFO] [net.minecraft.client.Minecraft/]: Waiting 33 ticks before testing...
[28Sep2026 01:53:12.456] [Render thread/INFO] [net.minecraft.client.Minecraft/]: Waiting 32 ticks before testing...
[28Sep2026 01:53:12.488] [Render thread/INFO] [net.minecraft.client.Minecraft/]: Waiting 31 ticks before testing...
[28Sep2026 01:53:12.556] [Render thread/INFO] [net.minecraft.client.Minecraft/]: Waiting 30 ticks before testing...
[28Sep2026 01:53:12.588] [Render thread/INFO] [net.minecraft.client.Minecraft/]: Waiting 29 ticks before testing...
[28Sep2026 01:53:12.655] [Render thread/INFO] [net.minecraft.client.Minecraft/]: Waiting 28 ticks before testing...
[28Sep2026 01:53:12.689] [Render thread/INFO] [net.minecraft.client.Minecraft/]: Waiting 27 ticks before testing...
[28Sep2026 01:53:12.755] [Render thread/INFO] [net.minecraft.client.Minecraft/]: Waiting 26 ticks before testing...
[28Sep2026 01:53:12.788] [Render thread/INFO] [net.minecraft.client.Minecraft/]: Waiting 25 ticks before testing...
[28Sep2026 01:53:12.856] [Render thread/INFO] [net.minecraft.client.Minecraft/]: Waiting 24 ticks before testing...
[28Sep2026 01:53:12.888] [Render thread/INFO] [net.minecraft.client.Minecraft/]: Waiting 23 ticks before testing...
[28Sep2026 01:53:12.955] [Render thread/INFO] [net.minecraft.client.Minecraft/]: Waiting 22 ticks before testing...
[28Sep2026 01:53:12.989] [Render thread/INFO] [net.minecraft.client.Minecraft/]: Waiting 21 ticks before testing...
[28Sep2026 01:53:13.056] [Render thread/INFO] [net.minecraft.client.Minecraft/]: Waiting 20 ticks before testing...
[28Sep2026 01:53:13.088] [Render thread/INFO] [net.minecraft.client.Minecraft/]: Waiting 19 ticks before testing...
[28Sep2026 01:53:13.156] [Render thread/INFO] [net.minecraft.client.Minecraft/]: Waiting 18 ticks before testing...
[28Sep2026 01:53:13.188] [Render thread/INFO] [net.minecraft.client.Minecraft/]: Waiting 17 ticks before testing...
[28Sep2026 01:53:13.255] [Render thread/INFO] [net.minecraft.client.Minecraft/]: Waiting 16 ticks before testing...
[28Sep2026 01:53:13.289] [Render thread/INFO] [net.minecraft.client.Minecraft/]: Waiting 15 ticks before testing...
[28Sep2026 01:53:13.356] [Render thread/INFO] [net.minecraft.client.Minecraft/]: Waiting 14 ticks before testing...
[28Sep2026 01:53:13.388] [Render thread/INFO] [net.minecraft.client.Minecraft/]: Waiting 13 ticks before testing...
[28Sep2026 01:53:13.456] [Render thread/INFO] [net.minecraft.client.Minecraft/]: Waiting 12 ticks before testing...
[28Sep2026 01:53:13.488] [Render thread/INFO] [net.minecraft.client.Minecraft/]: Waiting 11 ticks before testing...
[28Sep2026 01:53:13.555] [Render thread/INFO] [net.minecraft.client.Minecraft/]: Waiting 10 ticks before testing...
[28Sep2026 01:53:13.589] [Render thread/INFO] [net.minecraft.client.Minecraft/]: Waiting 9 ticks before testing...
[28Sep2026 01:53:13.656] [Render thread/INFO] [net.minecraft.client.Minecraft/]: Waiting 8 ticks before testing...
[28Sep2026 01:53:13.688] [Render thread/INFO] [net.minecraft.client.Minecraft/]: Waiting 7 ticks before testing...
[28Sep2026 01:53:13.755] [Render thread/INFO] [net.minecraft.client.Minecraft/]: Waiting 6 ticks before testing...
[28Sep2026 01:53:13.788] [Render thread/INFO] [net.minecraft.client.Minecraft/]: Waiting 5 ticks before testing...
[28Sep2026 01:53:13.855] [Render thread/INFO] [net.minecraft.client.Minecraft/]: Waiting 4 ticks before testing...
[28Sep2026 01:53:13.888] [Render thread/INFO] [net.minecraft.client.Minecraft/]: Waiting 3 ticks before testing...
[28Sep2026 01:53:13.955] [Render thread/INFO] [net.minecraft.client.Minecraft/]: Waiting 2 ticks before testing...
[28Sep2026 01:53:13.988] [Render thread/INFO] [net.minecraft.client.Minecraft/]: Waiting 1 ticks before testing...
[28Sep2026 01:53:14.056] [Render thread/INFO] [net.minecraft.client.Minecraft/]: Running game tests...
[28Sep2026 01:53:14.058] [Server thread/INFO] [me.earth.mc_runtime_test.McGameTestRunner/]: TestFunctions: []
[28Sep2026 01:53:14.059] [Render thread/INFO] [net.minecraft.client.Minecraft/]: No tests found, Successfully finished.
[28Sep2026 01:53:14.079] [Server thread/INFO] [net.minecraft.server.MinecraftServer/]: Stopping server
[28Sep2026 01:53:14.080] [Server thread/INFO] [net.minecraft.server.MinecraftServer/]: Saving players
[28Sep2026 01:53:14.099] [Server thread/INFO] [net.minecraft.server.MinecraftServer/]: Saving worlds
[28Sep2026 01:53:14.423] [Server thread/INFO] [net.minecraft.server.MinecraftServer/]: Saving chunks for level 'ServerLevel[New World]'/minecraft:overworld
[28Sep2026 01:53:15.205] [Server thread/INFO] [net.minecraft.server.MinecraftServer/]: Saving chunks for level 'ServerLevel[New World]'/minecraft:the_nether
[28Sep2026 01:53:15.207] [Server thread/INFO] [net.minecraft.server.MinecraftServer/]: Saving chunks for level 'ServerLevel[New World]'/minecraft:the_end
[28Sep2026 01:53:15.219] [Server thread/INFO] [net.minecraft.server.MinecraftServer/]: ThreadedAnvilChunkStorage (world): All chunks are saved
[28Sep2026 01:53:15.219] [Server thread/INFO] [net.minecraft.server.MinecraftServer/]: ThreadedAnvilChunkStorage (DIM-1): All chunks are saved
[28Sep2026 01:53:15.219] [Server thread/INFO] [net.minecraft.server.MinecraftServer/]: ThreadedAnvilChunkStorage (DIM1): All chunks are saved
[28Sep2026 01:53:15.219] [Server thread/INFO] [net.minecraft.server.MinecraftServer/]: ThreadedAnvilChunkStorage: All dimensions are saved
[28Sep2026 01:53:15.310] [Render thread/INFO] [net.minecraft.client.Minecraft/]: Stopping!
